"","other","myeoligo","mouse_FVN_Swiss","mouse_C57BL6","No_data","5_months","cerebral_cortex","peritoneum","brain","blood"
"1700047M11Rik",1.81484518942027,5.14925895821188,2.34447759930574,1.76821855186943,2.12201642667587,1.80372772916528,2.34447759930574,2.34907646254322,0.114106607011668,2.72530100391866
"2210011C24Rik",1.11335217134121,5.40457411605774,2.3536713856807,0.564475601883722,1.9083185922577,0,2.3536713856807,0,0.862472496888256,0.943849429139653
"2700046A07Rik",0.765140561474817,4.30981570074931,2.02881877203155,0.102506519646985,1.3326936821962,0.0905382643096449,2.02881877203155,0.0724848875292,0.12502900022005,0.116009997615263
"2810468N07Rik",2.98539744923238,9.88375807123323,5.87942263450847,1.3154204898659,4.49345486383424,0.562829714577473,5.87942263450847,0.237336229387159,2.21889160066531,1.70565049164097
"AC110091.1",0.411791279223218,5.74200587911996,1.61590348161909,0.0244699271139241,1.04503034516121,0.00293749786791089,1.61590348161909,0.00391666382388118,0.0212622805957533,0.0523414895801465
"AC122356.1",0.533769525459508,3.51022864119094,1.29080452118662,0.243421293664716,0.963286473623972,0.0967126969400865,1.29080452118662,0.128950262586782,0.074362317490592,0.54984550713236
"AC140244.1",1.36820542268301,7.884325649746,3.76906101529283,0.0819718075322831,2.45810923339165,0,3.76906101529283,0,0.262309784103306,0
"AC142114.1",3.28188469309538,9.66856306815309,7.49852510071109,0.390659133313843,5.05590443377167,0,7.49852510071109,0,0.204969464921896,1.0451397616824
"AC161763.1",1.8590400392284,4.97975561249444,1.54696859425908,2.52219200023482,1.52854709310172,3.5480745343933,1.54696859425908,3.52121112074006,3.242182527359,0.603378528504332
"Aatk",2.92499035001852,7.95857686026006,4.82954542205941,1.88770297576294,4.06476230179221,1.04901411020128,4.82954542205941,1.19592729449122,1.68266907270578,2.92286769634617
"Abca2",4.48844370624899,9.41430457120816,6.6408795391829,3.22079496055171,5.58937673451379,2.69234309476058,6.6408795391829,3.00740538727002,2.87082522708088,3.82683218196058
"Acot7",1.9744362495528,5.48210276306104,3.21280834238758,1.32931898251089,2.72820631443206,0.778485199511868,3.21280834238758,0.916427021933745,0.699346389267921,2.45476192844642
"Acss2",1.73011476058541,4.9795288866435,2.72408904931499,1.2665640237043,2.34963360681322,0.838791464973462,2.72408904931499,1.02713154040146,0.563387146131867,2.25705988124013
"Acy3",2.12992714540408,6.94037750152901,3.17649666301906,1.81548511200658,2.28762249996225,2.89887750940033,3.17649666301906,3.76612892874853,0.332774505954003,0.957423137968818
"Adamts4",1.61304436087726,7.89633285132053,4.01349008664777,0.298065412133478,2.76446744004383,0.0174530157800361,4.01349008664777,0,0.363565408484113,0.590243910343018
"Adamtsl4",1.72488323857078,4.19636334824573,2.03055023203674,1.76635963299744,2.10663098742397,1.29294695664325,2.03055023203674,1.63574321711187,1.06758191648335,2.62187704857422
"Adap1",3.014612211845,5.80378607211228,3.09949173560674,3.28898936108689,3.19418773050433,3.21807300059868,3.09949173560674,3.97251287460729,1.06289598831163,4.69485451763768
"Adi1",4.67725718087412,8.26662158677345,5.49603775835435,4.40949472631633,5.1291233636459,4.33196627972654,5.49603775835435,4.34559081395683,5.36554642214476,3.5301277253193
"Ado",5.90289329594711,9.31789316661396,6.63015121235833,5.69341760292066,6.33382446840263,5.57158253936117,6.63015121235833,5.87365974930242,5.43923505724084,5.73130957294236
"Adssl1",3.41969546726251,6.17608604946552,2.27280519789898,4.76777327573098,3.42957550573391,4.08162300701691,2.27280519789898,4.8879037107017,2.83734599915294,6.55404403034415
"Agpat4",1.96544732756232,5.05641830365323,2.62609619327711,1.77375094207324,2.56482777641797,1.08989383723201,2.62609619327711,1.33121203400928,0.559766411820685,3.51878216200254
"Anln",1.46219708250659,4.79073052744346,2.12490774236895,1.29839193574413,1.70583049171634,1.624338568414,2.12490774236895,2.10358016741128,0.34511348596284,1.28544450752484
"Apbb1",3.29737528482972,8.27729583838914,5.72398464549448,1.79658216344298,4.29116095443445,1.80944483180656,5.72398464549448,2.06934115024679,2.02929635385839,1.23655718886301
"Aplp1",3.74102481343554,12.1669273077495,8.22648423310814,0.869485633011249,5.79333996369446,0.203633773801985,8.22648423310814,0.0287168341783175,2.32519159066214,0.422702233959879
"Apod",1.99189564750546,9.00042210128494,4.5813725304771,0.602169181627705,3.11292753644377,0.661189566369959,4.5813725304771,0.324878114215999,1.03956304743236,0.497524596717098
"Arhgef10",1.24610061297962,5.17653074494126,2.81758525497228,0.362355317731249,2.00527827935277,0.140969563443881,2.81758525497228,0.149588051606001,0.284289056229295,0.6957422985835
"Arsg",1.71487116757866,3.90067319251155,1.78409164318595,1.92752850453889,1.92202641977894,1.69164473026111,1.78409164318595,1.86995481359049,2.24141854130568,1.68272689691019
"Aspa",1.57744103008707,6.09864532011312,2.14539179885536,1.64563464366808,1.51461964060278,2.8805009236754,2.14539179885536,3.74920285579067,0.37534159370919,0.391645839079866
"B3galt5",0.998765626364337,3.93867243165673,1.66301000092866,0.785040149282103,1.54482962084156,0.232066342875081,1.66301000092866,0.0640934504047921,2.09605593843612,0.339160398780861
"B3gnt9",1.5652897899703,6.37021352208692,3.29322001784517,0.653966307094359,2.52411269004215,0.129757747801846,3.29322001784517,0.173010330402462,0.386850998898308,1.49822878732069
"Bace2",0.413006636654777,3.17068628628919,1.07816599757418,0.175702152054597,0.790777054832328,0.0635578990751152,1.07816599757418,0.0403210930756854,0.104207346644149,0.409654228239739
"Bcas1",1.23094470936417,7.26073161378464,3.27340975768783,0.197511155133525,2.20835743785662,0.0505064321150375,3.27340975768783,0.0478604827247749,0.319862374380857,0.254740742776692
"Capn5",1.94431669703056,5.18851643926077,2.9673919191406,1.45465084546306,2.19159044653466,2.07536382145186,2.9673919191406,2.7627899498038,0.164274593136495,1.17526017258074
"Car14",2.25946757907668,6.60005727876981,3.37349704224893,1.8272655112626,2.6031495303268,2.39948963806212,3.37349704224893,2.57201238572585,1.24833802746155,1.51249674570775
"Car2",3.32198494097526,8.72946307909228,6.20313680921094,1.47691182353367,4.79511728885669,0.622740518830595,6.20313680921094,0.179415341572267,2.18869932112045,2.32212010430058
"Carns1",1.77424407099889,6.15935738883495,2.59214212950507,1.60672243453549,2.73853939998361,0.21871024574992,2.59214212950507,0.236002941074223,1.1818269158919,3.67648134533261
"Cdc42ep2",3.79772231162508,7.09722579508925,4.04070305904409,3.99755209306647,3.97146837935185,4.1447964962425,4.04070305904409,5.22909670196854,0.847766134792093,5.66948452065835
"Cdk18",0.944086561004689,5.33909297216255,2.10644617187158,0.476397702890888,1.55699546357725,0.357338681719601,2.10644617187158,0.430745138925049,0.703749428543311,0.303829053997472
"Cdr2",2.05300290548071,5.43315294166586,3.29497047560934,1.3888000361413,2.58227369639756,1.44254573950566,3.29497047560934,1.82609173800671,0.790355375082411,1.46249465496171
"Cers2",5.44794689076447,10.2603833228711,7.65060314095536,4.12217722586078,7.72718506905836,0.383151008482946,7.65060314095536,0.349841393525435,4.95077707281436,7.82038037770962
"Cldn11",1.53480345638593,11.9648157219003,4.44408152531893,0.292936679258841,2.91247957406155,0.353697199156528,4.44408152531893,0.0666036945962495,0.560729600389693,0.296743339723098
"Cmtm5",2.8956789045409,10.7001267251574,6.4965056378324,0.720511490487898,4.60932477041622,0.134264728537884,6.4965056378324,0,1.5745984428404,0.731038326720874
"Cnp",5.90129415816899,13.0532119033158,7.57442120337515,5.33129771175695,6.90906731417863,4.91789741542919,7.57442120337515,5.28175712639052,4.88276773818487,5.83927638776875
"Cntn2",1.20287647445924,7.70862834040175,3.30714422234479,0.174861178302197,2.20638079200315,0.0696775676991272,3.30714422234479,0.0517623704601093,0.222117570421021,0.275323355593878
"Cpm",0.950880670611092,4.12598903225294,1.832675534981,0.576198709492651,1.54808354663904,0.102349851944701,1.832675534981,0.127987521285686,0.379513908974388,1.31073693585927
"Cpox",3.96189901177452,7.65033605519698,4.695416128454,3.78112616510779,4.63278591125433,3.03906929906068,4.695416128454,3.03181139031512,4.26599299486107,4.19543706510571
"Cryab",3.04960103140326,10.4753251784447,6.14162273921337,1.27229755544961,4.56762215166794,0.731473987435761,6.14162273921337,0.38554817248949,2.10538973297592,1.50330463747544
"Csrp1",3.7100524201275,7.97552004079876,5.57570168580428,2.61079276524421,4.58389759999101,2.37334508067064,5.57570168580428,2.72056168530606,1.89080380510605,3.19905902130816
"Ctsk",1.45681668868365,5.16863012077826,2.93171586966191,0.630256584339504,2.31175263768461,0.0336961869546625,2.93171586966191,0,0.565854623128308,1.45096644675811
"Cyp27a1",2.61816986184457,4.20349620446831,2.15092704852834,3.22517311632423,3.50074734614997,0.587413365660644,2.15092704852834,0.491811755414008,3.34321760530315,6.38716226043758
"Cyp2j12",0.239632131108807,3.24140721200049,0.718811992371634,0.195571637615294,0.575742098003842,0.0657734923703805,0.718811992371634,0.0876979898271741,0.0484457663111129,0.472145886265218
"Dbndd2",2.00417406040313,6.66100520627237,4.21301569337219,0.653541524788866,2.9941669463216,0.445901410594656,4.21301569337219,0.511166051479447,0.758844939348979,0.719088678200055
"Ddn",2.0983170233857,6.92829177386071,4.72835341390887,0.4007820254873,3.28948167309041,0.0301079243164929,4.72835341390887,0,1.12512831333195,0.157374168227412
"Ddr1",2.43791060947765,7.99513992031754,4.97638323003486,0.911400730345068,3.67576416667629,0.423120654891346,4.97638323003486,0.258120041082951,0.597039011557091,2.00969927624759
"Dhcr24",2.52650259918477,7.72347430881582,5.1241163318412,0.903212046814275,3.89062500780545,0.0744089028856681,5.1241163318412,0.0992118705142241,0.064474971586565,2.70674933360205
"Diras1",1.74167402306072,6.97365812492526,4.19101643726709,0.252497423363203,2.85064494979775,0,4.19101643726709,0,0.522254288512756,0.285737466249493
"Dlk2",1.37237371023705,5.66968518042368,3.40788015585354,0.128469504095941,2.26208337488567,0,3.40788015585354,0,0.205959063963325,0.205143349143686
"Dnajb2",4.40041859089453,8.59673950293811,6.21124642928902,3.34048434630479,5.49113106436159,2.45003951687101,6.21124642928902,2.28661937713047,4.30000752782992,3.64559912778886
"Dusp15",1.6875079209359,7.07004221042154,4.35820449382473,0.0234652058438772,2.79046846395674,0,4.35820449382473,0,0.0454784013949932,0.029610257305414
"Efhd1",0.893301899505224,5.02096507784737,2.18832131633153,0.276117807074976,1.51593937659575,0.212964632091802,2.18832131633153,0.178532676867257,0.306114250844874,0.36322351955434
"Efnb3",2.56761885298267,10.175075706037,6.24392462292883,0.301783410911571,4.15757340524739,0.0971080475182696,6.24392462292883,0,0.346105110756979,0.619601804160048
"Elavl3",1.64737758694407,6.31876078292748,4.11012847030547,0.0763934635007711,2.6573267318032,0.0378632375773062,4.11012847030547,0.0330008602263563,0.10074732918383,0.10411072174701
"Elovl1",6.83237533917549,9.58686345219465,7.02563633828916,7.00758297907842,7.31943892084641,6.18157251783525,7.02563633828916,6.43474457417364,6.91008966397064,7.79248238007195
"Elovl7",1.03459239312764,4.23542849890573,1.95233316716597,0.63167372906636,1.60367486690353,0.269824616688474,1.95233316716597,0.284948795396781,0.25317866107923,1.42623871745699
"Eml1",0.740240057086925,3.78875634170495,1.78321107125963,0.208704955263063,1.24251351936283,0.121117106982698,1.78321107125963,0.13172373560164,0.116397529433546,0.393389844686288
"Endod1",3.62253442412446,6.92965493614136,4.5446972604561,3.22903200633638,4.46922353803438,2.1209194888764,4.5446972604561,1.77227750464264,4.5982685993208,3.60790081538446
"Enpp2",1.92159124776871,7.56746368983294,4.08125584231297,0.737618782800519,2.99523142725842,0.380548864688064,4.08125584231297,0.0699799168694106,1.71478691845013,0.56161728626824
"Enpp6",0.588636508360975,4.33274724665347,1.65827578106987,0.120715987027255,1.13511860213246,0.0218384350625078,1.65827578106987,0.0291179134166771,0.051243057025243,0.300106605361961
"Erbb3",1.55369961687906,6.27873524641721,2.71072627095533,1.13193074825459,2.27174178062434,0.760342573964078,2.71072627095533,0.968289666310483,0.196963643751711,2.26326715109041
"Ermn",0.860439160129515,8.93766585606653,2.7120838372572,0.249903404634916,1.86704769556774,0.111572361658663,2.7120838372572,0.0707155179153502,0.435283387178737,0.279548886154575
"Fa2h",0.84451378975678,7.69456989442756,2.61160294436427,0.15456779255907,1.75386835483801,0.0563027619510944,2.61160294436427,0.0291926978327348,0.0948632416441152,0.364722457145628
"Fah",1.77077728868922,6.3337102386803,3.61436437126031,0.728005210188397,2.53220499538707,0.817584332767891,3.61436437126031,0.985409374429119,0.466518223224453,0.680607200063474
"Fam131b",1.81729491342343,7.00278002106901,4.36714564348416,0.234361163075983,2.93197620259386,0.0482926451161518,4.36714564348416,0.0390252052835623,0.408793612605495,0.294331862897377
"Fcho1",2.38955971957361,6.28050147759786,4.00070500079058,1.4661753182618,3.48647075947031,0.34578979936377,4.00070500079058,0.438477726561573,0.421002172662251,3.74458557390161
"Fcor",3.99274004826122,5.54920829466524,3.12871331888267,4.94332196726795,3.27143767363274,6.36543864009053,3.12871331888267,8.00753008834828,0.846319338963007,5.36327485027651
"Fez1",1.99019680539647,7.61321572047523,4.75462577751161,0.274198819180568,3.18998146857056,0.0965437104374056,4.75462577751161,0.0804594172528287,0.470875681729412,0.31000923894501
"Fgd3",2.31294050013049,4.68523934694277,2.51942236546291,2.42880622381616,3.06269943749823,0.844178134072269,2.51942236546291,0.920209486374292,2.56835625421152,4.09957227835104
"Fkbp1a",6.2125454436542,8.93368385986219,6.90271325226753,5.94879091314353,6.57068292018002,5.90795198726018,6.90271325226753,6.33474191853553,5.37470111655668,6.05973950325999
"Frmd8",3.6303091693637,7.26828853289444,5.16618390926402,2.74116619239226,5.27113263442209,0.0275394813358115,5.16618390926402,0.0179476289244447,3.35308110507995,5.39711355586595
"Fth1",11.8435138374562,14.2992217527202,12.001527967238,12.0122149633051,12.3309852726107,11.1168943695974,12.001527967238,11.1759772540599,12.3233120817164,12.7046030959882
"Gal3st1",1.70758132336476,8.0677678613389,3.61855942568385,0.830498801082316,2.64885640961332,0.709121470674758,3.61855942568385,0.862214305526428,0.663373206287202,0.959565790544496
"Galnt6",1.28867621296893,4.73027083741855,1.75816190530535,1.30807556023076,2.01617326359845,0.148457979850149,1.75816190530535,0.108878673228696,1.31746881628626,2.73771856857773
"Gamt",5.2505176357604,9.85164296611437,5.90133166653619,5.25619602512582,5.55674332909043,5.55867831169129,5.90133166653619,5.93226408388049,4.76414592395919,4.93696445578684
"Gjb1",0.897194938008464,8.26140214375398,2.70427260607286,0.236527879170309,1.83680012659964,0.154332470819112,2.70427260607286,0,0.308115828173044,0.448773385171945
"Gjc2",1.03854854158781,9.0655008624115,3.25755983630175,0.100282698816068,2.10597517063289,0.109863391919763,3.25755983630175,0,0.320904636211417,0
"Gjc3",1.52134880254757,7.89718176152146,3.68496968258201,0.425159652389164,2.58076944746857,0.201900268758282,3.68496968258201,0.0705945148295293,0.751313203909682,0.524484265940208
"Gltp",5.11086728912295,8.30353975026363,5.2975879764191,5.3465707453814,5.70415173126098,4.27750318852851,5.2975879764191,4.43679836297999,5.01250973007428,6.77235861957021
"Gm10687",1.23785740325624,5.51269674590846,2.1606036838213,0.964809325593327,1.98498731547538,0.251959980316636,2.1606036838213,0.19232164698863,0.702739088222017,2.15386477729027
"Gm11954",0.745526668241687,3.87655331391337,1.37283792109992,0.588007652699692,1.30126606084518,0,1.37283792109992,0,0,1.88162448863901
"Gm12326",0.613640613821412,4.76685398712043,1.56057553272739,0.30422423144106,1.12041681655282,0.258309399634797,1.56057553272739,0,0.762073325468371,0.211444215143022
"Gm15912",2.74734125146043,7.27680002594479,3.6243375505315,2.54615183658379,3.28561375656229,2.3994565560514,3.6243375505315,1.98933298450922,4.12155581751921,1.63893047813785
"Gm19439",0.266786227193363,2.86029230420975,0.741112555102701,0.175938949899741,0.519426432669119,0.220402181389131,0.741112555102701,0.293869575185508,0.21036114945656,0
"Gm21168",0.354005557648486,4.37707106803481,1.25906891487354,0.0649583088748575,0.848468079555784,0,1.25906891487354,0,0,0.207866588399544
"Gm24166",1.44063655832741,5.83317870216215,3.58507488994046,0.113320786145328,2.36382641079508,0,3.58507488994046,0,0.362626515665048,0
"Gm2719",2.15353945084478,7.49629177758117,5.37797772705829,0,3.42234946267346,0,5.37797772705829,0,0,0
"Gm33594",0.286846100996614,4.17217037847596,1.07525609595038,0.082652890096991,0.74436507203896,0,1.07525609595038,0,0,0.264489248310371
"Gm3571",3.95405866322608,11.2714851796719,9.04052333113585,0.418080393360768,6.05711876953065,0,9.04052333113585,0,0.0801480111454108,1.25770924760905
"Gm36961",0.852363641727162,4.49970170212502,1.79233845465754,0.485802937962811,1.49389024420957,0,1.79233845465754,0,1.55456940148099,0
"Gm37459",0.550874693744427,3.62191296564229,1.57625537212452,0.0375463841490751,1.02316071862825,0.0198476932883879,1.57625537212452,0,0.113214064849765,0.0069343644272749
"Gm42528",1.23504611182606,5.21015678971157,2.91014024730824,0.26622757801484,1.98133264549033,0.176535813720701,2.91014024730824,0.138032201526504,0.116818660121316,0.569470947694368
"Gm43848",4.18858226883935,5.79531288626514,3.77706012677367,4.74950547032505,4.36959394133438,4.09248282383447,3.77706012677367,4.49482357126933,3.86704442096446,5.93758479855251
"Gm4768",3.15919607022952,10.290351235637,7.78844231697861,0,4.95628147444093,0,7.78844231697861,0,0,0
"Gm4974",0.354428482192164,3.18218060766474,0.947900323298594,0.18860963690811,0.740379941668639,0,0.947900323298594,0,0,0.603550838105952
"Gm5067",0.580490854685689,5.48476690639701,1.94451983885667,0,1.23742171563606,0,1.94451983885667,0,0,0
"Gm5637",3.38149546588769,9.53838908169332,7.43963087612761,0.600238683903456,5.17084778219281,0,7.43963087612761,0,0.076434503766341,1.84432928472472
"Gm5873",3.14426512047079,9.58004967930064,7.36993377269845,0.251278119625324,4.87270557871743,0,7.36993377269845,0,0,0.804089982801036
"Gm6829",3.87912515071479,11.3435626171106,9.07628050594711,0.264668898185989,5.96830133882888,0,9.07628050594711,0,0,0.846940474195166
"Gm6977",3.70045761847385,11.0569976717706,8.68422985516147,0.259224418034279,5.71485493912768,0,8.68422985516147,0,0.145622770876659,0.683895366833034
"Gm7049",1.66630933124492,6.3694346651412,4.24253790036715,0,2.69979684568818,0,4.24253790036715,0,0,0
"Gm7329",1.89324110511955,7.3074652900628,4.83040582310521,0,3.07389461470332,0,4.83040582310521,0,0,0
"Gm8508",3.0069742970212,9.53995399186149,7.37679916430833,0,4.69432674092348,0,7.37679916430833,0,0,0
"Gm9791",3.52560764301474,10.2605497073484,7.94563594394034,0.499950637746556,5.41991424632316,0,7.94563594394034,0,0.162996247313843,1.43684579347514
"Gng11",4.33037442898127,7.76079865226817,4.45057471026353,4.65400221077016,4.7988573841942,3.89965235796745,4.45057471026353,3.96964356638208,2.31455510462056,7.81467969018545
"Gng13",0.568186598224223,3.88762804081191,1.44892758957838,0.212468411112797,1.076567310541,0,1.44892758957838,0,0.679898915560949,0
"Gng8",0.829160743934857,5.82999737434599,2.34664154321968,0.126469623362027,1.56015389326928,0.0691387408679745,2.34664154321968,0,0.159823201899368,0.244879592859117
"Golga7",5.38090482639985,7.90053525425163,5.73852600513424,5.38294009848874,5.90330087918616,4.57422328820045,5.73852600513424,4.85440356675037,5.2836688024839,6.11645523257962
"Gpd1",1.88429852820357,5.97675802897847,3.48917239054548,0.991591336251258,2.74314946567912,0.54557332533952,3.48917239054548,0.0395376287646832,2.84197258070158,0.28367454078483
"Gpr15",1.49045037729926,5.66803014592368,2.05615494134545,1.5176563548369,2.41221231164666,0,2.05615494134545,0,0.555540672917877,4.30095966256019
"Gpr37",1.10153633404414,8.04314936263041,3.14209986624509,0.183744871941594,2.08942133704203,0.120255832946531,3.14209986624509,0.0376024033693835,0.30157579456054,0.241284911609301
"Gpr62",1.64458233841238,9.14402656834827,4.09185292065286,0.440651107693945,2.84967143459558,0.205448381392569,4.09185292065286,0.124342166289489,0.63236230825289,0.628510636820347
"Gprc5b",2.66640001631507,7.24554824602455,4.84871786674239,1.32926542590485,3.1755084663773,2.4111388360713,4.84871786674239,3.13947035529131,0.235951461399802,0.250333475146144
"Gsn",2.95112067121465,9.89147544376102,4.15527980206403,2.76502577828972,4.16404047619972,1.35067990064228,4.15527980206403,0.996690931706764,1.74400281499284,5.90805055748617
"Gstm7",2.46070832128347,7.37526898584987,4.99222188999027,0.859954031735821,3.52696088557865,0.757153935613318,4.99222188999027,0.690325242455311,1.15081826914478,0.772644341463476
"Hapln2",0.647725219986986,7.66464365442433,2.144592896493,0.215080807348894,1.48005376067612,0.113051341701202,2.144592896493,0.0496758537830175,0.216196764407942,0.412450794568898
"Hcn2",1.79162123158067,6.92950888483345,4.37400255234593,0.174273532567657,2.87646208824955,0.0927807890544226,4.37400255234593,0.0605316411600273,0.297197623963622,0.187839710860848
"Hist1h1e",3.14330962106851,5.28667090706396,3.16712739516027,3.39038922948765,4.03926043319045,1.21528520923202,3.16712739516027,0.574324741641048,4.27485016050938,5.88520568388185
"Hist1h2al",2.04935814676507,7.15217101373483,4.8977557423198,0.194861859025909,3.25847136985871,0,4.8977557423198,0,0,0.623557948882908
"Hist1h2bc",5.07831197188716,6.49567508056848,4.44618673122247,5.80859194605394,5.11630014846751,5.32818526346155,4.44618673122247,5.32622844152513,5.70480268927212,6.49121740827032
"Hist1h3d",2.35520225180451,4.87745688354364,2.32328453509172,2.69841208289559,3.2816028090272,0.438164377376903,2.32328453509172,0.377162221872473,2.69795391160791,5.48437008741102
"Hist1h4c",1.91609254866443,3.74874194994836,1.28850644007806,2.694311568838,2.69670357031707,0.227574589440644,1.28850644007806,0,3.88748230555778,4.73431471472383
"Hist1h4h",3.55251190898453,6.99196688142733,3.73046001206857,3.82673919034135,3.94254422049047,3.33978679545391,3.73046001206857,2.98378914495807,4.861424979246,3.80359345589664
"Hist1h4i",4.8673222465075,6.99163892145116,4.40107194483844,5.54083084483589,4.86211047651119,5.41273378273327,4.40107194483844,5.97321687927451,4.61243802315616,5.95036042518927
"Hist3h2ba",3.72131776169011,9.1394062941128,6.36180495762059,2.08815253180378,4.67586070059106,2.45084681281818,6.36180495762059,2.31278239521676,3.26714320045565,0.63960602705633
"Igsf8",3.68351333005557,6.35397020844952,4.35242311730261,3.43202437601365,3.86308318611195,3.85731044549902,4.35242311730261,4.3435386708316,3.00300872788748,2.7672228703583
"Il23a",1.65944262574609,6.46664684269101,2.44775019964179,1.57057402570547,1.77496137925839,2.5435671078235,2.44775019964179,2.64291722793217,1.48233344644215,0.372002762296758
"Inf2",2.31760002481856,6.73216712497609,4.22376903526375,1.20152302819872,3.3506127904539,0.580456694360758,4.22376903526375,0.702491247655488,0.310629635203799,2.69125455784551
"Insc",0.254426995316758,2.97700284701429,0.788390442526801,0.127530960470162,0.575216927108987,0.0528986458125128,0.788390442526801,0.0629626260863547,0.0496761579433664,0.282867764257528
"Insm1",1.026425759455,4.93945439024751,2.67485584246656,0.0731780156689444,1.7554013656925,0,2.67485584246656,0,0.0571313857400062,0.177038264400616
"Itgb4",0.654008370485009,5.78467278360207,1.5713853701254,0.492636547439296,1.2634807584411,0.260625406885015,1.5713853701254,0.288794060983482,0.351451326385222,0.878432752240345
"Josd2",5.90174997071121,9.55659470786227,6.40743495030575,5.91613120570987,6.0656807315013,6.36465156282622,6.40743495030575,6.649243634582,5.64754671020742,5.30498078656576
"Kcna1",1.15648012224158,7.17549915686085,3.18039728119276,0.1379299874867,2.12420189711299,0,3.18039728119276,0,0.28624649089398,0.15512946906346
"Kif19a",1.40992894649239,4.57732553579302,2.49453954362219,0.8568192476664,1.86052052123182,0.962651263284128,2.49453954362219,1.15719841679879,0.606129704128275,0.747053788245661
"Kif1a",2.23861336410577,7.24351920456271,5.08605556988203,0.372714664108651,3.49107828433331,0.0455612935942449,5.08605556988203,0.0296256683969618,0.961575802615564,0.195560320455766
"Kif5a",2.70357007078004,8.63454829151619,5.21925917888646,1.24371437877895,4.18818162005207,0.103632865465991,5.21925917888646,0.110780463558985,3.28678733808074,0.560162117741108
"Klhl2",2.2226865440553,5.05421635279871,2.96214981053372,1.9295974119796,2.9275444053568,0.992209877662026,2.96214981053372,1.22055620628505,1.06497332295525,3.64507094783742
"Klk6",0.260592366396471,5.50645346393805,1.29892891299571,0.00778052531483837,0.83224969031715,0,1.29892891299571,0,0.0248976810074828,0
"Kndc1",1.05715648791435,6.92497987900289,2.98123865628189,0.107062514478819,1.95842914542936,0.0456125275201966,2.98123865628189,0.0254553962816219,0.110979734049985,0.201073836744288
"Larp6",0.804700258520789,4.82045695213586,2.1904615472663,0.0941287175703526,1.44564407167609,0.0460439457474688,2.1904615472663,0.046004325990043,0.086949437231607,0.15905726780547
"Ldlrap1",3.18267911825466,5.41732349741363,3.21068727672263,3.43750252699006,3.6010984508686,2.59068704835608,3.21068727672263,2.93634465619353,2.8878096346357,4.58858486430024
"Lgi3",1.98613169733358,10.2887500051691,5.12162698942541,0.280400605232674,3.31823904449162,0.398491069607849,5.12162698942541,0.247205279565441,0.558807664497142,0.0418279367688846
"Lpar1",0.783660612580415,5.28349265021073,1.7660804416691,0.486522266831608,1.27252522355106,0.564240941818709,1.7660804416691,0.715844449705224,0.189179061443066,0.50867885277181
"Lrrn1",1.46969347601908,5.878203547843,3.52448776330611,0.222812233620928,2.36860620368586,0.0998109928914424,3.52448776330611,0.121043588730733,0.109021733713034,0.458725107397057
"Ly6g6f",0.772824689697992,2.87842321581262,0.797973140679445,1.01401961085355,1.24526989741677,0,0.797973140679445,0,0.253151046812103,2.99171170791925
"Mag",2.54898656196826,11.9804940173105,4.81117926573124,1.74850637809343,3.87540368347503,1.25921634166019,4.81117926573124,0.860754776089578,3.82620519901666,0.736109479574806
"Mal",1.54191988066538,11.5822604286443,4.30731084467075,0.377245355658042,2.9030996260051,0.308760717975891,4.30731084467075,0.0296223707036676,0.830564991313469,0.341073301947865
"Map1a",2.48737000889049,8.60072951947117,5.87179852273041,0.290164998103148,3.91548050516316,0.0884060217858277,5.87179852273041,0.087814383586217,0.53312455850934,0.290026175117275
"Map6d1",1.82845306395486,8.63831406298005,4.32042896782005,0.499206772950959,3.02064834702659,0.252381285263884,4.32042896782005,0.251536828319973,0.719751530495195,0.575865948963907
"Mapk8ip1",2.54113336451178,8.78280522655328,5.886238255137,0.394375567969904,4.00047715753316,0.0883558992133563,5.886238255137,0.0817580900680567,0.53699280696285,0.626899302459174
"Mbp",3.60262207752021,14.2302562416479,5.76281936676473,3.0409037199472,5.49158059860443,1.0648946855705,5.76281936676473,1.21646682300434,2.49405217836324,5.7770795378626
"Mcam",2.72589000239575,8.05232309186173,5.84117254136043,0.665821916984901,4.02551208930912,0.483537535750491,5.84117254136043,0.283526447660734,0.938501328701972,0.851897068456832
"Micall1",1.74403900172369,6.01422322404679,3.32420796357583,0.895164187893453,2.76035159679014,0.0167254208717154,3.32420796357583,0.0223005611622872,0.907870703086516,1.92989402477779
"Mir219a-2",0.96775180632542,5.82388080457258,2.76748658473264,0,1.76112782664804,0,2.76748658473264,0,0,0
"Mobp",1.29295653189944,11.1701600206388,3.72127164226576,0.402831246421339,2.63361487147082,0.0754469702629941,3.72127164226576,0.0646916660726105,0.874843459758442,0.33658652950271
"Mog",1.44969448306165,11.225338445321,3.94036729168043,0.492311270802637,2.72791748959311,0.378492205664977,3.94036729168043,0.192984040284614,0.662284489170645,0.681530729056257
"Myrf",1.24168547157557,7.99796586883705,3.34141779501965,0.248954738219696,2.2049535846687,0.281768259884838,3.34141779501965,0.322268802098624,0.149932268713226,0.260000331071452
"Nacad",2.30218981414876,7.25437510163808,4.4868837242803,1.00960580371983,3.33848303449245,0.69042978007595,4.4868837242803,0.846721051437758,0.442564315397093,1.77210899478106
"Ndrg1",1.3014475825717,6.08312724792942,2.16558283009122,1.14303919916184,1.98058329727466,0.629244283477989,2.16558283009122,0.543178258178346,0.622890522028657,2.38302100547522
"Nfasc",1.61198168386128,6.9545291559592,4.0519896707169,0.144793129374859,2.66649320255866,0.0477118754679869,4.0519896707169,0.041574992050591,0.0765360721492653,0.336911951389574
"Nipal4",0.895732063997676,5.85786743210768,1.81686801307553,0.710005029568301,1.39856915919784,0.753463894224716,1.81686801307553,1.00461852563295,0.236731102502212,0.829742761356806
"Nkain1",1.04930673387225,5.67228108882705,2.72916740451313,0.157300441430834,1.84409586384878,0.0193802151755181,2.72916740451313,0.0258402869006909,0.0305797715112762,0.441773296786563
"Nkx6-2",1.07089801945032,9.00651868066312,2.71293140173631,0.626071392601677,2.11900225663995,0.172516532482046,2.71293140173631,0,0.601660826857267,1.4017676294681
"Nmral1",3.70436021509347,6.45646421720206,4.12184455900261,3.68307441443655,3.96241618783205,3.68273229058953,4.12184455900261,3.86093220844714,3.83340691233253,3.31931256372785
"Nol3",1.04448915929736,6.61158817149106,2.98359916057209,0.0436552847061821,1.93040330924128,0,2.98359916057209,0,0.139696911059783,0
"Npb",1.20399727739104,6.14776562713547,3.28624678723,0,2.09124795551,0,3.28624678723,0,0,0
"Nrbp2",2.09786618763993,7.18092868243818,5.01674792906676,0.179227475741242,3.32282320994521,0,5.01674792906676,0,0.249613830091857,0.323914092280117
"Nrsn1",1.69107947039043,5.21607926697263,3.17247744580683,0.83548121647386,2.57558540333951,0.139938103926018,3.17247744580683,0.0853340840545255,2.36385969760397,0.207279294246948
"Nrtn",0.509096643858606,3.43411008896846,1.33871156376513,0.148810269579129,0.895016942810744,0.179069183017687,1.33871156376513,0.23875891069025,0.0339402987187616,0.155741871106153
"Olig1",4.24600351630119,12.2717973688937,9.27505380741251,0.848808743152844,6.3465826126652,0.475859464448283,9.27505380741251,0,2.47349131437139,0.24269666371771
"Olig2",2.85670707230828,8.99563291575836,6.83913714270774,0.139446491140005,4.42505059819278,0.0784938369884086,6.83913714270774,0,0.353081999374026,0.0931467722739908
"Opalin",0.613362706787608,7.8684085967372,2.18688323064738,0.143412984654009,1.42137377614497,0.205093738542246,2.18688323064738,0.0981491866772067,0.240408414661935,0.100734112218246
"Pacs2",3.509638062854,7.71498421287275,4.9116879788996,2.80851265506645,4.64596255934714,1.43608223500257,4.9116879788996,1.63026275122253,2.51374763434162,4.51717756040397
"Padi2",1.64875688508784,3.53143720436506,1.37156103051094,2.12663829775228,2.40707664971703,0.0340476121768713,1.37156103051094,0.0261247282293729,2.57791368129653,4.19597919763551
"Pcbp4",2.7956239709984,8.38089612187479,6.33161326257065,0.39979235973222,4.31996651962294,0,6.33161326257065,0,0.755516871151045,0.523818679992061
"Pdlim2",3.93184410406021,8.12737313472315,3.69914536822938,4.65989662674506,4.00355744243554,4.7835146811938,3.69914536822938,5.44458312930817,3.41761648232844,4.96055296808593
"Phlda3",3.45626356119066,9.07512356412122,5.29531782862162,2.54944857755489,4.27233365901929,2.61678579289458,5.29531782862162,3.17950983215225,1.15509056730903,3.18773308228391
"Phldb1",2.53218969430159,7.87568995473315,5.61671727501315,0.501165593732922,3.79030430674353,0.408249575194156,5.61671727501315,0.404361042213557,0.626790337645756,0.491706311643325
"Pigz",1.57063742832141,4.34918208640308,2.14724377205853,1.41342495981164,1.96401698987613,1.18347979856638,2.14724377205853,1.43332159535195,1.61987408668931,1.18309987028561
"Pla2g16",2.68980096939956,5.43887967459787,2.5658225641897,3.14191691210798,2.38883682329974,4.20472204747364,2.5658225641897,4.77401768534017,2.32191118654821,2.00340170978912
"Plekhb1",2.86033593098468,10.9590327189298,5.67926930403817,1.40610632805602,4.58304745390863,0.147553439930111,5.67926930403817,0,1.97558111825966,2.52395913151961
"Plekhg3",2.0626889031207,4.47868620033246,2.03526140772526,2.38868762374318,2.33820014329812,1.90903231693574,2.03526140772526,2.49504733029273,0.131721740345914,4.51802185928098
"Plekhh1",0.947960839313205,5.58629537828284,2.40863045735944,0.249666740893948,1.70031615996007,0.0385673422767361,2.40863045735944,0.0514231230356482,0.309459517888666,0.42776630532919
"Plin3",3.84458491355545,6.11311859036207,3.90674759998869,4.0737592725272,4.33519067254152,3.06255249554543,3.90674759998869,3.48331222119052,3.25360114711982,5.60245385953858
"Pllp",1.28793178255767,5.6797018640086,3.01893553106141,0.322274762798274,1.99874636281338,0.431134207217209,3.01893553106141,0,0.770183210559694,0.261096030394782
"Plp1",3.20597958778567,13.9404117321435,6.34595521817013,1.800304929244,5.13045216780632,0.597288028818346,6.34595521817013,0.0571729785769563,2.41387749547164,3.2784907038168
"Plpp2",3.20289681672515,6.67837561233739,3.15294917709043,3.68103585085706,3.45874056981023,3.36819619464425,3.15294917709043,3.47058328239208,3.25155928259095,4.36305550128115
"Plxnb3",2.43383946614094,8.17223004150265,4.31367684356346,1.50628058281645,3.73193624575202,0.29867096605089,4.31367684356346,0.215456620773663,2.82526170610323,1.73628821398101
"Pou3f1",1.89747477617702,6.27954233185812,4.0129970031677,0.594151272020305,2.87562437675909,0.303080263496592,4.0129970031677,0.315893620512793,1.39464979067218,0.127561935177448
"Ppfia3",1.56550808326624,5.73782300659321,3.64976140432024,0.263325792759873,2.48789066113157,0.0720347249683461,3.64976140432024,0.0428544800861608,0.483062696274329,0.308154464453872
"Ppp1r14a",1.05667190377887,8.76346725612566,2.83566676787995,0.463400816733781,1.93122564387359,0.57834795660511,2.83566676787995,0.162823981157728,0.831484107349292,0.456009728809532
"Ppp1r16b",1.45476231128345,5.87085514407958,3.23502920608414,0.449040382432358,2.34071233012043,0.122422967680785,3.23502920608414,0.137806523763256,0.310538776584368,0.961022618683272
"Ppp2r2c",1.28678404768065,5.63125307442183,3.24556724723079,0.115907376416929,2.14408345268005,0.0153279406176091,3.24556724723079,0.0054428441360054,0.31490297419607,0.0494692173748968
"Prima1",0.413448268139418,3.2269338427401,1.19765567158934,0.0789524869458171,0.805857216173897,0.0376950546947702,1.19765567158934,0.044804628369559,0.0213136996357451,0.177568704547399
"Prkcz2",3.26097094601939,9.99503918681,6.79184247290522,1.01321689009312,5.05896658464377,0,6.79184247290522,0,1.82521785949512,1.41707618880285
"Prob1",1.52503105688782,6.28180413046585,3.74238348530316,0.179444316221655,2.51202172062685,0,3.74238348530316,0,0.387695153249622,0.186526658659673
"Prr5l",1.13158117044435,3.3710284181855,1.13402686231613,1.40937209602418,1.64762148487583,0.272332117693056,1.13402686231613,0.293691838844209,0.727644582662454,3.42991591800188
"Qdpr",3.18618442644521,6.2870944658491,3.30642204637322,3.46859026393369,2.9655104765879,4.56826529840379,3.30642204637322,4.72085499837787,3.45730636604777,1.97715648048661
"Rab33a",1.59186098536945,6.47639899145366,3.48739674667773,0.543834444985222,2.41253804783195,0.556133565118622,3.48739674667773,0.706692065526352,0.174906564985104,0.717333180335983
"Rhog",5.73511076827303,7.31777144724087,4.89412617908469,6.6688048686838,5.77862456467488,6.01111299790988,4.89412617908469,6.23034822605375,6.4110239552277,7.45273375329597
"Rnd2",3.81538375848788,9.19303675762001,6.85136289824719,1.83110863609001,5.03139038932795,1.81577877346072,6.85136289824719,1.96675846543906,2.13062901843053,1.36880845853061
"Rpl31-ps15",1.98358295235189,5.60362319210632,2.76895423145328,1.74888811310748,2.22112978517274,2.23533922203317,2.76895423145328,2.01601928572706,1.37147161892502,1.80574720014644
"Rpsa-ps11",1.24312664717938,5.52845363516504,3.1497078722858,0.110533948709462,2.08474788142512,0,3.1497078722858,0,0,0.35370863587028
"Rpsa-ps2",2.43014189102194,7.89357227700151,5.23243925123141,0.661060499086106,3.81050534102806,0,5.23243925123141,0,0.522713332741218,1.59268026433432
"Rtkn",1.43659771417474,6.31178149222994,3.56912487569067,0.180034420105212,2.38242808415357,0.0543601412467664,3.56912487569067,0.0354776141043553,0.216037923200829,0.317499084210622
"S100b",1.86779936058559,7.47099323907054,4.04126753881713,0.666413939443618,3.04766798453182,0.0239591143547072,4.04126753881713,0,1.15576975510111,0.976754851118472
"S1pr5",3.43995962974017,8.40565711906696,2.89719562219619,4.535590322507,3.5119825822998,4.48332088253289,2.89719562219619,5.9364039912488,0.331287551815189,7.05891669070867
"Sccpdh",3.36428115850055,7.20089641987127,5.14060383045369,2.28957572821289,4.23366836747745,1.93262014915677,5.14060383045369,1.75012133373107,3.78681718066864,1.43967954913534
"Scd1",3.91593160167599,9.58237341533454,5.88600587104156,2.90042184268844,4.6526145580702,3.30666392500657,5.88600587104156,4.10493202877542,1.21695790848365,3.13847355358887
"Scd2",7.05481391256632,12.3529774934529,10.1662429144372,4.99458398354016,8.51712988168944,4.35798589269938,10.1662429144372,4.30831828904729,5.65879373603567,5.1538930644361
"Sec14l5",0.604624281401754,4.79419766475364,1.32509562734101,0.49790852662389,1.19413732080638,0.0308567688770023,1.32509562734101,0.0411423585026697,0.158408118743391,1.38552833624985
"Sema4d",3.36982615336821,6.82922279862308,4.08961247107206,3.1724377060342,4.50902871472995,1.10186827093715,4.08961247107206,0.452849666733686,4.3225808415483,5.28580021768071
"Sept4",2.40000226154298,9.46518809072727,5.38923284371938,0.667573730786671,3.81539349560979,0.27397282515534,5.38923284371938,0.0671729247429715,1.55812507081046,0.497503358015319
"Sez6l2",1.70400217794821,6.38106677848605,3.74301991138225,0.504494736260656,2.69720212573934,0.141968471657054,3.74301991138225,0.0663944983608637,0.51061751274935,1.02409224525171
"Sgk2",0.419422033326167,3.49162567829066,1.06419113919842,0.239274521308505,0.792917259547019,0.160361072459947,1.06419113919842,0.159270578595109,0.19656436200655,0.377989411866537
"Sh3d2c-ps1",0.968596438180381,6.05628761323815,2.50686664375416,0.258571405185548,1.78333070434213,0,2.50686664375416,0,0,0.827428496593754
"Sh3gl3",0.807208729123119,5.23837595450897,2.23082464960388,0.115440701875688,1.49062101839002,0.0356167399855955,2.23082464960388,0.0307440892749855,0.0673121656834621,0.265205173188756
"Shisa4",3.27601977441194,10.2742396611546,7.04765168967156,0.850619334402603,4.98442689275022,0.327455170667317,7.04765168967156,0.203908052708484,1.74847734390145,0.728814862936702
"Shisa8",1.16947429739936,5.17532388035425,2.60903628388441,0.41058875709429,1.89077482946865,0.187360229947522,2.60903628388441,0.159999028884939,0.241481968366725,0.880403219673075
"Sirt2",5.12617940974234,10.6380868788836,7.48696024697021,3.74948461081061,6.70295987229834,2.16801000499864,7.48696024697021,1.99662600551972,4.55398645810366,5.04841308986662
"Slain1",1.25502566728561,5.67196101269389,2.84384441524649,0.416926180995867,2.0760832273278,0.101351213521641,2.84384441524649,0.11442739341237,0.191061359631436,1.00578954746049
"Slc25a1",7.15403759293262,10.260009678771,8.20401477305139,6.62355407105848,7.63906457610266,6.59670641067458,8.20401477305139,6.92895913190786,6.45218339761537,6.42843867148233
"Slc44a1",2.42340277736051,5.78983732044773,3.55253437930279,1.85621694354692,3.19767454392549,1.13576405507861,3.55253437930279,1.33664176000637,1.41909626615071,2.91682784119178
"Slc48a1",5.10931814886651,8.96336992549213,6.30976162345914,4.54068658067615,5.99974280576523,3.62416328655142,6.30976162345914,3.99241216120024,4.03630631560203,5.70299614912137
"Slc9a3r2",3.93001620515631,7.41518085799604,5.3520698085245,3.1213648838141,4.10109981682169,4.33082743628643,5.3520698085245,5.1582639963726,2.40109706701087,1.39735376554713
"Smim1",2.41172949406974,6.93213305086666,3.80828653148196,1.75479253093367,3.23281899196456,1.28383426405823,3.80828653148196,0.480986444812291,4.41862814675195,0.619524218461037
"Smtnl2",0.499621530556518,3.6142413992814,1.368525964436,0.128657634502579,0.949685986948713,0.0405992426592027,1.368525964436,0.0202549381286472,0.132073325380153,0.255325179273724
"Snx33",2.64227598250556,5.7835426930796,3.70680026554934,2.103475573664,3.19891277051347,1.8968414931273,3.70680026554934,2.33368548457042,1.5467663276438,2.38393292659649
"Sox10",1.71644161398496,8.50377358696917,4.46901291769883,0.156358219858357,2.89715727844946,0.166306529953659,4.46901291769883,0.0562127990278975,0.287590674512523,0.145300270200742
"Sox8",2.95275214556828,8.39108669229942,6.12462941439982,0.857151353682082,4.36089944616501,0.439930705610072,6.12462941439982,0.457358741168438,1.3734896375685,0.820564204812034
"Sp7",0.333100816397328,4.75007483894927,1.25049417676978,0.0825033788904291,0.847955669996559,0.0214934746374283,1.25049417676978,0.0286579661832377,0.0550884558580273,0.174532797171461
"Srcin1",1.30266407799846,6.52712451976257,3.46315983403009,0.0652878466912916,2.24089143205597,0.0286539647813169,3.46315983403009,0.0237128314818425,0.0799952251360788,0.100470486497843
"Stmn4",1.89944847189761,8.50714135216343,4.87188427239674,0.124528756494097,3.15259864397097,0.105208718762318,4.87188427239674,0.0575650315395738,0.295919423127679,0.0334945598059424
"Sv2a",2.64849790886774,8.35929589973965,5.72139345871071,0.673564051614124,4.07794482276419,0.145218393370459,5.72139345871071,0.0260504080886928,1.8588309982162,0.265313477242568
"Syt11",3.68665795012277,8.84890248632312,6.57148992621508,1.80771053806705,5.2366889636237,0.714633797045315,6.57148992621508,0.453937004618878,2.65487990501245,2.58506941125945
"Taldo1",7.65790154925884,9.22688703396673,7.17553854106507,8.27609236701688,7.59701592197523,8.21758339546576,7.17553854106507,8.56707099193169,7.05967941046505,9.14333097367093
"Tbc1d9b",4.32952865040424,7.38149308087078,5.28289970157309,3.87682453443982,5.18426153763213,2.74200431814418,5.28289970157309,3.12514869674224,4.10810441956517,4.54755565455157
"Tmcc2",2.34882926334208,6.50284043960752,3.90046602477,1.51039849412584,3.31117120417772,0.740891720110439,3.90046602477,0.880715663557395,0.874571087818368,2.90184529711544
"Tmeff2",0.614116844914089,4.11099808551739,1.61779056897804,0.173012491433545,1.12176458180313,0.0923058786200529,1.61779056897804,0.0949240424216019,0.0851042552621284,0.354626866419293
"Tmem125",0.845107769129716,9.38211434454314,2.96241005184392,0.0595940936814617,1.90063286137504,0.0766654093084391,2.96241005184392,0.102220545744586,0.068036444887175,0
"Tmem151a",1.67789197158144,8.9725471177046,4.25983464706722,0.330524023796779,2.90877565697834,0.116625623270746,4.25983464706722,0.0835572652371053,0.456616947711016,0.500791210154151
"Tmem159",3.09681129853067,5.14644897423778,3.13956477285546,3.31560671795987,3.30551287574434,3.03529138011985,3.13956477285546,3.12424182648514,3.64225961426426,3.21859169142515
"Tmem63a",3.33753465816924,6.55447210602347,3.63978386102864,3.47518378664905,3.88265361190521,2.64269189735888,3.63978386102864,2.28459549538932,5.12549215465947,3.25358136815029
"Tmem88b",1.92618930872995,10.9948717925566,4.98000159066337,0.387688872516529,3.3530224574867,0.269568770605532,4.98000159066337,0.118251435275266,0.647520220420217,0.451182449302355
"Tmod1",0.704517431409178,3.31340103383957,1.23309674456428,0.568120982702266,1.18599680240901,0.0326700617672488,1.23309674456428,0.0256826398788265,1.11494344179235,0.672224535000311
"Tppp",3.10182531263376,8.48105885783216,4.6350752572448,2.4326358042489,3.96580044214325,2.07070209278225,4.6350752572448,1.90190344668402,4.43491580318322,1.06723463439243
"Tppp3",5.97552828854902,9.67497153244003,5.96161412563336,6.4501335865866,6.09018569604473,6.58508122890856,5.96161412563336,7.82739270908783,2.40952503615535,8.83803119001637
"Tprn",3.72994925147012,8.48165331302124,5.05869749977633,3.16125754189608,4.73751190222711,2.14707797727618,5.05869749977633,2.25469772724653,3.30297857075322,4.10740829061839
"Trak2",2.99821271761003,7.50974558005942,4.49655762826299,2.25110252859486,3.86085373286378,1.75383314127455,4.49655762826299,2.19657667662624,1.60904962983519,2.95858644971688
"Trp53inp2",5.16185224681074,12.0391458627045,8.24008784818061,3.32805779759882,7.10537359656377,1.53649193896335,8.24008784818061,1.67695113528984,3.93189003011343,4.70555355985498
"Tspan15",1.25137811961561,5.97426431926856,3.14283180684671,0.186716918245006,2.09878227932551,0.1017382303266,3.14283180684671,0.0469035504345638,0.283769748805768,0.257440129056774
"Tspan17",3.54620586975183,6.69834217822662,3.91495753347673,3.6175652025519,3.86560756638209,3.45588528113734,3.91495753347673,4.16016501059753,1.49044365897888,5.09356697647017
"Tspan2",2.02970390509403,8.06050566824144,3.90963393202647,1.13861535192158,3.27374724212175,0.116285169054667,3.90963393202647,0.101138482859693,0.281519724348569,3.24068322236886
"Ttll7",0.95852369869056,4.33581031585659,2.31280893107697,0.195684947498207,1.59062038255396,0.0645794723577285,2.31280893107697,0.0743307607694794,0.140817065668494,0.396177853402392
"Ttyh2",1.95036615033186,6.49437282631262,4.08462569131673,0.650889886467685,2.99016224990329,0.226928545505603,4.08462569131673,0.167940005500978,0.938541212342716,0.942778417752701
"Tubb4a",3.47140857083304,11.8966989886245,7.51337446177913,0.987849718479136,5.32092076351394,0.4915726454084,7.51337446177913,0.254921546386088,1.94923053254371,0.905982710926221
"Tyro3",1.95581800951028,7.72944710312723,4.90650868066544,0.0956673089516331,3.18174570012718,0.0279241337180331,4.90650868066544,0,0.148035779071324,0.158099609573902
"Ugt8a",1.1847950651558,7.92878803358646,3.16569973408854,0.294502600893494,2.14441315057009,0.231843572374174,3.16569973408854,0.281023564893239,0.134709183430187,0.470470861557107
"Unc5b",1.22017386525881,5.8098939743637,3.15711360996147,0.0990666022820956,2.06086269019286,0.0557096239663816,3.15711360996147,0.0476196435562318,0.110518243937212,0.149351311098016
"Wscd1",2.347684036317,7.34068093584327,5.10040928667593,0.563174054693722,3.52430078565545,0.360237200517844,5.10040928667593,0.0798357893364709,1.56120626760533,0.145147760210814
"Zbtb7b",3.42217863473276,5.66322045101495,3.6255195690111,3.52438554427448,3.65496974432937,3.34226353741261,3.6255195690111,3.67848760616028,2.27676946042327,4.58707915386273
"Zdhhc9",4.10444034241797,6.79536980327283,4.68759142077329,3.93054933146393,4.63885528100532,3.30753162651648,4.68759142077329,3.65637738187219,3.66957828522873,4.52052671720921
"mt-Rnr1",10.5252136082825,14.511186388814,11.9540145535573,9.77325937873352,12.2566486158312,6.76026053265653,11.9540145535573,5.00881958278417,11.6426016349391,13.6212448776671
"mt-Tn",3.57138061044411,7.19002893410856,5.16018087564341,2.63351141885278,3.69623809924473,4.13268459715852,5.16018087564341,1.85161312494907,5.17821767374235,1.02708311664765
"n-R5s172",0.368413123691214,3.46954731763832,1.2324758641879,0,0.784302822665028,0,1.2324758641879,0,0,0
