Gene,Category,QNP_avg,TAP_avg,FC5
RN7SL399P,QNPbyTAP_FC5_,1.87325,0.0002825,6630.973451
SHB,QNPbyTAP_FC5_,1.302792857,0.000535,2435.126836
AP1G2,QNPbyTAP_FC5_,1.520127143,0.000713,2132.015628
CDH12P2,QNPbyTAP_FC5_,1.584012857,0.00079525,1991.842637
RP11-769O8.3,QNPbyTAP_FC5_,-0.294113286,-0.000175837,1672.642558
PAPSS2,QNPbyTAP_FC5_,-2.610485714,-0.00169375,1541.246178
C7orf57,QNPbyTAP_FC5_,2.399285714,0.00302125,794.1367693
TSPAN7,QNPbyTAP_FC5_,4.263657143,0.0074875,569.4366802
HSP90B3P,QNPbyTAP_FC5_,-0.911972857,-0.002438375,374.0084512
ASNSP4,QNPbyTAP_FC5_,1.398828571,0.00376275,371.7569787
TRPM3,QNPbyTAP_FC5_,2.609614286,0.0070625,369.5029077
IL1R1,QNPbyTAP_FC5_,-3.6842,-0.0105875,347.9763872
SLC27A5,QNPbyTAP_FC5_,0.498077143,0.0017625,282.5969605
EGFL7,QNPbyTAP_FC5_,2.2078,0.00948625,232.736856
SNORA65,QNPbyTAP_FC5_,0.172229714,0.0012895,133.5631751
GPR1,QNPbyTAP_FC5_,-3.286157143,-0.0255775,128.4784339
PCDHGA12,QNPbyTAP_FC5_,4.427571429,0.03635,121.8038907
LINC01004,QNPbyTAP_FC5_,1.485764286,0.012225,121.5349109
LINC01023,QNPbyTAP_FC5_,1.106821571,0.00998375,110.8623084
SYT12,QNPbyTAP_FC5_,1.186744286,0.0115125,103.0831084
ZNF425,QNPbyTAP_FC5_,2.3962,0.02394625,100.0657723
IL11RA,QNPbyTAP_FC5_,2.4977,0.0259375,96.29686747
RNA5SP82,QNPbyTAP_FC5_,-0.51969,-0.00565125,91.9601858
MED12L,QNPbyTAP_FC5_,1.761714286,0.020025,87.9757446
KRTCAP3,QNPbyTAP_FC5_,1.092522857,0.012519875,87.26308027
TCN2,QNPbyTAP_FC5_,-2.103431429,-0.0259525,81.04927959
RORB,QNPbyTAP_FC5_,3.652442857,0.0454875,80.2955286
NDUFAF6,QNPbyTAP_FC5_,0.588908571,0.0075775,77.71805628
RBM26-AS1,QNPbyTAP_FC5_,0.320512857,0.0041755,76.76035376
MIR503HG,QNPbyTAP_FC5_,0.745804286,0.010031,74.34994375
CHST6,QNPbyTAP_FC5_,1.467911429,0.02041625,71.89916995
AHRR,QNPbyTAP_FC5_,2.133285714,0.03366,63.3774722
RNF217,QNPbyTAP_FC5_,1.512461429,0.025415,59.51058149
CTD-2609K8.3,QNPbyTAP_FC5_,0.301489286,0.00508425,59.29867448
FRS3,QNPbyTAP_FC5_,1.683228571,0.02844375,59.17744923
RP11-698F20.3,QNPbyTAP_FC5_,0.377983857,0.006602125,57.25184803
EDIL3,QNPbyTAP_FC5_,-6.430285714,-0.1161,55.3857512
RP3-402G11.27,QNPbyTAP_FC5_,0.634614286,0.011869125,53.46765543
SNORD63,QNPbyTAP_FC5_,0.73867,0.01391975,53.06632662
DMTN,QNPbyTAP_FC5_,2.413357143,0.04625,52.18069498
THAP6,QNPbyTAP_FC5_,1.440035714,0.02875375,50.08166637
CEP72,QNPbyTAP_FC5_,0.821701429,0.01703125,48.24668938
TFEB,QNPbyTAP_FC5_,1.3859,0.02910375,47.61929305
TPM3P6,QNPbyTAP_FC5_,-0.275409,-0.006059625,45.44984219
SHH,QNPbyTAP_FC5_,5.557578571,0.1238375,44.87799391
RP11-98J23.2,QNPbyTAP_FC5_,1.880284286,0.04273125,44.00255751
PVT1,QNPbyTAP_FC5_,1.301617143,0.030145,43.17854181
RP11-447H19.3,QNPbyTAP_FC5_,1.577034286,0.03655125,43.1458373
AC064836.3,QNPbyTAP_FC5_,-1.438929286,-0.03351625,42.93228764
ZNF599,QNPbyTAP_FC5_,0.22153,0.0051935,42.65524213
MAMDC4,QNPbyTAP_FC5_,2.785,0.06769625,41.13964954
LL0XNC01-237H1.2,QNPbyTAP_FC5_,0.758487143,0.0184575,41.09370949
Metazoa_SRP,QNPbyTAP_FC5_,-0.621161286,-0.01515125,40.99736231
CHMP4A,QNPbyTAP_FC5_,0.420969571,0.010314875,40.81189267
SNORD94,QNPbyTAP_FC5_,-1.036931429,-0.02545125,40.74186645
LGMNP1,QNPbyTAP_FC5_,1.157365714,0.03077375,37.60886191
HERC3,QNPbyTAP_FC5_,1.344882857,0.03661875,36.72661839
RP11-1391J7.1,QNPbyTAP_FC5_,1.060461429,0.031,34.20843318
HMBOX1,QNPbyTAP_FC5_,1.448294286,0.04242625,34.13674991
ARL6IP1P3,QNPbyTAP_FC5_,-0.635120714,-0.01878625,33.80774313
CTD-2373N4.3,QNPbyTAP_FC5_,2.172442857,0.0648225,33.51371603
RP11-798G7.5,QNPbyTAP_FC5_,-0.097965629,-0.0029785,32.89092784
EBF1,QNPbyTAP_FC5_,2.297414286,0.0719125,31.94735666
ARHGEF9,QNPbyTAP_FC5_,1.743248571,0.054675,31.88383304
C17orf51,QNPbyTAP_FC5_,-0.986142857,-0.0312525,31.5540471
IMMP2L,QNPbyTAP_FC5_,1.473795714,0.04883375,30.17985951
ABCC2,QNPbyTAP_FC5_,-0.880813714,-0.0294375,29.92148499
PDE4D,QNPbyTAP_FC5_,2.176775714,0.073165,29.75159864
ANKRD46,QNPbyTAP_FC5_,1.266655714,0.044255,28.6217538
AC017104.2,QNPbyTAP_FC5_,0.449885429,0.01575775,28.55010573
CPNE5,QNPbyTAP_FC5_,3.380214286,0.1189125,28.42606358
AL136097.1,QNPbyTAP_FC5_,1.193294286,0.0423162,28.19946701
SYTL5,QNPbyTAP_FC5_,2.777312857,0.1033875,26.86313971
L3MBTL4,QNPbyTAP_FC5_,1.688028571,0.0634175,26.61770917
HSPA1L,QNPbyTAP_FC5_,1.578042857,0.05965,26.45503533
ABCG1,QNPbyTAP_FC5_,2.186881429,0.082745,26.42916706
SNORA5C,QNPbyTAP_FC5_,0.840478429,0.031986625,26.27593341
LINC00976,QNPbyTAP_FC5_,1.385257143,0.0532775,26.00079101
RP11-428P16.2,QNPbyTAP_FC5_,-1.997914286,-0.07735375,25.82827963
AC008746.5,QNPbyTAP_FC5_,0.73697,0.028790125,25.59801321
CAMK2A,QNPbyTAP_FC5_,3.917014286,0.1538175,25.46533578
AC005086.2,QNPbyTAP_FC5_,0.892354286,0.0361245,24.70219064
RP11-144C15.1,QNPbyTAP_FC5_,-0.111572571,-0.00456225,24.45560226
RP5-862P8.2,QNPbyTAP_FC5_,-0.310662857,-0.01305,23.80558292
PPP1R3F,QNPbyTAP_FC5_,2.077228571,0.0895875,23.18658933
CTD-3018O17.5,QNPbyTAP_FC5_,0.787154286,0.03411325,23.0747374
RP11-53O19.1,QNPbyTAP_FC5_,2.220342857,0.09643375,23.02454127
RP11-397A15.4,QNPbyTAP_FC5_,-2.785814286,-0.121015,23.02040479
ABHD18,QNPbyTAP_FC5_,1.485628571,0.0645375,23.01961761
ANXA6,QNPbyTAP_FC5_,-2.461919429,-0.10747375,22.90716969
C4orf48,QNPbyTAP_FC5_,-4.520885714,-0.2028625,22.28546781
RP11-378J18.8,QNPbyTAP_FC5_,-0.179213143,-0.0080525,22.25559054
ZNF33B,QNPbyTAP_FC5_,-1.219938571,-0.0552275,22.08933179
UBE2D4,QNPbyTAP_FC5_,1.499157143,0.0701,21.38597921
HMGA1P1,QNPbyTAP_FC5_,1.444978571,0.06864025,21.05147594
SF3A3P1,QNPbyTAP_FC5_,-0.585575714,-0.028091625,20.84520615
CKMT2-AS1,QNPbyTAP_FC5_,1.702077143,0.08286375,20.5406724
PIGFP1,QNPbyTAP_FC5_,1.050672857,0.052429625,20.03967904
TTC39B,QNPbyTAP_FC5_,2.025214286,0.1024625,19.7654194
RASA4DP,QNPbyTAP_FC5_,2.389371429,0.1214975,19.66601312
MYLIP,QNPbyTAP_FC5_,1.340577143,0.06896375,19.43886669
FAXDC2,QNPbyTAP_FC5_,3.542371429,0.18303375,19.3536516
NAIP,QNPbyTAP_FC5_,2.1867,0.1145375,19.0915639
GALT,QNPbyTAP_FC5_,2.280242857,0.1207275,18.88751823
ATP5F1P5,QNPbyTAP_FC5_,-0.548857,-0.02907,18.88052976
BIN1,QNPbyTAP_FC5_,-3.037814286,-0.1631125,18.62404344
RP11-4L24.4,QNPbyTAP_FC5_,1.650125714,0.08944625,18.44823807
PRR19,QNPbyTAP_FC5_,-0.263680571,-0.014377113,18.34030105
POLR2J4,QNPbyTAP_FC5_,1.33427,0.0745625,17.89465214
RNU2-27P,QNPbyTAP_FC5_,-0.722531571,-0.0407,17.75261846
CTD-2329K10.1,QNPbyTAP_FC5_,0.439808571,0.02484625,17.70120527
ADAMTSL5,QNPbyTAP_FC5_,1.970857143,0.112565,17.50861407
GJA3,QNPbyTAP_FC5_,2.681771429,0.155185,17.28112529
RP11-773H22.4,QNPbyTAP_FC5_,-1.514467143,-0.0877975,17.24954746
CTC-260E6.6,QNPbyTAP_FC5_,0.496995571,0.029075375,17.09335035
TAB3,QNPbyTAP_FC5_,1.192265714,0.07112375,16.7632572
NDUFA9P1,QNPbyTAP_FC5_,-0.707137857,-0.042251,16.73659457
NACAD,QNPbyTAP_FC5_,2.7379,0.16456125,16.63757416
RRM2P3,QNPbyTAP_FC5_,-1.443364143,-0.08691125,16.60733384
COX5BP6,QNPbyTAP_FC5_,0.632255714,0.038419375,16.45668922
TSHZ3,QNPbyTAP_FC5_,2.355757143,0.1435125,16.4149962
MROH1,QNPbyTAP_FC5_,1.961385714,0.11958,16.40228896
PRKCQ,QNPbyTAP_FC5_,2.220924286,0.13576,16.3591948
CTD-2095E4.5,QNPbyTAP_FC5_,0.65135,0.03986125,16.34043087
LINC00265,QNPbyTAP_FC5_,1.957428571,0.12055275,16.23711256
RASL11A,QNPbyTAP_FC5_,0.976267143,0.06068,16.08877955
LYN,QNPbyTAP_FC5_,1.279337143,0.08188,15.62453765
TRERF1,QNPbyTAP_FC5_,1.13421,0.07315375,15.50446833
PITX1,QNPbyTAP_FC5_,2.3387,0.1516125,15.42550911
BDNF-AS,QNPbyTAP_FC5_,0.793555429,0.0515005,15.40869367
RP11-412D9.4,QNPbyTAP_FC5_,0.525100286,0.03458375,15.18343979
ZGRF1,QNPbyTAP_FC5_,0.814355714,0.0541725,15.03264044
ZKSCAN3,QNPbyTAP_FC5_,1.806842857,0.12172375,14.84379882
Metazoa_SRP,QNPbyTAP_FC5_,0.097864286,0.0066025,14.82230757
SMARCA2,QNPbyTAP_FC5_,0.726444286,0.04946875,14.68491291
SLC45A4,QNPbyTAP_FC5_,1.486885714,0.1030625,14.42702937
RP11-5C23.1,QNPbyTAP_FC5_,2.087642857,0.14764875,14.13925182
Y_RNA,QNPbyTAP_FC5_,1.302667143,0.092225,14.12488092
ZNF658,QNPbyTAP_FC5_,1.866457143,0.13381125,13.94843216
MAOA,QNPbyTAP_FC5_,1.192035714,0.0857375,13.90331785
RP11-173D3.1,QNPbyTAP_FC5_,1.436795714,0.10364125,13.86316466
MTO1,QNPbyTAP_FC5_,1.256491429,0.09087625,13.8264005
CTC-281F24.5,QNPbyTAP_FC5_,-0.408448571,-0.029793375,13.70937571
HNRNPA1P59,QNPbyTAP_FC5_,0.037577143,0.002742375,13.70240863
MRPS18C,QNPbyTAP_FC5_,0.912945714,0.06684125,13.65841773
KAZN,QNPbyTAP_FC5_,3.402457143,0.24946,13.63928944
BICC1,QNPbyTAP_FC5_,-4.155898571,-0.3047875,13.63539703
RPL36AP40,QNPbyTAP_FC5_,-0.68656,-0.050399125,13.62245872
CHTF8P1,QNPbyTAP_FC5_,0.893401429,0.0666875,13.39683492
FAT1,QNPbyTAP_FC5_,-3.9646,-0.30021375,13.20592411
KIF9,QNPbyTAP_FC5_,-0.953118571,-0.072194125,13.20216252
ACVR2B,QNPbyTAP_FC5_,0.73035,0.05533325,13.19911626
ACTR3B,QNPbyTAP_FC5_,1.802085714,0.13942,12.92558969
LINC01551,QNPbyTAP_FC5_,-2.115328571,-0.164975,12.82211591
PRICKLE3,QNPbyTAP_FC5_,1.7688,0.1381,12.80811007
SLC2A13,QNPbyTAP_FC5_,1.891575714,0.14940875,12.66040787
C14orf37,QNPbyTAP_FC5_,-1.076708571,-0.0850625,12.65785242
PCDHGB2,QNPbyTAP_FC5_,3.130285714,0.247345,12.65554474
AF277315.13,QNPbyTAP_FC5_,1.938305714,0.15487125,12.51559417
RSRC1,QNPbyTAP_FC5_,-1.907252857,-0.152755,12.48569839
LRCH4,QNPbyTAP_FC5_,2.147585714,0.17290125,12.42088021
TMPRSS5,QNPbyTAP_FC5_,2.8538,0.232445,12.27731291
TAF9BP1,QNPbyTAP_FC5_,-0.5874,-0.048415125,12.13257221
USP45,QNPbyTAP_FC5_,1.371934286,0.1133275,12.10592562
CTD-2301A4.1,QNPbyTAP_FC5_,-1.387227429,-0.1146375,12.10099164
SNRPCP6,QNPbyTAP_FC5_,-0.559032729,-0.046659,11.9812411
BPHL,QNPbyTAP_FC5_,1.014018571,0.0847825,11.96023438
Metazoa_SRP,QNPbyTAP_FC5_,-0.234093714,-0.019887125,11.77111897
RP3-452M16.1,QNPbyTAP_FC5_,0.737241786,0.06275375,11.748171
PSMG3-AS1,QNPbyTAP_FC5_,2.227828571,0.190885,11.67105101
LINC01278,QNPbyTAP_FC5_,1.766557143,0.15203,11.61979309
LARP1B,QNPbyTAP_FC5_,1.5431,0.1331125,11.59245
C6orf15,QNPbyTAP_FC5_,3.201342857,0.27673625,11.56820929
CH507-39O4.2,QNPbyTAP_FC5_,1.860187143,0.1608675,11.56347393
RP11-212P7.2,QNPbyTAP_FC5_,1.86398,0.1617675,11.52258643
COL6A3,QNPbyTAP_FC5_,-3.337914286,-0.2910725,11.46763877
MDH1B,QNPbyTAP_FC5_,-1.18492,-0.1043275,11.35769572
HIVEP1,QNPbyTAP_FC5_,0.974731429,0.08606375,11.32569088
RP11-88I18.2,QNPbyTAP_FC5_,2.064985714,0.1841025,11.21650013
PIGA,QNPbyTAP_FC5_,0.633141429,0.05645875,11.21423036
MINOS1P2,QNPbyTAP_FC5_,-1.688394286,-0.1510695,11.17627506
TNFSF18,QNPbyTAP_FC5_,-4.763814286,-0.426985,11.15686566
IFITM9P,QNPbyTAP_FC5_,2.200567143,0.1977175,11.12985519
SF3A3P2,QNPbyTAP_FC5_,-0.823222857,-0.074253,11.08672858
Metazoa_SRP,QNPbyTAP_FC5_,1.401868571,0.1268875,11.04812193
SPCS2P1,QNPbyTAP_FC5_,-0.836204571,-0.076658625,10.90816032
TCEAL6,QNPbyTAP_FC5_,0.608342857,0.0558125,10.89976004
EFCAB13,QNPbyTAP_FC5_,0.638405186,0.0587975,10.85769269
C19orf57,QNPbyTAP_FC5_,0.443774286,0.04091375,10.84658057
PHBP9,QNPbyTAP_FC5_,0.964908571,0.089326,10.80210209
SRGN,QNPbyTAP_FC5_,-2.81607,-0.26336125,10.69280314
AC005077.7,QNPbyTAP_FC5_,1.311085714,0.1228425,10.67289997
CTC-510F12.3,QNPbyTAP_FC5_,1.158511429,0.10904775,10.62389117
CTNND2,QNPbyTAP_FC5_,2.025685714,0.19105625,10.60256189
WDR31,QNPbyTAP_FC5_,1.39636,0.1320125,10.57748319
ZNF696,QNPbyTAP_FC5_,1.491328571,0.14148625,10.54044878
GLI1,QNPbyTAP_FC5_,1.787416914,0.16966175,10.53517905
MAST1,QNPbyTAP_FC5_,1.62018,0.155207,10.4388333
GTF2IRD2,QNPbyTAP_FC5_,1.678027143,0.1618025,10.3708357
NBPF3,QNPbyTAP_FC5_,-0.441023143,-0.0425575,10.3629946
SLC38A9,QNPbyTAP_FC5_,1.556814286,0.15045,10.34771875
MFAP2,QNPbyTAP_FC5_,-4.663142857,-0.45099625,10.33964885
KRBA1,QNPbyTAP_FC5_,2.432685714,0.2354375,10.33261785
RP11-196I18.3,QNPbyTAP_FC5_,1.045815714,0.10166,10.28738653
RP11-166P13.3,QNPbyTAP_FC5_,0.614572857,0.0597595,10.28410307
RP11-513M16.8,QNPbyTAP_FC5_,1.225015714,0.11951375,10.24999813
RELL2,QNPbyTAP_FC5_,2.282185714,0.22346,10.21294959
BAG1,QNPbyTAP_FC5_,1.072914286,0.105175,10.20122924
UNC13B,QNPbyTAP_FC5_,1.8469,0.18274875,10.10622508
RNF122,QNPbyTAP_FC5_,1.271468571,0.12883875,9.868681367
E2F5,QNPbyTAP_FC5_,1.5478,0.15790375,9.802173793
MTATP6P2,QNPbyTAP_FC5_,-3.663628571,-0.374075,9.793834315
RP11-90D4.4,QNPbyTAP_FC5_,-0.877015714,-0.089636125,9.784177019
CBX3P2,QNPbyTAP_FC5_,1.310562857,0.13410875,9.772388879
RP13-349O20.2,QNPbyTAP_FC5_,3.101642857,0.3183025,9.744324525
NFIA,QNPbyTAP_FC5_,0.986228571,0.1014975,9.716776979
RAB39A,QNPbyTAP_FC5_,2.137471429,0.220075,9.712468152
TMCC1-AS1,QNPbyTAP_FC5_,-0.940835857,-0.09758375,9.641316891
ACTBP9,QNPbyTAP_FC5_,-1.118829571,-0.116539625,9.600421929
PFN1P6,QNPbyTAP_FC5_,1.153285714,0.12056,9.566072614
RAB39B,QNPbyTAP_FC5_,2.363017143,0.24956375,9.468591263
PPM1K,QNPbyTAP_FC5_,3.186657143,0.337015,9.455535044
HSPA6,QNPbyTAP_FC5_,0.84437,0.0895825,9.425613262
BMS1P22,QNPbyTAP_FC5_,1.229655714,0.1305225,9.421024837
TLE6,QNPbyTAP_FC5_,1.729668571,0.1838275,9.40919379
RP1-198K11.5,QNPbyTAP_FC5_,-1.215794286,-0.129602375,9.380956836
HS3ST5,QNPbyTAP_FC5_,2.147028571,0.22888125,9.380534978
RAB42,QNPbyTAP_FC5_,-0.947567143,-0.1016325,9.323465849
TRABD2A,QNPbyTAP_FC5_,1.7451,0.18729875,9.317200462
CNKSR2,QNPbyTAP_FC5_,2.120315714,0.2277,9.311882803
AC069513.4,QNPbyTAP_FC5_,1.070857143,0.11562625,9.261367059
RP11-384B12.2,QNPbyTAP_FC5_,-0.81412,-0.088375125,9.212094467
CTC-359D24.3,QNPbyTAP_FC5_,-0.263731714,-0.028677875,9.196347857
AC004980.7,QNPbyTAP_FC5_,2.017528571,0.21985125,9.176789176
ANGPTL1,QNPbyTAP_FC5_,1.365268571,0.1492625,9.146762056
LRRC56,QNPbyTAP_FC5_,0.919751429,0.101013125,9.105266554
CADPS,QNPbyTAP_FC5_,1.849407143,0.203625,9.082416908
HIF1A-AS1,QNPbyTAP_FC5_,1.817331429,0.2003125,9.072481391
PHYKPL,QNPbyTAP_FC5_,1.8288,0.203575,8.983421343
CENPC,QNPbyTAP_FC5_,1.648128571,0.1839125,8.961482071
RP11-126K1.6,QNPbyTAP_FC5_,-1.739131429,-0.19437625,8.947242416
CTD-2116N20.1,QNPbyTAP_FC5_,0.76397,0.08593125,8.890479308
ICAM1,QNPbyTAP_FC5_,-1.555754286,-0.175225,8.878609135
RP11-248J18.2,QNPbyTAP_FC5_,0.55782,0.06290875,8.867128976
TAF8,QNPbyTAP_FC5_,1.2024,0.13597375,8.842883277
CDKN2A,QNPbyTAP_FC5_,-5.081371429,-0.57515,8.834862955
DTX2,QNPbyTAP_FC5_,2.335957143,0.26527625,8.805753032
ADAM22,QNPbyTAP_FC5_,3.018085714,0.342975,8.799725094
ACSL1,QNPbyTAP_FC5_,2.583618571,0.2938075,8.793575969
RP4-814D15.1,QNPbyTAP_FC5_,0.833172857,0.09541,8.732552742
GTF2IRD2B,QNPbyTAP_FC5_,1.670681429,0.19190625,8.705716612
MIR590,QNPbyTAP_FC5_,1.129752857,0.12993125,8.695004913
ZBED3,QNPbyTAP_FC5_,2.198985714,0.2548325,8.629141551
AC006547.13,QNPbyTAP_FC5_,1.112762857,0.129978,8.561163098
MAPK10,QNPbyTAP_FC5_,2.140142857,0.25085,8.531564111
ATP6V1G2,QNPbyTAP_FC5_,0.900427,0.10626125,8.473709842
STAMBPL1,QNPbyTAP_FC5_,-0.942452857,-0.11137925,8.461655624
ZNF275,QNPbyTAP_FC5_,1.29723,0.15435,8.40447036
MIR1254-1,QNPbyTAP_FC5_,-0.435717143,-0.05198875,8.380989019
RP11-1348G14.4,QNPbyTAP_FC5_,0.190302714,0.02287575,8.318971587
ZNF137P,QNPbyTAP_FC5_,0.950672857,0.11439,8.310803891
DENND1A,QNPbyTAP_FC5_,2.080742857,0.2518625,8.261423821
LDHAP7,QNPbyTAP_FC5_,-4.375485714,-0.5304,8.249407455
ZNF239,QNPbyTAP_FC5_,1.083642857,0.13137125,8.248706297
RP11-472K17.3,QNPbyTAP_FC5_,1.738905714,0.210825,8.248100151
KLF15,QNPbyTAP_FC5_,1.204103429,0.14633375,8.228473804
TATDN2P2,QNPbyTAP_FC5_,1.872635714,0.2278875,8.217369159
SLC25A52,QNPbyTAP_FC5_,-0.236447029,-0.028866625,8.191017432
FZD4,QNPbyTAP_FC5_,1.7773,0.21801875,8.152051142
GATB,QNPbyTAP_FC5_,1.517598571,0.186425,8.140531428
MIR647,QNPbyTAP_FC5_,1.048455714,0.12926375,8.11098018
RP11-12K11.1,QNPbyTAP_FC5_,-1.991435714,-0.24639125,8.082412481
RP11-378A13.1,QNPbyTAP_FC5_,0.238399857,0.029535125,8.071740246
ZSCAN12,QNPbyTAP_FC5_,1.471505714,0.1826875,8.054769562
FZD6,QNPbyTAP_FC5_,-4.206657143,-0.522575,8.049862973
TIGD5,QNPbyTAP_FC5_,2.086342857,0.260935,7.995642046
EFHC1,QNPbyTAP_FC5_,1.601002857,0.2008125,7.972625495
GM2A,QNPbyTAP_FC5_,1.326542857,0.16745125,7.921964495
GAS6-AS2,QNPbyTAP_FC5_,-0.634341,-0.08024875,7.904683874
UBN2,QNPbyTAP_FC5_,2.620828571,0.3318875,7.896737815
RP11-571M6.17,QNPbyTAP_FC5_,0.486667571,0.06177875,7.877588514
CYP2J2,QNPbyTAP_FC5_,1.673721429,0.2126375,7.871242977
APC2,QNPbyTAP_FC5_,1.635522857,0.20881,7.832588751
FXYD6,QNPbyTAP_FC5_,1.761391143,0.226044,7.792249044
TARSL2,QNPbyTAP_FC5_,-1.037704286,-0.1335875,7.767974442
PAX6,QNPbyTAP_FC5_,-1.939744286,-0.2497975,7.765267009
CRHR1-IT1,QNPbyTAP_FC5_,1.057391429,0.136172375,7.765095002
SNORD17,QNPbyTAP_FC5_,0.330518571,0.04288625,7.706865754
RP11-258C19.4,QNPbyTAP_FC5_,0.5743,0.07462875,7.695425691
TRIM39,QNPbyTAP_FC5_,1.349157143,0.17533875,7.694574889
PCYT1B,QNPbyTAP_FC5_,1.980857143,0.25839875,7.665892899
IL12A,QNPbyTAP_FC5_,-0.205451429,-0.0269,7.637599575
PRSS12,QNPbyTAP_FC5_,1.334074286,0.1749825,7.624044037
RP11-266I3.1,QNPbyTAP_FC5_,1.061172857,0.1393925,7.612840412
CTC-351M12.1,QNPbyTAP_FC5_,1.481105714,0.19503375,7.594099556
RP4-751H13.5,QNPbyTAP_FC5_,2.235557143,0.294429,7.592856488
XIAPP1,QNPbyTAP_FC5_,-0.151413429,-0.019944775,7.591633827
ZNF345,QNPbyTAP_FC5_,0.409834143,0.05402375,7.586184648
CTB-91J4.1,QNPbyTAP_FC5_,2.1692,0.28623725,7.578328816
IL31RA,QNPbyTAP_FC5_,1.191632429,0.157251125,7.577894457
TOX2,QNPbyTAP_FC5_,-6.087285714,-0.8043,7.568426849
AC006128.2,QNPbyTAP_FC5_,3.469142857,0.45883,7.560845754
Metazoa_SRP,QNPbyTAP_FC5_,0.830022857,0.10984325,7.556430251
ZNF34,QNPbyTAP_FC5_,1.489674286,0.19791125,7.52698134
RP11-307C12.12,QNPbyTAP_FC5_,1.44357,0.192657625,7.492929491
GRB14,QNPbyTAP_FC5_,2.421848571,0.3241375,7.471670422
SYNGAP1,QNPbyTAP_FC5_,2.3738,0.318875,7.444296354
RP5-1053E7.3,QNPbyTAP_FC5_,-0.892567143,-0.119967375,7.440082296
HDAC10,QNPbyTAP_FC5_,1.436044286,0.19302125,7.439824816
SPOCK2,QNPbyTAP_FC5_,-1.071180714,-0.1442,7.428437686
WDR17,QNPbyTAP_FC5_,1.605871429,0.2172675,7.39121787
SNORD67,QNPbyTAP_FC5_,-2.012083714,-0.273509313,7.356545545
RPLP0P2,QNPbyTAP_FC5_,-0.469611429,-0.0640775,7.328803848
HEPH,QNPbyTAP_FC5_,3.526171429,0.481725,7.319884641
SIRPA,QNPbyTAP_FC5_,-4.9722,-0.6826,7.284207442
RP1-145M24.1,QNPbyTAP_FC5_,-1.385464286,-0.190229,7.283139194
C9orf3,QNPbyTAP_FC5_,-0.104980571,-0.0145475,7.21639948
TTC4,QNPbyTAP_FC5_,-0.877417143,-0.122996325,7.133685847
KCND3,QNPbyTAP_FC5_,1.728385714,0.2423625,7.131407352
RP11-958N24.1,QNPbyTAP_FC5_,1.236932857,0.173863375,7.114395756
CTB-187L3.1,QNPbyTAP_FC5_,-1.04797,-0.147675,7.096461825
KCTD15,QNPbyTAP_FC5_,1.760157143,0.2485875,7.080634154
MT1E,QNPbyTAP_FC5_,-4.128862857,-0.584665,7.061929237
RP11-295D4.3,QNPbyTAP_FC5_,1.126847143,0.160918875,7.00257905
MIR4458HG,QNPbyTAP_FC5_,2.871757143,0.41043625,6.996840905
RP11-849F2.7,QNPbyTAP_FC5_,1.566244286,0.22491125,6.963832559
AC069257.6,QNPbyTAP_FC5_,1.093998571,0.15753,6.944699876
LA16c-60H5.7,QNPbyTAP_FC5_,1.367184286,0.198245,6.896437669
RP11-329B9.3,QNPbyTAP_FC5_,2.344148571,0.339946,6.895649813
TNRC18P3,QNPbyTAP_FC5_,1.284231429,0.186575,6.883191363
RP11-1094M14.14,QNPbyTAP_FC5_,0.326672857,0.04756975,6.867239309
LL22NC03-2H8.5,QNPbyTAP_FC5_,1.418125714,0.20659375,6.864320505
RP11-76E16.2,QNPbyTAP_FC5_,0.902875714,0.13157,6.862322066
SRGAP1,QNPbyTAP_FC5_,0.902932857,0.131633,6.859471843
CTD-2013N17.6,QNPbyTAP_FC5_,2.154052857,0.315710125,6.822881772
NCR3LG1,QNPbyTAP_FC5_,-1.470722857,-0.2161925,6.802839401
MAATS1,QNPbyTAP_FC5_,0.268628571,0.039559375,6.790516064
GOLGA2P5,QNPbyTAP_FC5_,1.387464286,0.2045875,6.781764701
MAGI2-AS3,QNPbyTAP_FC5_,2.1301,0.3153625,6.754449245
RN7SL356P,QNPbyTAP_FC5_,1.579695714,0.2346025,6.733499065
DPPA4,QNPbyTAP_FC5_,-1.846742857,-0.27495,6.71664978
MTND6P3,QNPbyTAP_FC5_,1.50132,0.2237425,6.710034973
KIAA0922,QNPbyTAP_FC5_,2.392942857,0.3567275,6.708041452
AC002310.12,QNPbyTAP_FC5_,0.369464,0.05514775,6.699529899
RP5-1132H15.3,QNPbyTAP_FC5_,0.561339143,0.08398725,6.683623322
IER3,QNPbyTAP_FC5_,0.978558571,0.14660375,6.67485362
ROBO3,QNPbyTAP_FC5_,1.730797143,0.25936,6.673338768
RP11-378J18.9,QNPbyTAP_FC5_,0.936925714,0.140993125,6.645187234
GIN1,QNPbyTAP_FC5_,1.371414286,0.20765,6.604451171
MOB3B,QNPbyTAP_FC5_,1.699594286,0.2582125,6.582153404
CPPED1,QNPbyTAP_FC5_,-0.650682857,-0.09911875,6.564679812
RNASEH1P2,QNPbyTAP_FC5_,-0.164108,-0.025045,6.552525454
RP11-932O9.10,QNPbyTAP_FC5_,-1.283514286,-0.1959475,6.550296818
HAPLN3,QNPbyTAP_FC5_,1.327668571,0.203365,6.528500831
MLLT10P1,QNPbyTAP_FC5_,-1.886094286,-0.28893125,6.527830706
TET2,QNPbyTAP_FC5_,1.145628571,0.17605,6.507404552
COL8A1,QNPbyTAP_FC5_,-2.813814286,-0.432775,6.501794895
RP3-368A4.5,QNPbyTAP_FC5_,0.454263857,0.070781625,6.417821817
RP11-1246C19.1,QNPbyTAP_FC5_,2.6788,0.41796125,6.409206595
WDPCP,QNPbyTAP_FC5_,0.227778571,0.03560525,6.397331052
CDH12P1,QNPbyTAP_FC5_,1.637214286,0.25597375,6.396024146
LSM11,QNPbyTAP_FC5_,1.4097,0.220425,6.395372576
RP11-670E13.6,QNPbyTAP_FC5_,-1.7375,-0.2721225,6.384992053
GATS,QNPbyTAP_FC5_,1.656171429,0.26047625,6.35824352
SPRY4-IT1,QNPbyTAP_FC5_,1.393448571,0.21973375,6.341531838
PLAG1,QNPbyTAP_FC5_,2.790342857,0.44018625,6.33900504
Metazoa_SRP,QNPbyTAP_FC5_,1.253412857,0.1979575,6.331727048
CCDC136,QNPbyTAP_FC5_,3.469,0.5480825,6.329339105
RP11-552M11.8,QNPbyTAP_FC5_,1.801177143,0.28532875,6.312638116
FBXL16,QNPbyTAP_FC5_,1.78777,0.283295,6.310630262
RPS4XP22,QNPbyTAP_FC5_,3.669885714,0.581725,6.308626437
FAM185A,QNPbyTAP_FC5_,1.805714286,0.286925,6.293332006
GS1-174L6.4,QNPbyTAP_FC5_,0.917222857,0.146769375,6.249415841
TCP11L2,QNPbyTAP_FC5_,1.735268571,0.27815825,6.23842209
NBEAP3,QNPbyTAP_FC5_,2.216371429,0.35529625,6.238094065
RP11-705C15.3,QNPbyTAP_FC5_,-0.406124286,-0.065175625,6.231229631
IQGAP2,QNPbyTAP_FC5_,1.923132857,0.30865,6.230788457
NCOR1P2,QNPbyTAP_FC5_,-0.630215714,-0.10127625,6.222739431
C9orf172,QNPbyTAP_FC5_,2.701857143,0.4348725,6.212986894
WDR27,QNPbyTAP_FC5_,2.031014286,0.3273625,6.204175144
ATP1A1-AS1,QNPbyTAP_FC5_,1.466071429,0.23665125,6.19507156
EHMT1,QNPbyTAP_FC5_,1.983557143,0.320275,6.19329371
WDR73,QNPbyTAP_FC5_,0.254612286,0.041119938,6.19194243
PCDHB11,QNPbyTAP_FC5_,2.650528571,0.42877,6.181702478
EEF1GP5,QNPbyTAP_FC5_,1.6496,0.267245,6.172613145
RP11-305E6.4,QNPbyTAP_FC5_,0.528800857,0.085827875,6.161178488
BRWD3,QNPbyTAP_FC5_,2.186014286,0.359675,6.077748761
TMCO6,QNPbyTAP_FC5_,1.724214286,0.28504625,6.048893068
VCAN,QNPbyTAP_FC5_,-1.786814286,-0.2954375,6.048028046
FRG1KP,QNPbyTAP_FC5_,0.548971429,0.091304575,6.012529258
SEC14L1P1,QNPbyTAP_FC5_,1.025051429,0.170580525,6.009193773
RP11-426L16.3,QNPbyTAP_FC5_,-0.258817571,-0.043084,6.007278141
MT1A,QNPbyTAP_FC5_,2.107314286,0.35086425,6.006067263
ARHGAP5-AS1,QNPbyTAP_FC5_,1.479901429,0.246465,6.004509478
RP11-390E23.6,QNPbyTAP_FC5_,2.003971429,0.33443125,5.992177551
AC064875.2,QNPbyTAP_FC5_,1.666888571,0.27824625,5.990695549
INE1,QNPbyTAP_FC5_,0.828497143,0.1383925,5.986575449
ENPP5,QNPbyTAP_FC5_,4.191257143,0.701163,5.977578884
PTCD2,QNPbyTAP_FC5_,1.6921,0.2833875,5.970976137
RP5-882C2.2,QNPbyTAP_FC5_,1.235128571,0.20689375,5.969868937
DLX1,QNPbyTAP_FC5_,-0.888759714,-0.149031625,5.963564541
AKR1C3,QNPbyTAP_FC5_,-3.920285714,-0.6583625,5.954600565
RP11-230F18.5,QNPbyTAP_FC5_,0.660825714,0.11103,5.951776225
NDOR1,QNPbyTAP_FC5_,1.739957143,0.29307,5.937001886
ZNF775,QNPbyTAP_FC5_,2.135371429,0.3598125,5.93467828
TTC33,QNPbyTAP_FC5_,1.283905714,0.2164125,5.932678169
RNU6-26P,QNPbyTAP_FC5_,0.538084429,0.090729375,5.930652874
RP11-723O4.2,QNPbyTAP_FC5_,-0.469677143,-0.07924275,5.927067686
AC144652.1,QNPbyTAP_FC5_,0.965152857,0.16304375,5.919594324
CD70,QNPbyTAP_FC5_,-5.218414286,-0.8820525,5.916217329
RP11-364P2.2,QNPbyTAP_FC5_,1.544657143,0.2611225,5.915450192
RP11-274B21.14,QNPbyTAP_FC5_,2.265857143,0.383105625,5.914444986
RHBDL3,QNPbyTAP_FC5_,-2.383564286,-0.404555,5.891817641
SPDYE3,QNPbyTAP_FC5_,1.032687143,0.175485,5.884760195
RP11-107F6.4,QNPbyTAP_FC5_,1.601639286,0.272835875,5.870339763
C1QTNF1,QNPbyTAP_FC5_,-3.248412857,-0.55385875,5.865056492
RP11-113D6.10,QNPbyTAP_FC5_,-0.298982857,-0.051049125,5.856767518
CNTNAP3,QNPbyTAP_FC5_,2.534428571,0.4334225,5.847478088
TMEFF2,QNPbyTAP_FC5_,-6.331914286,-1.0834125,5.844416864
SYDE2,QNPbyTAP_FC5_,0.513449857,0.087876088,5.842884814
TIGD6,QNPbyTAP_FC5_,1.918285714,0.329425,5.823133382
Metazoa_SRP,QNPbyTAP_FC5_,1.176621183,0.20333625,5.786578551
FGF12,QNPbyTAP_FC5_,0.610107143,0.10585,5.763884203
RP11-347C18.5,QNPbyTAP_FC5_,-1.598281429,-0.277367563,5.762322797
SPDYE16,QNPbyTAP_FC5_,2.022028571,0.35138125,5.754514709
RP11-104G3.7,QNPbyTAP_FC5_,2.149357143,0.37674375,5.705090377
HLA-L,QNPbyTAP_FC5_,1.296068571,0.22741375,5.699165382
GS1-388B5.1,QNPbyTAP_FC5_,-0.558581429,-0.09804025,5.697470463
AC138969.4,QNPbyTAP_FC5_,1.296874286,0.22786875,5.691321367
TOR2A,QNPbyTAP_FC5_,0.788781429,0.138675,5.687985784
GDPD3,QNPbyTAP_FC5_,1.264424286,0.22254125,5.68175242
BOK,QNPbyTAP_FC5_,-2.34009,-0.4133125,5.661793437
OCLN,QNPbyTAP_FC5_,2.0066,0.35464125,5.658112247
CD37,QNPbyTAP_FC5_,1.314515714,0.23311375,5.638945426
RP11-85K15.3,QNPbyTAP_FC5_,0.426888857,0.075731875,5.636845214
AF127936.9,QNPbyTAP_FC5_,0.972468571,0.17255,5.635865381
ZFPM2-AS1,QNPbyTAP_FC5_,3.672157143,0.65209625,5.631311548
INTS4P1,QNPbyTAP_FC5_,2.047192857,0.36359,5.630498246
TXNDC5,QNPbyTAP_FC5_,0.937998571,0.16697375,5.617640925
DPY19L2P2,QNPbyTAP_FC5_,1.752795714,0.31239125,5.610898879
LINC00551,QNPbyTAP_FC5_,3.057285714,0.547076375,5.588407495
MLLT3,QNPbyTAP_FC5_,2.210257143,0.39657,5.573435063
SERAC1,QNPbyTAP_FC5_,1.439285714,0.2587625,5.562188162
PCDHB9,QNPbyTAP_FC5_,2.273971429,0.40913375,5.558014778
THBS4,QNPbyTAP_FC5_,2.274305714,0.4094725,5.554233103
FAM198B,QNPbyTAP_FC5_,0.815441429,0.14683,5.553643183
HIST1H4K,QNPbyTAP_FC5_,-1.7208,-0.309951,5.551845292
TENM1,QNPbyTAP_FC5_,3.494457143,0.630483625,5.542502619
DNAJB5,QNPbyTAP_FC5_,1.346827143,0.24351,5.530890489
PHBP3,QNPbyTAP_FC5_,-0.613837143,-0.111154,5.522402638
VCAM1,QNPbyTAP_FC5_,-6.155871429,-1.11551125,5.518430611
GEMIN8P4,QNPbyTAP_FC5_,-0.202499143,-0.036696125,5.518270467
WHRN,QNPbyTAP_FC5_,3.251971429,0.5901175,5.510718507
C11orf96,QNPbyTAP_FC5_,2.056922857,0.37337875,5.508944623
RP11-471G13.2,QNPbyTAP_FC5_,-0.830522857,-0.15132375,5.488384058
TMEM86A,QNPbyTAP_FC5_,1.299762857,0.2373945,5.475117819
RP11-460E7.8,QNPbyTAP_FC5_,3.9994,0.731475,5.467582624
CEP85L,QNPbyTAP_FC5_,1.977828571,0.362175,5.460974864
POLR2J2,QNPbyTAP_FC5_,1.979685714,0.362956,5.454340786
CCNJL,QNPbyTAP_FC5_,1.198745714,0.22055625,5.435101995
BTBD9,QNPbyTAP_FC5_,1.178071429,0.2169025,5.431340942
LYPD6,QNPbyTAP_FC5_,-1.29422,-0.2384025,5.428718239
HIGD1AP10,QNPbyTAP_FC5_,-1.19231,-0.22040425,5.409650676
SH3RF3,QNPbyTAP_FC5_,0.933228571,0.17295125,5.395905328
DNAH1,QNPbyTAP_FC5_,0.695451429,0.1288935,5.395550812
IGHD7-27,QNPbyTAP_FC5_,0.469008571,0.087104875,5.384412427
DUS4L,QNPbyTAP_FC5_,1.771128571,0.3291625,5.380711872
FBXW7,QNPbyTAP_FC5_,2.397614286,0.44599,5.375937321
TRNP1,QNPbyTAP_FC5_,-1.622327143,-0.3018875,5.373946066
AL772307.1,QNPbyTAP_FC5_,1.875357143,0.3499385,5.359104937
CDK20,QNPbyTAP_FC5_,1.709357143,0.3192875,5.353661333
IRF9,QNPbyTAP_FC5_,0.976774286,0.182774875,5.344138716
FANCB,QNPbyTAP_FC5_,-0.999651429,-0.1875375,5.330408204
MRPS21P3,QNPbyTAP_FC5_,0.225788571,0.04235875,5.33038797
MYRF,QNPbyTAP_FC5_,0.998984286,0.18768125,5.322770845
AC005519.4,QNPbyTAP_FC5_,2.010771429,0.3788365,5.307755268
RP11-477I4.4,QNPbyTAP_FC5_,0.590708571,0.11148275,5.298654468
CTD-2530N21.4,QNPbyTAP_FC5_,2.128457143,0.40188375,5.29620106
Metazoa_SRP,QNPbyTAP_FC5_,1.426685714,0.26952125,5.293407159
SIRT5,QNPbyTAP_FC5_,1.762528571,0.33305,5.292083986
ZNF555,QNPbyTAP_FC5_,1.572237143,0.2971075,5.291812367
TPMTP1,QNPbyTAP_FC5_,-2.586514286,-0.489825,5.280486471
FAIM,QNPbyTAP_FC5_,-2.992257143,-0.5672125,5.275372357
KANSL1-AS1,QNPbyTAP_FC5_,-1.317595714,-0.25035625,5.262883249
RNF135,QNPbyTAP_FC5_,-3.188728571,-0.608375,5.241386598
IGSF11,QNPbyTAP_FC5_,2.429571429,0.46379375,5.238473844
SEMA4D,QNPbyTAP_FC5_,2.669042857,0.5102,5.231365851
PRR22,QNPbyTAP_FC5_,0.620668571,0.1186725,5.230096033
HSP90AB4P,QNPbyTAP_FC5_,-0.72457,-0.138789375,5.220644592
GLRX,QNPbyTAP_FC5_,3.376985714,0.6473325,5.216771465
BBS9,QNPbyTAP_FC5_,1.849214286,0.3547,5.213460067
TRIM36,QNPbyTAP_FC5_,2.239614286,0.43027375,5.205091609
FAM185BP,QNPbyTAP_FC5_,1.613244286,0.31052375,5.195236389
CNR1,QNPbyTAP_FC5_,4.767257143,0.9197625,5.183139281
PSMA2,QNPbyTAP_FC5_,1.263901429,0.2439225,5.181569673
Metazoa_SRP,QNPbyTAP_FC5_,0.635496,0.12322875,5.157043304
FGF7P3,QNPbyTAP_FC5_,2.428328571,0.471212,5.153367426
C10orf90,QNPbyTAP_FC5_,3.867971429,0.753155875,5.135685131
INTU,QNPbyTAP_FC5_,1.6089,0.313625,5.130011957
LINC00328-2P,QNPbyTAP_FC5_,1.09431,0.213645,5.122095064
ZSCAN16,QNPbyTAP_FC5_,0.5406,0.10573125,5.112963291
RAB26,QNPbyTAP_FC5_,1.638318571,0.32047375,5.112177117
RP11-1280N14.3,QNPbyTAP_FC5_,2.1897,0.42876525,5.106990364
TRIM52,QNPbyTAP_FC5_,2.266471429,0.44456875,5.09813483
DERL3,QNPbyTAP_FC5_,-1.086641429,-0.214039375,5.076829572
NQO2,QNPbyTAP_FC5_,2.243357143,0.44194625,5.076085933
RP11-600F24.7,QNPbyTAP_FC5_,2.488535714,0.490825,5.070107909
HELB,QNPbyTAP_FC5_,0.385811429,0.0761775,5.064637571
REC8,QNPbyTAP_FC5_,1.24635,0.24618864,5.062581286
RN7SL608P,QNPbyTAP_FC5_,0.55816,0.110293875,5.0606618
TPRN,QNPbyTAP_FC5_,2.524371429,0.49894375,5.059430905
GRIK5,QNPbyTAP_FC5_,-2.495342857,-0.49425,5.048746297
CDH12P3,QNPbyTAP_FC5_,1.573728571,0.31177,5.047722909
JMY,QNPbyTAP_FC5_,3.010085714,0.596575,5.045611556
SNHG7,QNPbyTAP_FC5_,2.299585714,0.4564375,5.038117408
PAXIP1-AS2,QNPbyTAP_FC5_,2.594571429,0.5157975,5.030213269
RAB33B,QNPbyTAP_FC5_,1.551,0.30834,5.03016151
OLIG2,QNPbyTAP_FC5_,4.526657143,0.90056625,5.026456569
RP11-554D14.2,QNPbyTAP_FC5_,-0.413974286,-0.082377375,5.025339612
GUSBP9,QNPbyTAP_FC5_,1.42842,0.284825,5.015079435
IFI44L,QNPbyTAP_FC5_,-4.5113,-0.899555,5.015035212
ADGRB3,QNPbyTAP_FC5_,1.380375714,0.27553375,5.009824438
LINC01003,QNPbyTAP_FC5_,0.890718571,0.17801375,5.0036504
Y_RNA,TAPbyQNP_FC5_,-0.000707143,-0.44886125,634.7532828
RN7SL771P,TAPbyQNP_FC5_,-0.004230929,-2.34401,554.0178617
STK32C,TAPbyQNP_FC5_,0.001657143,0.56351375,340.0514009
ATF4P1,TAPbyQNP_FC5_,-0.00483,-1.2074325,249.9860248
ALDH1L2,TAPbyQNP_FC5_,0.002744286,0.6447775,234.952759
PDK1,TAPbyQNP_FC5_,0.003825714,0.861056875,225.0708785
CA13,TAPbyQNP_FC5_,-0.002902743,-0.56973375,196.2742751
RP11-178H8.7,TAPbyQNP_FC5_,-0.004147143,-0.72893375,175.7676972
SULT1A3,TAPbyQNP_FC5_,-0.00434,-0.7499385,172.7968894
RP3-331H24.7,TAPbyQNP_FC5_,-0.006274714,-1.062838625,169.3843857
RP11-403I13.7,TAPbyQNP_FC5_,-0.017406143,-2.91546,167.49604
ZDHHC20P4,TAPbyQNP_FC5_,0.000812857,0.1355025,166.6990334
MEIS3P1,TAPbyQNP_FC5_,0.007077143,0.988958,139.7397255
FAM35DP,TAPbyQNP_FC5_,0.005447143,0.717471,131.7151062
HYLS1,TAPbyQNP_FC5_,0.008155714,1.00817,123.615169
MIR27A,TAPbyQNP_FC5_,-0.020921143,-2.342635,111.9745234
IMPDH1P5,TAPbyQNP_FC5_,-0.006018571,-0.586845,97.50569665
NKX2-1,TAPbyQNP_FC5_,-0.02036,-1.93883875,95.22783644
SLITRK5,TAPbyQNP_FC5_,-0.007884286,-0.72169025,91.5352736
SNORA22,TAPbyQNP_FC5_,-0.004945714,-0.39730475,80.33313836
AC102953.4,TAPbyQNP_FC5_,-0.034575714,-2.69494,77.94314754
NDUFA4L2,TAPbyQNP_FC5_,-0.008242857,-0.640730375,77.73158795
ANKRD20A4,TAPbyQNP_FC5_,-0.027177143,-2.087166375,76.79859454
CEL,TAPbyQNP_FC5_,-0.024067286,-1.7665425,73.40015492
CRISPLD2,TAPbyQNP_FC5_,0.010655,0.76704475,71.98918348
CTD-2516F10.2,TAPbyQNP_FC5_,-0.039650286,-2.83284375,71.44573359
AP001432.14,TAPbyQNP_FC5_,-0.013190571,-0.9275275,70.31746161
PRELID2,TAPbyQNP_FC5_,-0.020707143,-1.40061825,67.63937737
C14orf80,TAPbyQNP_FC5_,0.014554,0.88881875,61.0704102
UG0898H09,TAPbyQNP_FC5_,-0.043278571,-2.60522625,60.19667849
GRIN3B,TAPbyQNP_FC5_,-0.038191429,-2.2141025,57.97380676
MAP3K14-AS1,TAPbyQNP_FC5_,-0.016058571,-0.91406375,56.92061427
RP11-524F11.1,TAPbyQNP_FC5_,-0.005274571,-0.29080375,55.13315232
STOX2,TAPbyQNP_FC5_,-0.048312857,-2.471085,51.14756498
RINL,TAPbyQNP_FC5_,-0.020035571,-0.9857525,49.20011907
MIR3125,TAPbyQNP_FC5_,-0.021687143,-1.0617825,48.95907714
CTC-384G19.1,TAPbyQNP_FC5_,-0.02387,-1.097980875,45.99836091
RP11-10K16.1,TAPbyQNP_FC5_,-0.050208571,-2.215705,44.1300148
CYP3A5,TAPbyQNP_FC5_,-0.037417086,-1.60830375,42.98313776
AC073464.11,TAPbyQNP_FC5_,-0.054427971,-2.33571725,42.91391336
CTD-2050E21.1,TAPbyQNP_FC5_,-0.019639686,-0.839065875,42.72297873
GPRIN3,TAPbyQNP_FC5_,-0.054825714,-2.33702875,42.62650803
FAM231D,TAPbyQNP_FC5_,-0.066913571,-2.82061,42.15303323
EEF1E1P1,TAPbyQNP_FC5_,-0.002359186,-0.098747125,41.85644411
RNF112,TAPbyQNP_FC5_,-0.025597143,-1.03736,40.52639804
ACAP1,TAPbyQNP_FC5_,-0.038491429,-1.5367,39.92317399
CTC-439O9.1,TAPbyQNP_FC5_,-0.068301429,-2.70778375,39.64461369
RP11-480D4.7,TAPbyQNP_FC5_,-0.057872557,-2.280055,39.39786166
XAGE1A,TAPbyQNP_FC5_,-0.067335,-2.583198875,38.36339014
CTD-2349P21.10,TAPbyQNP_FC5_,-0.009740443,-0.373019375,38.29593587
LLNLR-246C6.1,TAPbyQNP_FC5_,-0.011807429,-0.447547375,37.90388164
Y_RNA,TAPbyQNP_FC5_,-0.022074714,-0.83438,37.79799771
RNU1-122P,TAPbyQNP_FC5_,-0.0571,-2.15389375,37.7214317
GSG2,TAPbyQNP_FC5_,0.034212857,1.257235,36.74744248
RP11-848G14.2,TAPbyQNP_FC5_,-0.056075714,-2.05079,36.57180343
RP5-890E16.2,TAPbyQNP_FC5_,-0.025705714,-0.93236775,36.27083611
SAP30L-AS1,TAPbyQNP_FC5_,-0.027818571,-0.9865625,35.46416834
CTD-2528L19.3,TAPbyQNP_FC5_,0.009912471,0.348856375,35.19368278
RP11-334C17.3,TAPbyQNP_FC5_,-0.009515714,-0.330125,34.69261372
TTC21A,TAPbyQNP_FC5_,-0.027617143,-0.95233375,34.48342774
ALK,TAPbyQNP_FC5_,-0.052133857,-1.79295,34.39127849
AC090018.1,TAPbyQNP_FC5_,-0.05773,-1.952614875,33.82322666
SLX1A,TAPbyQNP_FC5_,-0.012678857,-0.408562875,32.22395129
RP11-490D19.8,TAPbyQNP_FC5_,-0.077434286,-2.4807875,32.03732658
RP11-195F19.9,TAPbyQNP_FC5_,-0.024974,-0.794735,31.8224954
CA5B,TAPbyQNP_FC5_,-0.035866857,-1.11277375,31.02512566
PALM2,TAPbyQNP_FC5_,-0.071478571,-2.17409625,30.41605626
AC019185.4,TAPbyQNP_FC5_,-0.010393857,-0.313172,30.13048916
CTD-2132N18.2,TAPbyQNP_FC5_,-0.048290586,-1.44783875,29.98180139
MIR6784,TAPbyQNP_FC5_,-0.062202857,-1.83307,29.46922512
ZNF836,TAPbyQNP_FC5_,-0.021467429,-0.610765,28.45077593
RP13-36G14.3,TAPbyQNP_FC5_,-0.012706286,-0.35108075,27.63047817
RP1-290F12.3,TAPbyQNP_FC5_,-0.037228571,-1.0224025,27.46284536
NOS1AP,TAPbyQNP_FC5_,-0.044471714,-1.22130875,27.46259661
FLJ31104,TAPbyQNP_FC5_,-0.059329571,-1.62288125,27.35366548
MGAT2,TAPbyQNP_FC5_,0.018289286,0.494875125,27.05819859
HSP90AA5P,TAPbyQNP_FC5_,0.035125714,0.94656125,26.94781499
C19orf38,TAPbyQNP_FC5_,-0.112218,-3.0145875,26.8636716
CTNNA1P1,TAPbyQNP_FC5_,-0.029858571,-0.792062375,26.52713566
RP4-584D14.6,TAPbyQNP_FC5_,-0.06549,-1.71135375,26.13152771
RP11-25I15.3,TAPbyQNP_FC5_,-0.065717857,-1.695135,25.79413075
AC005624.2,TAPbyQNP_FC5_,-0.019452857,-0.50156375,25.78355181
AC091633.3,TAPbyQNP_FC5_,-0.082772857,-2.1074925,25.46115445
Y_RNA,TAPbyQNP_FC5_,-0.064484286,-1.64061625,25.44210937
RP11-18M17.1,TAPbyQNP_FC5_,-0.010575714,-0.2673375,25.27843442
ESPN,TAPbyQNP_FC5_,-0.104364286,-2.6372,25.26918075
CFAP45,TAPbyQNP_FC5_,-0.046463714,-1.17336525,25.25336745
PMS2P6,TAPbyQNP_FC5_,-0.060188429,-1.49778875,24.8849951
RP11-102M11.1,TAPbyQNP_FC5_,0.039823571,0.98918,24.83905799
RP11-577H5.5,TAPbyQNP_FC5_,-0.072644143,-1.78556625,24.57963133
RP11-742D12.2,TAPbyQNP_FC5_,-0.122534286,-2.9852745,24.36276902
THCAT158,TAPbyQNP_FC5_,-0.028122857,-0.68032625,24.19122092
RP1-200G19.1,TAPbyQNP_FC5_,0.025883143,0.62436375,24.12240868
HOXC6,TAPbyQNP_FC5_,-0.081499714,-1.9366225,23.76232257
RP3-337H4.8,TAPbyQNP_FC5_,-0.022402857,-0.531250075,23.71349652
LCMT1-AS1,TAPbyQNP_FC5_,-0.03155,-0.740782,23.47961965
RP11-326C3.2,TAPbyQNP_FC5_,-0.140201429,-3.2835075,23.41992898
ZNF223,TAPbyQNP_FC5_,-0.033377486,-0.7789185,23.33664395
CTC-573M9.1,TAPbyQNP_FC5_,-0.049831286,-1.16186875,23.31605001
MOCOS,TAPbyQNP_FC5_,0.041248571,0.93700125,22.71596852
AC007041.2,TAPbyQNP_FC5_,0.034410729,0.7737,22.48426674
CLIC5,TAPbyQNP_FC5_,-0.155528571,-3.4955375,22.47521126
CTC-444N24.7,TAPbyQNP_FC5_,-0.030509286,-0.683729125,22.41052548
AC055876.1,TAPbyQNP_FC5_,-0.032381429,-0.72124375,22.27337649
FAT4,TAPbyQNP_FC5_,-0.052392857,-1.1622475,22.1833197
RP11-346C16.4,TAPbyQNP_FC5_,-0.117222857,-2.57907,22.00142586
RAPGEF5,TAPbyQNP_FC5_,-0.082401429,-1.81115625,21.97967052
ANXA2P3,TAPbyQNP_FC5_,0.051855714,1.130891875,21.80843308
RP11-291I6.2,TAPbyQNP_FC5_,-0.115834286,-2.52224375,21.77458716
CD27,TAPbyQNP_FC5_,-0.053247571,-1.15315675,21.65651351
CFAP70,TAPbyQNP_FC5_,-0.040905714,-0.88501875,21.63557746
XRCC6P1,TAPbyQNP_FC5_,0.043827143,0.94668,21.60031292
TBC1D10C,TAPbyQNP_FC5_,-0.128628571,-2.76765,21.51660373
CTD-2270L9.2,TAPbyQNP_FC5_,-0.013102857,-0.278932525,21.28791621
CTC-463A16.1,TAPbyQNP_FC5_,-0.089148714,-1.86416875,20.91077549
FGF9,TAPbyQNP_FC5_,-0.193127571,-4.035005,20.89295159
CTD-2325P2.3,TAPbyQNP_FC5_,-0.094808571,-1.97099875,20.78924638
MRPL3P1,TAPbyQNP_FC5_,0.065740571,1.35468875,20.60658617
LRCOL1,TAPbyQNP_FC5_,-0.121314286,-2.4939625,20.55786328
BCAR1P2,TAPbyQNP_FC5_,-0.016706857,-0.341635,20.44878921
SGO1,TAPbyQNP_FC5_,0.072831429,1.46012875,20.04805863
RP11-662M24.2,TAPbyQNP_FC5_,-0.155167143,-3.1050375,20.0109214
RP3-406A7.7,TAPbyQNP_FC5_,-0.095825714,-1.90937625,19.92551023
RP11-814E24.3,TAPbyQNP_FC5_,-0.082635857,-1.6379375,19.82114734
AKAP3,TAPbyQNP_FC5_,-0.073794286,-1.45860875,19.76587666
RP11-706D8.3,TAPbyQNP_FC5_,-0.056555714,-1.1146925,19.70963525
STEAP1B,TAPbyQNP_FC5_,-0.069625714,-1.36714375,19.63561543
SLC2A1-AS1,TAPbyQNP_FC5_,-0.072987086,-1.42949375,19.58557101
LINC01058,TAPbyQNP_FC5_,-0.14063,-2.675075,19.02207921
THBS1,TAPbyQNP_FC5_,0.156214286,2.9503525,18.88657293
RP11-603B24.2,TAPbyQNP_FC5_,-0.056254714,-1.05487125,18.7516951
RP11-534C12.1,TAPbyQNP_FC5_,-0.080917571,-1.501385,18.55449902
OR7E101P,TAPbyQNP_FC5_,-0.185109286,-3.37490375,18.23195275
BNIPL,TAPbyQNP_FC5_,-0.08576,-1.510895,17.61771222
AC073957.15,TAPbyQNP_FC5_,-0.147701,-2.58414375,17.49577694
AL022341.3,TAPbyQNP_FC5_,-0.118750829,-2.063125,17.37356299
LAMTOR5-AS1,TAPbyQNP_FC5_,-0.072278571,-1.23734375,17.11909527
CNTNAP3P5,TAPbyQNP_FC5_,-0.110433429,-1.88957125,17.11050064
ATP5F1P6,TAPbyQNP_FC5_,-0.034813071,-0.5909275,16.97429947
CTC-501O10.1,TAPbyQNP_FC5_,-0.151551429,-2.5236625,16.65218549
CTD-2561J22.2,TAPbyQNP_FC5_,-0.067491143,-1.119356125,16.58522997
MAT1A,TAPbyQNP_FC5_,-0.298930857,-4.954945,16.57555546
RN7SL202P,TAPbyQNP_FC5_,0.013192857,0.21777375,16.50694369
SNORA15,TAPbyQNP_FC5_,-0.079594286,-1.30766325,16.42910968
SEPT7P6,TAPbyQNP_FC5_,-0.013512429,-0.21830375,16.15577458
LST1,TAPbyQNP_FC5_,-0.227278571,-3.6434625,16.03082278
KLHL7-AS1,TAPbyQNP_FC5_,-0.106511429,-1.7056325,16.01361021
GSTM5,TAPbyQNP_FC5_,-0.058974,-0.940621125,15.94975964
CTD-2186M15.3,TAPbyQNP_FC5_,-0.035602857,-0.567624,15.94321483
LINC00390,TAPbyQNP_FC5_,-0.123198,-1.93935,15.74173282
SNORD100,TAPbyQNP_FC5_,-0.053564286,-0.8353225,15.59476597
RP11-332M2.1,TAPbyQNP_FC5_,0.111251143,1.73182125,15.56677267
XXbac-BPG181B23.7,TAPbyQNP_FC5_,-0.052465143,-0.812882,15.49375368
CTB-113I20.2,TAPbyQNP_FC5_,-0.051637286,-0.7949075,15.39406049
DDN,TAPbyQNP_FC5_,-0.098687286,-1.516858125,15.37035003
FUT3,TAPbyQNP_FC5_,-0.345485714,-5.306925,15.36076538
BCRP3,TAPbyQNP_FC5_,-0.029462243,-0.4482125,15.21311538
SKA3,TAPbyQNP_FC5_,0.146795286,2.20975575,15.0533155
ZNF843,TAPbyQNP_FC5_,-0.086292857,-1.2858225,14.90068289
PCDHGB1,TAPbyQNP_FC5_,-0.090767143,-1.327133125,14.62129448
GALNT4,TAPbyQNP_FC5_,-0.078713143,-1.14932875,14.60148469
ALG14,TAPbyQNP_FC5_,0.035401254,0.51635875,14.58588856
MLC1,TAPbyQNP_FC5_,0.141252857,2.0304125,14.37431101
AC007461.2,TAPbyQNP_FC5_,-0.165561429,-2.3678375,14.30186681
SEMA4A,TAPbyQNP_FC5_,-0.156591714,-2.222575,14.19343935
RP11-392E22.11,TAPbyQNP_FC5_,-0.183251857,-2.58705025,14.1174572
RP11-405L18.4,TAPbyQNP_FC5_,-0.088968571,-1.2557175,14.11416953
ERVW-1,TAPbyQNP_FC5_,-0.132868429,-1.86643875,14.04727045
RP11-347C18.3,TAPbyQNP_FC5_,-0.122372429,-1.71761125,14.03593334
LACE1,TAPbyQNP_FC5_,-0.065386,-0.90885025,13.8997683
RP11-416H1.2,TAPbyQNP_FC5_,-0.042522857,-0.590099584,13.8772327
RP11-946P6.4,TAPbyQNP_FC5_,-0.141188571,-1.9573925,13.86367523
SULT1C2,TAPbyQNP_FC5_,-0.175017857,-2.4185,13.81858994
CASKIN1,TAPbyQNP_FC5_,-0.155537286,-2.147995,13.81016128
TAS2R6P,TAPbyQNP_FC5_,-0.145856386,-2.011705,13.79236836
MRGPRX3,TAPbyQNP_FC5_,-0.058141143,-0.80154675,13.78622281
RP11-855A2.1,TAPbyQNP_FC5_,-0.025695714,-0.354103875,13.78065895
CDK5R2,TAPbyQNP_FC5_,-0.076478571,-1.0508875,13.74094051
RPSAP54,TAPbyQNP_FC5_,0.019411429,0.26567375,13.68646048
RP11-350N15.4,TAPbyQNP_FC5_,-0.113672857,-1.5553625,13.68279587
U47924.32,TAPbyQNP_FC5_,-0.032421429,-0.44046125,13.58549791
GLIPR1,TAPbyQNP_FC5_,0.216282,2.914775,13.47673408
RP11-506H21.5,TAPbyQNP_FC5_,-0.129018857,-1.738035,13.47117033
FSCN2,TAPbyQNP_FC5_,-0.099547286,-1.33379875,13.39864508
CTC-498M16.2,TAPbyQNP_FC5_,-0.220079429,-2.87777625,13.07608016
RP11-718B12.1,TAPbyQNP_FC5_,0.022069429,0.2882475,13.0609408
RP11-497H16.5,TAPbyQNP_FC5_,-0.08132,-1.05981675,13.03267031
LINC00638,TAPbyQNP_FC5_,-0.055792857,-0.71029325,12.73089937
MAPK13,TAPbyQNP_FC5_,-0.139226143,-1.766042125,12.68470194
TM4SF19,TAPbyQNP_FC5_,-0.075044,-0.94991375,12.65809059
RP11-613E4.4,TAPbyQNP_FC5_,-0.17855,-2.242755,12.56093531
RP11-561I11.3,TAPbyQNP_FC5_,-0.171382857,-2.1510975,12.55141579
RP11-261C10.5,TAPbyQNP_FC5_,-0.013840429,-0.173379138,12.52700641
SH3GL1P1,TAPbyQNP_FC5_,-0.06827,-0.8551525,12.52603633
RP11-561C5.1,TAPbyQNP_FC5_,-0.066374571,-0.831365,12.52535394
RP4-724E13.2,TAPbyQNP_FC5_,-0.275355714,-3.4266375,12.44440308
CYP2W1,TAPbyQNP_FC5_,-0.203795143,-2.529225,12.41062453
CMP21-97G8.2,TAPbyQNP_FC5_,-0.066403429,-0.82042375,12.35514141
SMCO4,TAPbyQNP_FC5_,0.095268571,1.17043375,12.28562298
NOC2LP2,TAPbyQNP_FC5_,0.044587143,0.54340375,12.18745394
FAM86JP,TAPbyQNP_FC5_,0.021072857,0.255669838,12.13266126
SNX18P25,TAPbyQNP_FC5_,-0.090270714,-1.08826,12.05551555
CTC-338M12.9,TAPbyQNP_FC5_,-0.291690429,-3.4946875,11.98080965
AC093627.12,TAPbyQNP_FC5_,-0.197088571,-2.3050445,11.6954752
RP11-572O6.1,TAPbyQNP_FC5_,-0.094735286,-1.101603875,11.62823194
TCAF2,TAPbyQNP_FC5_,-0.137457143,-1.59612,11.61176471
RP4-669P10.16,TAPbyQNP_FC5_,-0.124538857,-1.4406425,11.56781532
LTBP2,TAPbyQNP_FC5_,0.105822857,1.212805,11.46070927
RP11-626G11.6,TAPbyQNP_FC5_,-0.128477843,-1.465007,11.40279886
LINC01410,TAPbyQNP_FC5_,-0.124107143,-1.410331375,11.36382115
RP11-115C21.2,TAPbyQNP_FC5_,-0.093433714,-1.05526375,11.29425024
S100A5,TAPbyQNP_FC5_,-0.12701,-1.434089,11.2911503
SNORA15,TAPbyQNP_FC5_,-0.124794286,-1.405735,11.26441801
RP11-242D8.2,TAPbyQNP_FC5_,-0.051771429,-0.582905375,11.25920978
RP11-989F5.1,TAPbyQNP_FC5_,-0.134435714,-1.509165,11.22592317
RP11-279O9.4,TAPbyQNP_FC5_,-0.173401143,-1.923775,11.09436171
RP11-54A4.2,TAPbyQNP_FC5_,-0.121522857,-1.34386875,11.05856776
AE000658.30,TAPbyQNP_FC5_,0.075352857,0.832621138,11.04962929
RP11-390K5.6,TAPbyQNP_FC5_,-0.040255529,-0.44338525,11.01426973
SH3TC1,TAPbyQNP_FC5_,-0.082915714,-0.9090275,10.96327165
FGGY,TAPbyQNP_FC5_,-0.022919571,-0.249409625,10.88194977
RP11-1376P16.2,TAPbyQNP_FC5_,0.049871386,0.54037625,10.83539674
RP11-124B13.1,TAPbyQNP_FC5_,-0.148121429,-1.5991325,10.79609153
FAM132A,TAPbyQNP_FC5_,-0.173447714,-1.86756625,10.76731543
RP11-154P18.2,TAPbyQNP_FC5_,-0.222091429,-2.38992625,10.76100174
AC083884.8,TAPbyQNP_FC5_,-0.162025857,-1.742925625,10.75708319
RP11-455I9.1,TAPbyQNP_FC5_,-0.252282857,-2.7130875,10.75414925
NBL1,TAPbyQNP_FC5_,0.071766286,0.769675,10.72474341
PNCK,TAPbyQNP_FC5_,-0.297932,-3.182672125,10.68254543
BCO1,TAPbyQNP_FC5_,-0.231661429,-2.47334875,10.67656694
CYB561D2,TAPbyQNP_FC5_,-0.197357543,-2.103465,10.65814344
AC097523.3,TAPbyQNP_FC5_,0.117142857,1.24595125,10.63616921
RNU2-6P,TAPbyQNP_FC5_,-0.200839,-2.13467725,10.62879844
RP11-102G14.1,TAPbyQNP_FC5_,-0.062682857,-0.6653425,10.61442522
PGM5P4,TAPbyQNP_FC5_,-0.232233714,-2.458076625,10.58449516
CH17-80A12.1,TAPbyQNP_FC5_,-0.242543857,-2.55816875,10.54724197
KB-1208A12.3,TAPbyQNP_FC5_,-0.061772429,-0.650568375,10.53169497
RP11-483E23.4,TAPbyQNP_FC5_,-0.023415157,-0.245780488,10.49664053
RP13-942N8.1,TAPbyQNP_FC5_,-0.048613,-0.509146738,10.47346877
FTCD,TAPbyQNP_FC5_,-0.315986429,-3.3001,10.44380297
ZGLP1,TAPbyQNP_FC5_,-0.103590857,-1.07586375,10.38570179
RP11-134L10.1,TAPbyQNP_FC5_,-0.158175143,-1.6407875,10.37323229
ERBB3,TAPbyQNP_FC5_,-0.191755714,-1.98837875,10.36933245
CSPG5,TAPbyQNP_FC5_,0.063721429,0.658422875,10.33283292
RP11-272P10.3,TAPbyQNP_FC5_,-0.345872714,-3.57087875,10.32425688
RP4-593H12.1,TAPbyQNP_FC5_,-0.210848571,-2.1574125,10.23204703
AC010987.5,TAPbyQNP_FC5_,-0.206621286,-2.10854,10.20485374
SNORA81,TAPbyQNP_FC5_,-0.10076,-1.0282075,10.20452064
AC005062.2,TAPbyQNP_FC5_,-0.132805429,-1.35389825,10.19460021
ZNF530,TAPbyQNP_FC5_,0.053362857,0.54327625,10.18079389
RPLP1P6,TAPbyQNP_FC5_,-0.163122857,-1.65674375,10.15641694
RP11-153M7.3,TAPbyQNP_FC5_,-0.139034429,-1.410476875,10.14480291
NKPD1,TAPbyQNP_FC5_,-0.295806143,-2.98825,10.10205526
PLA2G7,TAPbyQNP_FC5_,-0.395732857,-3.98296125,10.06477268
RP11-138E2.1,TAPbyQNP_FC5_,-0.110781143,-1.111718375,10.03526725
WWP1P1,TAPbyQNP_FC5_,-0.058564571,-0.587458625,10.03095576
PLAC9,TAPbyQNP_FC5_,-0.186678571,-1.87003125,10.01738569
RN7SL750P,TAPbyQNP_FC5_,-0.099116857,-0.9863215,9.951097406
CTD-2270P14.2,TAPbyQNP_FC5_,-0.125845714,-1.25207875,9.949315772
RP13-216E22.5,TAPbyQNP_FC5_,-0.081618514,-0.8115025,9.942627688
RP11-930P14.2,TAPbyQNP_FC5_,-0.143263,-1.422635,9.930233207
NADK2-AS1,TAPbyQNP_FC5_,-0.111117143,-1.0976615,9.878417243
ADAT3,TAPbyQNP_FC5_,0.045456571,0.44750625,9.844698708
ZNF962P,TAPbyQNP_FC5_,-0.374882857,-3.68418125,9.827553274
ITPR1-AS1,TAPbyQNP_FC5_,-0.183138571,-1.798225,9.81893102
RP4-724E16.2,TAPbyQNP_FC5_,-0.094368571,-0.9258325,9.810813982
C2orf27AP3,TAPbyQNP_FC5_,-0.271227143,-2.6469,9.758979032
TMEM88,TAPbyQNP_FC5_,-0.075581429,-0.737467,9.757251403
PTGFRN,TAPbyQNP_FC5_,0.326285714,3.1503125,9.655073336
STEAP3-AS1,TAPbyQNP_FC5_,-0.189818571,-1.8310275,9.646197873
RP11-445N20.2,TAPbyQNP_FC5_,-0.164744286,-1.581706875,9.600981716
COL11A2,TAPbyQNP_FC5_,-0.233105429,-2.23224875,9.576133699
ZDHHC11,TAPbyQNP_FC5_,-0.250005943,-2.392804849,9.570991879
CTD-2008E3.1,TAPbyQNP_FC5_,-0.273964286,-2.6221075,9.570982923
SMG1P6,TAPbyQNP_FC5_,-0.038892914,-0.372045625,9.565897332
CNTD2,TAPbyQNP_FC5_,-0.293537143,-2.80575,9.558415581
CPED1,TAPbyQNP_FC5_,-0.183338571,-1.7427075,9.50540569
MAB21L1,TAPbyQNP_FC5_,-0.083571714,-0.79436,9.505129897
FRK,TAPbyQNP_FC5_,-0.145233029,-1.376205375,9.475842985
KLHL33,TAPbyQNP_FC5_,-0.301391429,-2.84757375,9.448091352
ASIC4,TAPbyQNP_FC5_,-0.258062857,-2.425825,9.400132304
ZBTB45P2,TAPbyQNP_FC5_,-0.349831429,-3.27415,9.359221993
Y_RNA,TAPbyQNP_FC5_,-0.157101143,-1.46268625,9.310474917
ESRG,TAPbyQNP_FC5_,0.052775714,0.4905475,9.294947622
ERCC6L,TAPbyQNP_FC5_,0.082635714,0.76435,9.249632639
SH3TC2,TAPbyQNP_FC5_,-0.224452429,-2.05714875,9.165188201
MST1L,TAPbyQNP_FC5_,-0.132595571,-1.21341625,9.151257745
ANXA2R,TAPbyQNP_FC5_,-0.104473714,-0.952011445,9.112449495
RP11-295D4.5,TAPbyQNP_FC5_,-0.134494,-1.220469375,9.074526559
XXbac-BPGBPG55C20.1,TAPbyQNP_FC5_,-0.131749571,-1.19540375,9.073302759
MEMO1,TAPbyQNP_FC5_,0.045175714,0.40935875,9.061478196
RP5-1173I20.1,TAPbyQNP_FC5_,-0.213391429,-1.92853,9.037523264
SLC9A9,TAPbyQNP_FC5_,-0.079134286,-0.710994875,8.984662824
RIMBP2,TAPbyQNP_FC5_,-0.7185,-6.455175,8.984237996
Metazoa_SRP,TAPbyQNP_FC5_,-0.106915857,-0.957722375,8.957720591
OPRL1,TAPbyQNP_FC5_,-0.089261,-0.79856625,8.946418369
RP11-59H7.3,TAPbyQNP_FC5_,-0.152774329,-1.3466425,8.814586276
RPL7P6,TAPbyQNP_FC5_,0.078696286,0.69272625,8.802527892
PZP,TAPbyQNP_FC5_,-0.22143,-1.946025,8.7884433
RP11-473I1.6,TAPbyQNP_FC5_,-0.088268429,-0.772475,8.751430296
SCARF1,TAPbyQNP_FC5_,-0.128637143,-1.116055,8.675993381
RP11-73K9.2,TAPbyQNP_FC5_,-0.144381429,-1.251424875,8.667491986
GTF2IP9,TAPbyQNP_FC5_,-0.184434286,-1.588195,8.611170064
CTD-2012K14.8,TAPbyQNP_FC5_,-0.155005286,-1.3306275,8.584400808
ZFAT,TAPbyQNP_FC5_,-0.094164571,-0.807955875,8.580253303
RP11-69M1.4,TAPbyQNP_FC5_,0.106289571,0.91176625,8.578134597
PHOSPHO2,TAPbyQNP_FC5_,0.11254,0.96481625,8.573096232
RP11-357N13.3,TAPbyQNP_FC5_,-0.038534143,-0.32974,8.557086665
ZNF624,TAPbyQNP_FC5_,0.064535286,0.551547163,8.546443336
CTD-2538A21.1,TAPbyQNP_FC5_,-0.101104286,-0.86398525,8.54548592
STPG3,TAPbyQNP_FC5_,-0.349088571,-2.9729125,8.516212627
RP11-445O16.3,TAPbyQNP_FC5_,-0.134521871,-1.13925875,8.468948119
KCNN2,TAPbyQNP_FC5_,-0.282604286,-2.3803825,8.423023359
RP5-826L7.1,TAPbyQNP_FC5_,-0.103842471,-0.871477125,8.392299538
RP13-766D20.2,TAPbyQNP_FC5_,-0.225318429,-1.88365125,8.359952011
AC009120.10,TAPbyQNP_FC5_,-0.080638814,-0.670013875,8.308825978
IPO5P1,TAPbyQNP_FC5_,-0.071543143,-0.59345875,8.295117132
AKNAD1,TAPbyQNP_FC5_,-0.100877143,-0.83339475,8.261482496
CTD-2527I21.14,TAPbyQNP_FC5_,-0.140590026,-1.16124,8.259760911
Metazoa_SRP,TAPbyQNP_FC5_,-0.161627143,-1.33471375,8.257980228
uc_338,TAPbyQNP_FC5_,-0.128075714,-1.053485,8.225486041
CTC-260F20.3,TAPbyQNP_FC5_,-0.109801143,-0.9024225,8.218698608
KCNJ4,TAPbyQNP_FC5_,-0.324715714,-2.659770375,8.191073785
MNS1,TAPbyQNP_FC5_,0.230546871,1.8843375,8.173337978
RP11-599J14.2,TAPbyQNP_FC5_,-0.107212857,-0.8761625,8.172177511
DHRS3,TAPbyQNP_FC5_,0.17645,1.4418375,8.171365826
RP11-33E12.2,TAPbyQNP_FC5_,-0.153,-1.248077375,8.157368464
RP11-16N2.1,TAPbyQNP_FC5_,-0.169327,-1.37867625,8.142093405
ATP8B5P,TAPbyQNP_FC5_,-0.118740857,-0.963806375,8.11688915
TMEM229B,TAPbyQNP_FC5_,-0.15885,-1.2880675,8.108703179
BMS1P12,TAPbyQNP_FC5_,-0.29036,-2.35180875,8.099630631
RP11-496D24.2,TAPbyQNP_FC5_,-0.302495071,-2.4458,8.08542099
ILF2P1,TAPbyQNP_FC5_,0.080050857,0.64629875,8.073601871
FOXD4L4,TAPbyQNP_FC5_,-0.377268,-3.0341875,8.042525473
DIS3L2,TAPbyQNP_FC5_,0.109903571,0.8818725,8.024056803
BTBD7P1,TAPbyQNP_FC5_,-0.069473,-0.556463125,8.00977538
BUD13P1,TAPbyQNP_FC5_,-0.238399286,-1.90724125,8.000196998
RP4-704D21.2,TAPbyQNP_FC5_,-0.068862,-0.54983375,7.984574221
BCAR1P1,TAPbyQNP_FC5_,-0.0524666,-0.417927875,7.96559859
PLK5,TAPbyQNP_FC5_,-0.671602857,-5.3381875,7.948428812
RP11-1012A1.7,TAPbyQNP_FC5_,0.132863857,1.054015,7.933045319
IAPP,TAPbyQNP_FC5_,-0.157141429,-1.24321,7.911408286
VN1R1,TAPbyQNP_FC5_,-0.141361,-1.117665,7.906459349
ID1,TAPbyQNP_FC5_,0.185617286,1.46482625,7.89164783
RP11-387H17.6,TAPbyQNP_FC5_,-0.080076714,-0.63159375,7.887358462
AC016577.1,TAPbyQNP_FC5_,-0.159245286,-1.25372875,7.872941069
RP11-333E13.4,TAPbyQNP_FC5_,-0.102097143,-0.80115525,7.846989912
EIF4E3,TAPbyQNP_FC5_,-0.061105743,-0.47942825,7.84587876
RN7SKP203,TAPbyQNP_FC5_,-0.140562857,-1.100789125,7.831294464
ARRDC3-AS1,TAPbyQNP_FC5_,-0.141087571,-1.1018477,7.809672311
SLC22A20,TAPbyQNP_FC5_,-0.115877286,-0.90430375,7.803977668
RP11-640N20.8,TAPbyQNP_FC5_,-0.119817571,-0.93447425,7.799141969
RAD54B,TAPbyQNP_FC5_,-0.062795714,-0.48633125,7.74465671
RP11-972P1.11,TAPbyQNP_FC5_,-0.196062857,-1.5182825,7.743855833
RP11-155D18.13,TAPbyQNP_FC5_,-0.085843,-0.6598765,7.687015831
AP000318.2,TAPbyQNP_FC5_,-0.151058571,-1.160779,7.684297482
SLC35G2,TAPbyQNP_FC5_,0.164777143,1.26346375,7.667712451
OXCT1-AS1,TAPbyQNP_FC5_,-0.250525286,-1.9195025,7.66191123
KCNIP2-AS1,TAPbyQNP_FC5_,-0.269576857,-2.0571375,7.630987028
RP11-241F15.10,TAPbyQNP_FC5_,-0.26601,-2.029337646,7.628802099
RAB11B-AS1,TAPbyQNP_FC5_,0.098354857,0.748285,7.608012677
TXLNB,TAPbyQNP_FC5_,-0.290622857,-2.20275625,7.579432229
AMDHD1,TAPbyQNP_FC5_,0.01184,0.08969875,7.575907939
AC009784.3,TAPbyQNP_FC5_,-0.237569143,-1.79823,7.569291106
STK17B,TAPbyQNP_FC5_,0.252867286,1.91031625,7.554619984
MIR99AHG,TAPbyQNP_FC5_,0.122569571,0.92405375,7.539014286
IL15,TAPbyQNP_FC5_,-0.190954,-1.432216375,7.500321412
LHX6,TAPbyQNP_FC5_,-0.460795286,-3.41809875,7.417824913
AZGP1P1,TAPbyQNP_FC5_,-0.339652857,-2.51579625,7.406963307
XXbac-BPG170G13.32,TAPbyQNP_FC5_,-0.23213,-1.7190225,7.405430147
IL23A,TAPbyQNP_FC5_,-0.1402315,-1.03070125,7.349998039
TMEM246-AS1,TAPbyQNP_FC5_,-0.475424286,-3.48982425,7.340441696
SNORA59A,TAPbyQNP_FC5_,-0.19015,-1.386635,7.292321851
CCDC17,TAPbyQNP_FC5_,-0.237503529,-1.72483,7.262334208
SLC15A2,TAPbyQNP_FC5_,0.186417143,1.34348,7.206847929
WDR49,TAPbyQNP_FC5_,-0.164861429,-1.181861125,7.16881526
RP11-26J3.1,TAPbyQNP_FC5_,-0.305662857,-2.18367375,7.144059865
STBD1,TAPbyQNP_FC5_,-0.268106571,-1.908238875,7.117464018
RP11-740N7.3,TAPbyQNP_FC5_,-0.222532857,-1.580955,7.10436661
SNX18P5,TAPbyQNP_FC5_,-0.374462857,-2.65087375,7.079136687
MCM9,TAPbyQNP_FC5_,-0.087980571,-0.622110125,7.070994367
CKS1BP6,TAPbyQNP_FC5_,-0.092132143,-0.6505545,7.061102454
VWA5B2,TAPbyQNP_FC5_,-0.398294286,-2.80795,7.04993795
FAM47E,TAPbyQNP_FC5_,-0.319716286,-2.25185625,7.043295417
TUBB4A,TAPbyQNP_FC5_,0.172205714,1.2091125,7.021326238
DUSP5P1,TAPbyQNP_FC5_,-0.365914286,-2.5590265,6.993513508
FAM222A,TAPbyQNP_FC5_,-0.088282857,-0.612670875,6.939862334
RP13-923O23.7,TAPbyQNP_FC5_,-0.244375714,-1.6946125,6.934455435
ATF4P2,TAPbyQNP_FC5_,-0.174914286,-1.21221625,6.930344454
RP13-516M14.8,TAPbyQNP_FC5_,-0.116961,-0.8105525,6.930109182
CASC9,TAPbyQNP_FC5_,-0.354098143,-2.45086375,6.921425033
RP5-1142J19.2,TAPbyQNP_FC5_,-0.189525571,-1.31111625,6.917885751
FAM129C,TAPbyQNP_FC5_,-0.042111129,-0.291140125,6.913614878
RP11-661A12.9,TAPbyQNP_FC5_,-0.365808571,-2.4875025,6.80001152
STPG3-AS1,TAPbyQNP_FC5_,-0.367512857,-2.49189875,6.780439654
RP11-20B24.7,TAPbyQNP_FC5_,-0.061246571,-0.41355655,6.752321646
ATP9B,TAPbyQNP_FC5_,0.093338714,0.62875,6.736218779
MKRN9P,TAPbyQNP_FC5_,-0.098456714,-0.6631575,6.73552337
AC009404.2,TAPbyQNP_FC5_,-0.237132571,-1.58795625,6.696491504
FSIP2,TAPbyQNP_FC5_,-0.158819571,-1.0614525,6.683385999
RP11-642A1.1,TAPbyQNP_FC5_,-0.232792714,-1.5553275,6.681169146
PWWP2B,TAPbyQNP_FC5_,0.114450143,0.763096125,6.667498231
RP11-71B7.1,TAPbyQNP_FC5_,-0.112215143,-0.74727025,6.659263901
GS1-124K5.10,TAPbyQNP_FC5_,-0.417206343,-2.7723625,6.645063162
RP11-43N16.4,TAPbyQNP_FC5_,-0.115845714,-0.76889375,6.637222229
ADAMTS3,TAPbyQNP_FC5_,-0.233985714,-1.530535,6.541147201
RP11-308B5.2,TAPbyQNP_FC5_,-0.216781571,-1.41152125,6.511260347
MTCO3P39,TAPbyQNP_FC5_,-0.309621286,-2.01084625,6.494534913
PLXNA2,TAPbyQNP_FC5_,0.333695714,2.16671375,6.493082342
RP4-728D4.2,TAPbyQNP_FC5_,-0.334052857,-2.1682625,6.490776695
RP11-480I12.5,TAPbyQNP_FC5_,-0.050854286,-0.32997,6.488538682
ANKRD20A8P,TAPbyQNP_FC5_,-0.336456143,-2.1816215,6.484118499
BMS1P13,TAPbyQNP_FC5_,-0.332517857,-2.1557,6.482960099
AC104534.2,TAPbyQNP_FC5_,-0.173611429,-1.12382625,6.473227363
SCN2A,TAPbyQNP_FC5_,-0.154745714,-0.99886155,6.4548576
MCM10,TAPbyQNP_FC5_,0.308352857,1.98781125,6.446547207
CTC-338M12.1,TAPbyQNP_FC5_,-0.441784286,-2.84569,6.441356318
CDC25A,TAPbyQNP_FC5_,0.265881429,1.70202125,6.401429611
RP11-766F14.2,TAPbyQNP_FC5_,-0.4578033,-2.92885,6.397616618
AC004540.5,TAPbyQNP_FC5_,-0.509867714,-3.251084,6.376328426
GATA2,TAPbyQNP_FC5_,-0.520896714,-3.31317625,6.360524379
RP4-751H13.7,TAPbyQNP_FC5_,-0.469354286,-2.9839025,6.357462989
IGHD4-17,TAPbyQNP_FC5_,-0.071557,-0.453464375,6.337107131
IGHD4-11,TAPbyQNP_FC5_,-0.071557,-0.453464375,6.337107131
IGHD4-4,TAPbyQNP_FC5_,-0.071557,-0.453464375,6.337107131
CYB5A,TAPbyQNP_FC5_,0.172679429,1.093116125,6.330320491
KRT18P11,TAPbyQNP_FC5_,-0.201309143,-1.27398375,6.328494235
DNAJC8P1,TAPbyQNP_FC5_,0.26231,1.656495,6.31502802
CTC-444N24.6,TAPbyQNP_FC5_,-0.109204286,-0.68949875,6.313843321
PRELID1P4,TAPbyQNP_FC5_,0.155524286,0.98079,6.306346276
HOXA-AS3,TAPbyQNP_FC5_,-0.733706286,-4.62077025,6.297847436
RP11-57A19.5,TAPbyQNP_FC5_,-0.136728571,-0.859356,6.285123812
NAT8L,TAPbyQNP_FC5_,-0.36466,-2.29041625,6.280963774
STAG3L5P-PVRIG2P-PILRB,TAPbyQNP_FC5_,-0.326508571,-2.05029625,6.279456129
KRT10,TAPbyQNP_FC5_,0.408601429,2.562652375,6.271765578
RP11-568J23.5,TAPbyQNP_FC5_,-0.132312857,-0.82961875,6.270129509
CNN2P4,TAPbyQNP_FC5_,-0.607432857,-3.8077625,6.268614638
TCEA1P4,TAPbyQNP_FC5_,-0.144835429,-0.907568625,6.266205955
CCDC183-AS1,TAPbyQNP_FC5_,-0.267884286,-1.6698275,6.233391016
RN7SL585P,TAPbyQNP_FC5_,-0.148526571,-0.92247,6.210807879
AC005592.1,TAPbyQNP_FC5_,-0.460088857,-2.8553125,6.206002288
RP11-799B12.2,TAPbyQNP_FC5_,-0.273861857,-1.699247,6.204759647
LLNLF-187D8.1,TAPbyQNP_FC5_,-0.168416986,-1.04429975,6.200679495
TICRR,TAPbyQNP_FC5_,0.181744714,1.12685375,6.200200949
TTC28-AS1,TAPbyQNP_FC5_,-0.070471571,-0.436745,6.197463618
SEC1P,TAPbyQNP_FC5_,-0.324321143,-2.00623625,6.185955785
RP11-334J6.6,TAPbyQNP_FC5_,-0.320442857,-1.97603,6.166559672
VN1R42P,TAPbyQNP_FC5_,-0.224985714,-1.38311,6.147545876
GEN1,TAPbyQNP_FC5_,0.26945,1.65627125,6.146859343
ALDH2,TAPbyQNP_FC5_,0.105391429,0.64779875,6.146598056
CYP2F2P,TAPbyQNP_FC5_,-0.317618571,-1.9316225,6.081579208
NR6A1,TAPbyQNP_FC5_,-0.247185714,-1.503268525,6.081534806
RP11-307C18.1,TAPbyQNP_FC5_,-0.748114,-4.5303125,6.055644594
PKMP5,TAPbyQNP_FC5_,-0.096346857,-0.58320075,6.053137251
CTD-2007A10.1,TAPbyQNP_FC5_,-0.67547,-4.06985,6.025212075
CYP2D8P,TAPbyQNP_FC5_,-0.256429571,-1.54321,6.018065668
CDKL3,TAPbyQNP_FC5_,-0.270048571,-1.62457375,6.015857597
AR,TAPbyQNP_FC5_,-0.249404286,-1.496915,6.001961818
CLEC4A,TAPbyQNP_FC5_,-0.226149143,-1.35393,5.986889815
RP11-460N20.4,TAPbyQNP_FC5_,-0.166532857,-0.9945925,5.972349944
RP13-631K18.3,TAPbyQNP_FC5_,-0.138456,-0.826623625,5.970298326
VTRNA1-3,TAPbyQNP_FC5_,-0.309354286,-1.84647025,5.968788329
HRAT17,TAPbyQNP_FC5_,-0.219557714,-1.30409,5.939622774
CTD-2339M3.1,TAPbyQNP_FC5_,-0.515247429,-3.05633125,5.931773902
RGPD2,TAPbyQNP_FC5_,-0.180490571,-1.0703425,5.930185115
PPIAP9,TAPbyQNP_FC5_,0.097433857,0.57774375,5.929599494
RP4-785G19.5,TAPbyQNP_FC5_,-0.3843,-2.2693125,5.905054645
CARMIL3,TAPbyQNP_FC5_,-0.498321429,-2.94114375,5.902101699
CSRNP3,TAPbyQNP_FC5_,-0.415212714,-2.4504245,5.901612392
TPTE2P1,TAPbyQNP_FC5_,-0.359624286,-2.1210675,5.898009629
CH507-338C24.2,TAPbyQNP_FC5_,-0.231372857,-1.364195,5.896089182
SCARNA8,TAPbyQNP_FC5_,-0.308914286,-1.8189425,5.888178644
RP11-159H10.3,TAPbyQNP_FC5_,-0.381685714,-2.24542625,5.882919287
AQP3,TAPbyQNP_FC5_,-0.288735714,-1.6979925,5.880784454
RP11-403A3.1,TAPbyQNP_FC5_,-0.625022,-3.6677375,5.86817344
RP11-77P6.2,TAPbyQNP_FC5_,-0.14125,-0.8281375,5.862920354
UNC5B,TAPbyQNP_FC5_,0.233512857,1.36656375,5.852199175
TNFAIP2,TAPbyQNP_FC5_,0.440717143,2.5788525,5.851491238
ZSWIM5,TAPbyQNP_FC5_,-0.026885571,-0.15690725,5.836113635
RP11-565F19.2,TAPbyQNP_FC5_,0.027052,0.157675125,5.828594004
BAK1P1,TAPbyQNP_FC5_,0.057910143,0.3353755,5.791308456
KDM4D,TAPbyQNP_FC5_,-0.06834,-0.394615,5.774290313
LRP3,TAPbyQNP_FC5_,-0.086292857,-0.496065,5.748621803
DAPL1,TAPbyQNP_FC5_,-0.134490143,-0.773075,5.748190786
Metazoa_SRP,TAPbyQNP_FC5_,-0.147229043,-0.844813375,5.738089161
CTB-179K24.3,TAPbyQNP_FC5_,-0.201113143,-1.152905,5.732618881
RP11-504P24.3,TAPbyQNP_FC5_,0.101376,0.5806225,5.727415759
FGL2,TAPbyQNP_FC5_,-0.442593571,-2.533625,5.724495708
Metazoa_SRP,TAPbyQNP_FC5_,-0.177098571,-1.01354625,5.723062822
MRPL23-AS1,TAPbyQNP_FC5_,-0.300162571,-1.71715125,5.720737405
ZC3H12A,TAPbyQNP_FC5_,0.186273286,1.065505,5.720117063
HCG4P7,TAPbyQNP_FC5_,-0.191381857,-1.09169125,5.704256748
CYP39A1,TAPbyQNP_FC5_,-0.578956857,-3.295854256,5.692745868
AC005197.2,TAPbyQNP_FC5_,-0.315895714,-1.797535,5.690279794
ATP1B3-AS1,TAPbyQNP_FC5_,-0.110507143,-0.627164875,5.675333366
ARHGAP4,TAPbyQNP_FC5_,-0.401610143,-2.2791275,5.674974949
ABALON,TAPbyQNP_FC5_,-0.178663286,-1.0084825,5.644598419
RP11-861E21.1,TAPbyQNP_FC5_,-0.204732286,-1.15431625,5.638173999
AOC3,TAPbyQNP_FC5_,-0.416958714,-2.340275,5.61272596
ACAP2-IT1,TAPbyQNP_FC5_,0.072951429,0.40848375,5.599393432
RP11-335E6.2,TAPbyQNP_FC5_,-0.162681857,-0.91029625,5.595560968
U52111.14,TAPbyQNP_FC5_,-0.205952571,-1.152331,5.595128005
RP11-861E21.2,TAPbyQNP_FC5_,-0.32237,-1.79455,5.566740081
CTC-429P9.1,TAPbyQNP_FC5_,-0.120102,-0.66769025,5.559359961
RP11-420A23.1,TAPbyQNP_FC5_,-0.350879986,-1.9472485,5.549614054
CCR10,TAPbyQNP_FC5_,-0.133613586,-0.74132125,5.548247553
AC074212.6,TAPbyQNP_FC5_,-0.116232857,-0.644035875,5.540910641
GS1-600G8.5,TAPbyQNP_FC5_,-0.666512429,-3.67815285,5.518506021
PNPLA7,TAPbyQNP_FC5_,-0.405918571,-2.238315,5.514197077
RP4-800G7.3,TAPbyQNP_FC5_,-0.402528571,-2.21281875,5.49729611
KCNE2,TAPbyQNP_FC5_,-0.263526714,-1.44737625,5.492332168
SNORA15,TAPbyQNP_FC5_,-0.149961429,-0.823473625,5.491236199
MEIS1-AS3,TAPbyQNP_FC5_,-0.685482714,-3.7627125,5.489142792
RP1-178F15.4,TAPbyQNP_FC5_,-0.138415143,-0.756368,5.464488815
TAAR3,TAPbyQNP_FC5_,-0.44216,-2.39980375,5.427455559
AC007365.4,TAPbyQNP_FC5_,-0.065829286,-0.356568863,5.416568912
AC015691.13,TAPbyQNP_FC5_,-0.114992143,-0.620815,5.398760164
EDN2,TAPbyQNP_FC5_,-0.590252857,-3.1832,5.392942976
RP11-552F3.10,TAPbyQNP_FC5_,-0.222475286,-1.19845375,5.386907342
RN7SKP16,TAPbyQNP_FC5_,0.117192857,0.63096,5.383945877
CSPG4P11,TAPbyQNP_FC5_,-0.277991271,-1.4954225,5.379386526
AC013271.5,TAPbyQNP_FC5_,-0.633515429,-3.39374875,5.357010417
TSEN15P1,TAPbyQNP_FC5_,0.059771817,0.32004725,5.354484192
KLF2P4,TAPbyQNP_FC5_,-0.365266857,-1.95017,5.339028061
AD000684.2,TAPbyQNP_FC5_,-0.241397,-1.28774125,5.33453709
AC005387.2,TAPbyQNP_FC5_,-0.29359,-1.5635475,5.325615654
CTD-2619J13.3,TAPbyQNP_FC5_,-0.190568571,-1.01407125,5.321293235
GATSL3,TAPbyQNP_FC5_,-0.187638571,-0.99717625,5.314345779
SNORD117,TAPbyQNP_FC5_,-0.331777857,-1.75612125,5.293063453
RNVU1-1,TAPbyQNP_FC5_,-0.422321429,-2.22954625,5.279263848
RP11-6I2.3,TAPbyQNP_FC5_,-0.584934286,-3.081525,5.268155886
EFCC1,TAPbyQNP_FC5_,-0.492852857,-2.59623875,5.267776604
RP5-903G2.2,TAPbyQNP_FC5_,-0.087323857,-0.4596325,5.263538683
PCBP2P1,TAPbyQNP_FC5_,-0.340267143,-1.7896925,5.259668874
CYP4F62P,TAPbyQNP_FC5_,-0.858977143,-4.5139375,5.255014685
MIR193BHG,TAPbyQNP_FC5_,-0.160744286,-0.842959313,5.244101268
RP11-736K20.4,TAPbyQNP_FC5_,-0.765358571,-4.012925,5.243196
CALHM1,TAPbyQNP_FC5_,-0.671237143,-3.5192125,5.242875096
RP11-762H8.1,TAPbyQNP_FC5_,-0.344224286,-1.80178,5.234319816
GLIPR1L2,TAPbyQNP_FC5_,-0.266262857,-1.388235,5.213776397
RP11-324I22.3,TAPbyQNP_FC5_,-0.121120143,-0.6310425,5.210054126
RP11-507K2.3,TAPbyQNP_FC5_,-0.235901429,-1.22771725,5.204365473
CALY,TAPbyQNP_FC5_,-0.575632857,-2.98822125,5.191192985
AZIN1-AS1,TAPbyQNP_FC5_,-0.320989714,-1.66521625,5.187755794
FSBP,TAPbyQNP_FC5_,-0.157511429,-0.817118375,5.187676745
CTB-129P6.11,TAPbyQNP_FC5_,-0.33564,-1.74069375,5.186192796
RP11-793A3.1,TAPbyQNP_FC5_,-0.556457143,-2.88424,5.183220374
RP1-266L20.9,TAPbyQNP_FC5_,-0.207131286,-1.072503875,5.177894162
SNORA12,TAPbyQNP_FC5_,-0.21043,-1.089375375,5.176901464
ANKRD39,TAPbyQNP_FC5_,0.048552286,0.251186375,5.173523168
PAXBP1-AS1,TAPbyQNP_FC5_,-0.057241429,-0.295667875,5.165277708
HOXA11-AS,TAPbyQNP_FC5_,-1.009885143,-5.2048875,5.153940066
LL22NC03-N64E9.1,TAPbyQNP_FC5_,-0.162551286,-0.8367925,5.147867618
RBMXP1,TAPbyQNP_FC5_,-0.094275429,-0.48447375,5.138918564
FDX1P1,TAPbyQNP_FC5_,0.135692857,0.6950325,5.122100858
RP11-248E9.7,TAPbyQNP_FC5_,0.483807143,2.4769,5.119601967
HOXC13,TAPbyQNP_FC5_,-0.714141429,-3.6419125,5.099707641
RP5-1085F17.3,TAPbyQNP_FC5_,0.066332714,0.338028375,5.095952708
CTC-498M16.4,TAPbyQNP_FC5_,-0.494515286,-2.51030375,5.076291517
TRDMT1,TAPbyQNP_FC5_,0.106152857,0.538288375,5.070879762
TMC6,TAPbyQNP_FC5_,-0.455918714,-2.3118075,5.070657175
DSEL,TAPbyQNP_FC5_,0.324582857,1.6445825,5.066757112
NDUFB2-AS1,TAPbyQNP_FC5_,-0.264988071,-1.340977125,5.060518829
GXYLT1P6,TAPbyQNP_FC5_,-0.67155,-3.3913,5.04995905
HEY2,TAPbyQNP_FC5_,-0.487174143,-2.45916875,5.047822808
LRRC4,TAPbyQNP_FC5_,-0.376885714,-1.8981575,5.036427299
COL28A1,TAPbyQNP_FC5_,-0.48029,-2.41618875,5.030687189
ANKRD37,TAPbyQNP_FC5_,-0.228971143,-1.15080425,5.025979412
WNK4,TAPbyQNP_FC5_,-0.301993143,-1.51623875,5.020772113
ZNF32-AS2,TAPbyQNP_FC5_,-0.094087143,-0.4723485,5.020329937
KRT8P33,TAPbyQNP_FC5_,-0.308568857,-1.5458025,5.009586885
MADCAM1,TAPbyQNP_FC5_,-0.498165714,-2.493775,5.005914555
CCNE1,TAPbyQNP_FC5_,0.325878571,1.63084875,5.004467593
RP11-54G14.1,TAPbyQNP_FC5_,-0.012892857,-0.06448125,5.001315789
MFSD2A,TAPbyQNP_FC5_,0.327284286,1.63674875,5.001000113
