"","No_data","5_months"
"0610025J13Rik",0.329884023592259,0.0328455168054636
"0610039K10Rik",0.947382907955712,0.532115341759036
"0610040J01Rik",2.63208220791194,1.46398021927429
"1600017P15Rik",0.977512675946912,0
"1700001C19Rik",0.506362724518376,0.345261667523909
"1700008N11Rik",0.330378111540777,0
"1700009J07Rik",0.579387287256935,0.0587117017839303
"1700011L22Rik",0.547604572312383,0.162370837234835
"1700013A02Rik",0.2148849747278,0
"1700016G22Rik",0.450313310179699,0
"1700016J18Rik",0.200510142530247,0.775141103877905
"1700017B05Rik",4.88783142962874,5.17084052255263
"1700017J07Rik",0.500564817163783,0
"1700020N01Rik",0.623666557558417,0.101659756903439
"1700030C10Rik",0.34022871760741,0.491280954518352
"1700031P21Rik",0.254970612630626,0
"1700037F03Rik",0.485918424703275,0.0315156165784886
"1700040L08Rik",0.347826307317139,0.135919687878762
"1700041I07Rik",0.267664148230289,0.0573380729381313
"1700064M15Rik",1.05756870408863,0.407847766733953
"1700066B19Rik",0.429360998569898,0.212424033748019
"1700095K22Rik",0.703344681909851,0.167667665286791
"1700112J05Rik",0.1994406989642,0.220523757704344
"1700116B05Rik",0.107349949295262,0.735179271828426
"1700122E12Rik",1.09030950896411,0.317897743584174
"1700124M09Rik",0.318646887629902,0
"1700125G22Rik",0.291053870075882,0.201662011692326
"1810011H11Rik",1.46674302233546,3.25217311336707
"1810021B22Rik",0.647760934119993,0.145857713124414
"2010013B24Rik",1.83323453622992,0.316884444188082
"2310047D07Rik",0.647521570157671,0
"2610042L04Rik",0.451407058923508,0.00915972962222486
"2610203C22Rik",0.320845207543813,0.108979316728176
"2610528A11Rik",1.04896744266758,0.960943003933108
"3830403N18Rik",0.594544551720737,0.971165780991062
"4632427E13Rik",3.40013834269781,0.558066322242125
"4833411C07Rik",0.936415817265266,0.268207039960036
"4833413E03Rik",0.463899366365375,0
"4833427F10Rik",0.364412185902749,0.145700408380884
"4833445I07Rik",2.65410659195517,0.729618354378983
"4921536K21Rik",1.12134347087215,0.335266205269339
"4930404I05Rik",1.06442947641211,0.160557181052795
"4930406D18Rik",0.399706894303608,0.100679215957207
"4930430E12Rik",1.60893683386627,2.41366330872703
"4930447M23Rik",0.938295339456652,0.274433140310803
"4930481A15Rik",1.44319650384064,1.85985380379947
"4930483J18Rik",0.2963686312817,0.1116452468089
"4930507D05Rik",1.55876043917459,0
"4930519P11Rik",0.606791445693183,0
"4930532G15Rik",0.991935810772428,0.282601450808212
"4930537H20Rik",0.394405662630573,0
"4930567H12Rik",0.348749855664599,0.0401718523482761
"4930578M01Rik",1.26686132174308,0.768586453891789
"4930589L23Rik",0.396849409031293,0.22225558311871
"4930595D18Rik",0.576010361698311,0.0664838742127678
"4933406I18Rik",0.855359514944196,0.128989808445595
"4933406P04Rik",1.81671996566055,0.797808621631816
"4933424M12Rik",0.99184565324072,0.660530865510198
"4933429H19Rik",0.597976654819584,0
"4933433G15Rik",1.11389371754782,0.154960738781896
"5033421B08Rik",0.377373819996312,0.0244994236365604
"5330439K02Rik",1.16951320384873,0.0780188995316185
"5830444B04Rik",0.582210882288087,0.744833771503269
"6030468B19Rik",1.02624262010092,0.0645916883132454
"6820431F20Rik",3.19256391466611,2.2632298095608
"8030423J24Rik",0.816513409168932,0.30152966636788
"8030442B05Rik",0.986832015194158,0.134805457878307
"9430060I03Rik",0.832391368432905,0.0364048548866931
"9530062K07Rik",1.53672660157948,0.400732097149264
"9930022D16Rik",0.361118303790205,0.10385688950107
"A430078I02Rik",0.624172632946649,0.0749748922910389
"A730061H03Rik",0.20649439704231,0.211595608257842
"A730071L15Rik",0.626907266677054,0.166121682187118
"A730091E23Rik",0.56600142113768,0.0752875450545044
"A830008E24Rik",0.767499852922407,0.203944529594681
"A930007I19Rik",1.11811817596173,0.484973973968275
"AC101945.2",0.985270003874074,0.65448630768204
"AC107369.1",0.130595362045135,0
"AC113595.1",1.32409573875599,0.803382056480608
"AC118250.2",0.197693733367865,0
"AC118646.2",0.96257304060156,0
"AC123665.2",0.0853926329805618,0.288387406368347
"AC123724.1",2.34613520968596,0.947128348813401
"AC126028.2",0.423841445856926,0.370251318073375
"AC127578.1",0.0750493085956727,0.450565006170076
"AC129931.1",0.659897003577733,0.142672832767715
"AC130815.1",0.528153037083929,0
"AC131747.1",0.386884503219502,0.197378236148493
"AC133654.1",0.366102937551818,0.0402792371410817
"AC138177.1",0.578517309196136,0
"AC138177.5",1.16597177504603,0.0737176264666529
"AC138604.1",0.216459215523956,0
"AC140426.1",0.284604940014106,0.905810665530499
"AC147545.1",0.189238087546413,0.960262980423006
"AC152827.1",2.48432363895214,0.360287489326852
"AC154239.2",0.268116488622895,0
"AC154838.1",0.159638035084376,0
"AC160411.1",0.649390918256411,0.0684366783668068
"AC160562.1",0.950299340231641,0.215473690198132
"AC161172.2",0.297305746726318,0
"AC161199.1",0.759062988277583,0.0219526203921915
"AC163291.1",0.436260622805364,0
"AC163295.1",0.341436280316944,0.128291909279689
"AC164069.1",0.368123381245537,0.123280896701331
"AC192088.1",0.128257711303743,0.336532089975739
"AI463229",0.446904339676754,0.188248418778042
"AL591952.3",1.23758202225161,0
"Abca9",2.70903492185235,1.53013053235049
"Abcb1b",1.50837647462738,1.29257717812685
"Abcc3",1.88574575752529,2.62010324666411
"Abhd15",2.24742759403446,0.910515922326055
"Abi3",2.4029792962836,0.0636428519596561
"Adam3",0.468028803471143,0.516835245064521
"Adap2",2.29608938657592,0.055941571193696
"Adrb2",6.0278835007282,6.27069782536614
"Adtrp",0.319272313079246,0.183957143596594
"Agmo",0.927585885993383,0.703903307250031
"Aif1",4.83249668580451,4.2135895785495
"Akr1b10",3.74749512406175,3.57825637481613
"Ano7",0.410978958206242,0.327269721658928
"Anxa3",2.81927742034488,5.15854642013127
"Arhgap22",0.951473703224856,0.157560551187395
"Arid3b",0.260363382026431,0.0139965580937042
"Asb10",0.930016316707548,0.960248839895341
"Asb2",1.24599676036492,0.716100080827622
"Ass-ps1",0.126091504318879,0
"Atp8a2",0.728326887676281,0.15953152077017
"B3galnt1",2.23904599592217,1.83105121441538
"B4galt4",2.96621582117826,1.4614473552903
"B930036N10Rik",2.00493965381666,0.672908099768432
"BC018473",0.871154181038191,0.0242701508657146
"BC024063",0.858295257249141,0.175458120360758
"BC043934",2.18315706214092,1.83696068226208
"BC049715",0.71223344999334,0.191254953015152
"BC106175",0.860464614835972,0
"Bbs9",0.87237906117633,0.261222710630399
"Bcl2a1b",0.726466920716943,0.0205111515426138
"Bco2",2.01832260407149,0.0575757958508676
"Best1",1.47188009366957,0.43843302243348
"Blnk",2.05626726148879,1.50022653188467
"Bloc1s6os",0.633738623664445,0.131455886692955
"Bmp2k",2.65407466215893,1.53118746276629
"Btg2",8.74639034442227,6.16577432700635
"C1qb",5.68357714388361,12.0168731000348
"C230072F16Rik",0.372190913213495,0.0683486240293874
"C3ar1",3.53287033984123,7.54261523792069
"C5ar2",2.27257742500881,2.64563123752059
"C730034F03Rik",2.47564835972181,0.222452419990835
"CT009713.2",0.38193177789061,0
"Cables1",1.84265935454968,0.603085259322529
"Cacnb2",0.642946237960958,0.0944633309064886
"Calm2",7.52980231859756,5.66332979664237
"Capn3",1.83179402742575,0.805064010117302
"Card6",2.4010389554258,1.30890791176451
"Casp4",2.57109652100603,1.65335344239814
"Ccdc153",0.209560860276465,0.545919488382265
"Ccdc162",0.413724669014116,0.137491173901488
"Ccl12",3.09994010975331,2.12773587779012
"Ccl4",5.78192346033235,4.17066078463061
"Ccl8",0.761769616822583,1.28672864859383
"Ccr1l1",1.1762139298887,0
"Ccr5",2.49868143739606,5.20845966814682
"Cd164",6.93981689606279,7.62574287723342
"Cd300c2",4.82892464695741,4.47368599132857
"Cd33",3.67506333903666,5.46470118107331
"Cd63",4.9733079500362,0.377078295609014
"Cd86",2.45290346790348,2.82977441829873
"Cdrt4os1",0.890635604814881,0.175238659573851
"Cds1",2.21444807461068,0.867712763823332
"Cebpzos",2.41553062477768,0.20751820509073
"Cep152",1.99322185989455,0.445889838426431
"Cfap45",0.852811032276301,0.567325814215147
"Cfap74",1.04206036670247,0.20107054977264
"Cfh",2.65124448186439,2.72151355025565
"Chn2",1.08221502342309,0.0717705181347371
"Cited2",7.05936642815425,5.97734651629891
"Ckb-ps1",0.109499975196474,0
"Clcf1",2.23122398030907,0.950351264894494
"Clec5a",2.68551442868519,4.20980244086015
"Cmtm6",6.55471977392431,5.6339477284098
"Cmtm8",0.78691638286013,0.717091970636944
"Commd8",5.55430616563511,5.92520919269367
"Comp",0.777364635400439,0.0723297791742486
"Comtd1",2.67576779854452,5.36352894323659
"Cox8b",0.386553778296676,0.783359207602084
"Cryba4",2.52450416222426,1.24912711858912
"Crybb1",3.10950196850376,2.17761473337424
"Csf1r",6.63835046346345,7.18681889985317
"Csmd3",0.760573196400973,0.193010178265013
"Cst3",12.0474311137988,13.3683147409957
"Cst7",1.43862652933836,1.26844260994339
"Ctc1",4.68300241075263,2.44907092679652
"Ctsd",6.9558559168679,0.126748529062773
"Ctss",5.64962313564982,9.21584173453428
"Cttnbp2nl",3.28455709393789,0.150961888125461
"Cx3cr1",3.29478108859862,1.39208226994932
"Cyfip1",4.44431456505959,3.73037905288782
"Cyp2r1",1.0956136187437,1.55413327355881
"Cyp4v3",2.20223068373907,0.0189089078753267
"Cysltr1",1.71727481944895,3.12101963089966
"D5Ertd605e",1.62881793091433,1.37162107694365
"D7Ertd128e",0.538754371880369,0.221193976976197
"D830025C05Rik",1.54144233534748,1.72532587423159
"D930030I03Rik",2.01562520185923,0.488723670900061
"Daglb",3.95908467232098,1.00280061039927
"Ddx43",0.856048664041647,0.184584262011037
"Defb11",0.0517136607181176,0.300518629568814
"Defb25",0.0690271635940459,0.223010642606808
"Dennd2c",1.33522468327974,0.878188868343928
"Depdc7",1.68407617532629,0.960966255729298
"Dnajb1",7.70712280558265,6.22197897603833
"Dock4",2.42311932951822,0.376875522391538
"Duoxa1",0.827690460514072,0.66862947992297
"Dusp27",0.841003262895051,0.193241602579389
"Dyrk4",0.657081158779862,0.26385452306639
"E230001N04Rik",1.86303285352564,0.650413766623047
"E230029C05Rik",1.73150207241861,0.484390079629754
"E330011M16Rik",1.64383488163777,0.319388782167769
"E330020D12Rik",1.89679361205209,1.44578057332091
"Egr1",8.94933570264528,4.28079493261055
"Egr2",4.40434060608226,1.142700417619
"Elmo1",2.45619844867029,0.863971944026263
"Entpd1",2.92938151345024,2.91116419573622
"Ermap",1.03438898338131,0.932381116106621
"Errfi1",5.1573480031728,1.24289791987467
"Eya4",0.423494209119591,0.225817153022107
"F11r",3.33701433498632,1.58156017908142
"F730035P03Rik",0.573359740628458,0.199547943610204
"F9",0.698141466300068,0.368409956318616
"Fam105a",4.09280063605472,2.10144031016699
"Fam166a",0.942963260385241,0.171799924815307
"Fam167b",2.4048567909248,2.70340825371074
"Fam46c",3.02098161896981,0.903299746775857
"Fam71a",3.16221887600794,0.259761509641647
"Fam72a",1.6497599216185,0.930156390190784
"Fbxo24",0.368760809832651,0.0250739342189892
"Fcgr1",3.53004047762209,4.91765808437534
"Fcgr3",4.57574346230597,8.69078305090977
"Fcrl1",1.6798914751477,1.29611455107754
"Fcrls",3.93245981328496,4.76569822442294
"Fgd2",3.95556032640015,2.95736730783829
"Fhad1",0.406075421296077,0.100035592838986
"Fkbp5",2.4269793973567,1.13675803180017
"Fndc7",0.633402407125575,0.242790952098469
"Folr1",0.19756172809868,0.335290363294974
"Frmd8os",1.32152544924116,0.406422683778148
"Galnt12",1.51458204660904,1.21208847703245
"Gcnt1",2.50290392271488,1.25207374173677
"Ggta1",2.24545484778148,0.590496306256509
"Glrp1",1.09572592090996,0.572856695595945
"Gm10134",2.44904584862845,0.9986471446044
"Gm10138",1.54535040632763,1.21165536597011
"Gm10160",1.12430852037334,0
"Gm10182",0.29913617919755,0
"Gm10209",1.40507711798107,0.779106932722865
"Gm10300",0.242257932330264,0.130654540009529
"Gm10382",0.847877011511765,0.110162768911414
"Gm10472",0.492159111387418,0
"Gm10605",1.87164299522467,1.15220445863482
"Gm10640",0.598796873070635,0.0917963906979681
"Gm10645",0.904447437313221,0.506035427922706
"Gm10655",1.37711942675038,0.700218011493166
"Gm10657",0.708950386350906,0.15009167474169
"Gm10683",0.164282549248515,0
"Gm10790",1.394796554292,0.609776500929126
"Gm10925",2.50578878240618,6.88206703100364
"Gm10964",0.295404453097248,0.171437296436507
"Gm11336",0.703207362026022,0
"Gm11338",0.342952655715924,0
"Gm11363",0,0.505058633779897
"Gm11368",0.618772655618332,0.308262339941554
"Gm11407",0.174483304829405,0.441466259949619
"Gm11408",0.013078540219203,1.65225407299702
"Gm11410",0.0498602014920423,1.15362985154713
"Gm11523",0.284492128143101,0.149290189647293
"Gm11527",0.589199417466922,0.325817932883201
"Gm11545",1.38422720921771,0
"Gm11613",0.978912033983021,0.228315809670705
"Gm11679",0.125849291887073,0
"Gm11718",0.339115465658428,0
"Gm11725",0.396623597945096,0.269129990580984
"Gm11956",1.01023484527321,0
"Gm11998",0.421852049459934,0.216689481420682
"Gm12031",1.35552541200774,1.33771558851313
"Gm12071",0.206778570215676,0
"Gm12148",0.796956427082044,0.125207130505464
"Gm12149",0.210257522481412,0
"Gm12155",0.671884579857359,1.25215923481078
"Gm12279",4.09757664288163,1.06489969992352
"Gm12306",1.31745430802966,0
"Gm12307",0.186584628720205,0
"Gm12348",0.357241161144103,0
"Gm12367",0.288299506881318,0.103794944168802
"Gm12422",0.710953086089579,0
"Gm12522",0.788649164971214,0.0583529431458776
"Gm12587",0.233405694506439,0
"Gm12628",0.16527237225625,0
"Gm12726",0.22449796053449,0
"Gm12752",0.118903309626484,0
"Gm12754",0.513676501989061,0
"Gm12862",0.478811262649739,0.202001696786555
"Gm12905",2.88780146379568,0.755060820744538
"Gm12958",0.319263671549697,0.130564415301722
"Gm12979",0.540696871311095,0.058749912121187
"Gm12990",0.80609914134179,0
"Gm13000",0.237848719648373,0
"Gm13002",0.163136612812549,0
"Gm13007",0.23290717174801,0
"Gm13064",0.167645397298026,0
"Gm13209",0.734094781022948,0
"Gm13272",0.178010685696021,0
"Gm13283",0.345493017937236,0
"Gm1335",1.17589885128972,0
"Gm13411",0.182060882394946,0.360969186854147
"Gm13432",0.304906429165619,0
"Gm13496",0.702504182983375,0
"Gm13656",0.842217156877305,0
"Gm13657",0.389410899821518,0.347889302517528
"Gm13932",0.191604798867832,0
"Gm14023",1.09981492247589,0.194212312691612
"Gm14167",1.70689852876049,0.438637062861416
"Gm14232",0.494663999175889,0.125796749559576
"Gm14314",0.227316424333352,0
"Gm14399",0.653265922179824,0.173112970223703
"Gm14421",0.701267509079061,0
"Gm14576",0.215245898008584,0
"Gm14593",0.23001532315579,0
"Gm14902",0.284477049825874,0.106050314753425
"Gm15157",1.20325771423282,0
"Gm15232",0.678368873669762,0.119475781097094
"Gm15569",0.887719356565447,0.157185488489767
"Gm15829",0.43585575293153,0
"Gm15850",1.09172942257172,0.392330691312184
"Gm15875",0.272086799455578,0.192778377542155
"Gm15889",0.333468415402092,0
"Gm15890",0.492104190503402,0.0928230518794424
"Gm15928",2.98368910996494,0
"Gm15986",0.201697614768682,0
"Gm16253",0.160522333388478,0
"Gm16283",1.00925890247574,0.195054261965861
"Gm16363",0.297443315980869,0
"Gm16415",0.548609384380702,0
"Gm16486",1.5498027609829,0
"Gm16490",0.463272312047337,0
"Gm16998",0.663410861835404,0.13637027016183
"Gm17040",0.190436731117465,0
"Gm17056",1.19520823699762,0.0637142702814589
"Gm17806",0.147229082315281,0
"Gm17834",0.150424631138131,0.234796488351082
"Gm17877",0.232819669622491,0
"Gm17941",1.04866454005991,0
"Gm18026",0.153165925972615,0.856494524733648
"Gm18134",0.280268510467504,0
"Gm18227",0.63903465810422,0.348443150983288
"Gm18701",0.106740034238797,0.134708339091726
"Gm18921",0.190798295834506,0
"Gm18944",0.172055487098842,0
"Gm19164",0.349413699210588,0
"Gm19708",0.399816623384488,0.095192856533835
"Gm19901",0.245246848568852,0
"Gm19931",0.581186211467746,0
"Gm19963",0.139291921280222,0
"Gm20139",0.25637146636462,0.0349462431379594
"Gm20186",0.645454956518807,0
"Gm20541",0.693150193389089,0.225501607235506
"Gm20594",0,0.874854324868869
"Gm20628",0.761631509071465,0.198928039198144
"Gm20634",0.273744306279013,0.174689668522874
"Gm20655",0.304249250977477,0
"Gm20878",0.147625533316371,0
"Gm2093",0.568027069078486,0.19966648494318
"Gm20939",1.99448729607625,0.812549521216022
"Gm20945",0.167780215977124,0
"Gm21876",0,1.32302946567384
"Gm21978",0.207807498468105,0
"Gm22038",0.110847229285655,0.376106193491654
"Gm2237",0.642829511773935,0.204245452072192
"Gm22423",0.496138916333442,0.872422799415628
"Gm22428",1.87734547912787,0
"Gm22472",0.148532675005431,0.47241648224018
"Gm22692",0.47799778030885,0
"Gm22793",0.655375424919332,0
"Gm22973",0.538040237681167,1.29867483610647
"Gm23002",0.490803828069798,0
"Gm23143",1.42202039155843,1.63733349010638
"Gm23287",0.619107225893617,0
"Gm23421",0.407314898334818,0.590893434126783
"Gm23444",1.92619708251499,0.749765081563536
"Gm23502",0.507756872102706,0
"Gm23555",0.15125853557351,0
"Gm23629",0.936474264448826,0
"Gm23924",0,2.43588270198444
"Gm24045",1.78673544714926,0.484244273224066
"Gm24108",0.210365405596955,0.56032608720422
"Gm24175",0.927841661160268,0
"Gm24211",0.353520092647665,0
"Gm24225",0.709221472398585,0
"Gm24265",3.42474436805894,0
"Gm24281",0.419173553509757,0
"Gm24323",0.883271568560187,0
"Gm24359",0.471994789944123,0
"Gm24387",0.210066459373696,0
"Gm24407",3.02046491477538,0
"Gm24409",0.152935471691084,0
"Gm24576",0.74759994753881,0
"Gm24623",0.499618636376643,0
"Gm2479",0.313338299899548,0.0849667415169346
"Gm24830",0.154903157412559,0
"Gm24960",0.253468372397474,0
"Gm25008",0.605459535259961,1.39359658020076
"Gm25025",0,0.96751244757267
"Gm25099",2.21023413291881,2.35263147224956
"Gm25189",0.20052055692799,0.438900331826353
"Gm25243",0.273469311125864,0
"Gm25360",2.18689419785307,0.514163655748623
"Gm25371",1.09458814336064,0
"Gm25409",0.767251953604497,0
"Gm25541",0.442345304591299,3.42827065344491
"Gm2564",0,0.35778572408115
"Gm25657",0.973390807345558,0
"Gm25687",0.12174995033263,0.40818020273503
"Gm25703",0.627486974984405,0
"Gm25810",0.354678542701532,0
"Gm25832",0.227952941243564,0
"Gm25909",0.352754571603731,0
"Gm2594",0.0616105700836109,0.88057301131662
"Gm26210",0.193486319258041,0
"Gm26306",0.716500603383928,0
"Gm26316",0.08486214209014,0.97586480916445
"Gm26520",0.996973788374124,0.0217046772388349
"Gm26542",0.8368417088446,0.151617888073418
"Gm26566",0.19118533054245,0.175303471029727
"Gm26597",0.591915478269957,0
"Gm26714",0.352627777874107,0.293513359546335
"Gm26787",0.79738925475843,0.0794663950541964
"Gm26884",0.390426671961541,0
"Gm26887",2.39181199616938,0.171003053126619
"Gm26910",3.8341570102009,1.90008426866525
"Gm27168",0.9121176874552,1.67496403032951
"Gm27702",0.224262075396706,0
"Gm2814",0.422201631486881,0.0971467625367628
"Gm28166",0.183212036197625,0
"Gm28228",0.127196739770807,0
"Gm28286",1.02824586251265,0.0647854929248398
"Gm28424",2.23308275726723,0.145978176451982
"Gm28437",3.1450188198751,7.44718045041063
"Gm28496",0.519280723500767,0.01449608372236
"Gm28513",0.740919189608407,0.0994731309396315
"Gm28707",1.45182178273073,2.12475282270067
"Gm28872",1.11485323376915,1.19739651250345
"Gm29107",0.391698548963417,0
"Gm29282",0.623697737419099,0.110401792547032
"Gm29290",0.861804555128628,0
"Gm29291",1.38614529294683,0.515871424920343
"Gm29340",0.941221438695197,0.749275698420272
"Gm29367",1.86674518380181,2.17603106494927
"Gm29395",0.901932473536155,0.0897021980491915
"Gm29474",0.362184657725477,0
"Gm2956",0.181116945004506,0
"Gm29560",0.52356099105889,0.774614668679874
"Gm29707",1.09217906333366,0
"Gm29778",0.873353404211493,0
"Gm29781",0.659326375839333,0
"Gm29793",0.956816615176648,0
"Gm29811",0.782941831486332,0.41280507829923
"Gm29918",0.18926199800844,0
"Gm30055",0.160534492843293,0
"Gm30198",0.844749932965693,0.10853182862203
"Gm3055",0.319256565176128,0.0449461207383102
"Gm30646",0.494454335807849,0
"Gm31410",0.393160803107468,0.0855505087864123
"Gm31718",0.406222578067548,0.126765309644176
"Gm31925",0.345489116016982,0.270488715323645
"Gm32296",1.00515519919996,0.0799696186992356
"Gm3239",0.229643303119946,0
"Gm3248",0.597707819976615,0.0636222653776451
"Gm3252",0.717631500525719,0
"Gm32591",0.600779903055337,0.343749923817974
"Gm3264",0.297926340041642,0
"Gm32858",0.392448366993052,0
"Gm32950",0.398334693269135,0
"Gm33023",0.98352515295733,0.684665252514546
"Gm3336",0.567118248706089,0
"Gm33370",1.14468532705282,0.267542094055661
"Gm33677",0.244436041443342,0.0211199585491932
"Gm33858",2.27695909066005,0.218326966559486
"Gm3411",0.392579968851605,0.023977471828201
"Gm34280",0.34104051215414,0.109054323239441
"Gm3468",0.3889802761402,0.0138494710078546
"Gm34961",0.634285427590083,0.193346805213809
"Gm35135",0.254644850622703,0.33890405663954
"Gm35188",0.537965849544537,0.0107437458577705
"Gm35611",0.349198685522042,0.0639629745858879
"Gm3604",1.12735307420442,1.40942750070464
"Gm36198",0.364607424710284,0
"Gm36287",0.212494334756584,0.0247275804300649
"Gm3629",0.257762264023665,0
"Gm3667",0.477774016217861,0
"Gm36971",0.0818132307991173,0.277570473519002
"Gm36976",2.09222653374955,0
"Gm37031",0.257808060463501,0
"Gm37074",1.01106217814817,0.0805787074111683
"Gm37125",2.38571612111895,0.47926588689144
"Gm37168",1.48058464412174,0.173100041039444
"Gm37233",1.5181833310999,0.106038244087815
"Gm37306",0.681629157390798,0.0362930563340515
"Gm3739",1.29640907038421,0
"Gm37542",0.363372250809887,0
"Gm37616",0.101297862975768,0
"Gm37700",0.04892708590322,0.183591449288373
"Gm37796",0.231296977537566,0.47241648224018
"Gm37800",0.54454328652356,0.108333739192938
"Gm37820",1.2747290283247,0.253094009333082
"Gm37851",1.31522363677876,0.506143780789504
"Gm38004",0.449994092856118,0
"Gm38079",2.85680962606719,5.14274247992357
"Gm38130",0.747933290987291,0
"Gm38137",0.225522553318622,0.473481642867609
"Gm38140",1.19112237212495,0.324110302491603
"Gm38238",0.312507932189784,0
"Gm38334",0.30923763405686,0
"Gm38843",2.22615344696054,2.17104220481234
"Gm4076",0.0562830645320627,1.3900914111827
"Gm40773",0.510918047701104,0.225006466535954
"Gm40932",0.383021866603175,0.0378669068835626
"Gm41071",0.700896730396944,0.0707323017103146
"Gm4152",0.980891355213921,0
"Gm42428",0.732691003778649,0
"Gm42451",0.30781539165238,0
"Gm42470",1.053040392053,0.209505828061172
"Gm42570",0.268872138618953,0
"Gm42601",0.280646927324503,0.0242908315065486
"Gm42660",0.962060696927561,0.133483891932176
"Gm42666",0.1366839850526,0.451442367359411
"Gm42689",0.247504054764998,0
"Gm42752",0.761874277803381,0
"Gm42807",0.236942813855607,0
"Gm42809",1.24715863760964,0
"Gm42944",1.65432271798087,0.766893607803039
"Gm43008",0.305685093373871,0
"Gm43020",0.293029371644861,0.0693728706361613
"Gm43077",0.609918943140456,0.146338192089546
"Gm43121",0.677864317769053,0.350228559731164
"Gm43372",0.406174182562197,0
"Gm43403",0.533267451992399,0.0826408025727284
"Gm43582",0.62032115205407,0
"Gm43743",0.357891593569391,0.719854573771791
"Gm43796",0.728205157677993,0.101851086276107
"Gm43797",1.33415634557753,0
"Gm43821",0.41531019895266,0.0439791546266551
"Gm43837",0.485651741266669,0.123994548957638
"Gm43936",2.21857220760863,0.462441787792559
"Gm44064",1.26976661748592,0
"Gm44198",0.78870625616923,0
"Gm44247",0.162756417911456,0.280919900028789
"Gm44259",0.74425663816049,0
"Gm44410",0.182754023892943,0
"Gm44516",0.236617969497316,0.0365429843946085
"Gm44610",0.570699898849267,0.109764964587753
"Gm44659",0.988429035277565,0
"Gm44710",2.40618859822526,0.690610719074915
"Gm44727",0.190979921429257,0
"Gm44765",0.390452957403564,0.24256575921032
"Gm45069",0.891370997474408,0.509695956301109
"Gm45080",0.67428980004411,0
"Gm45091",1.13906649930498,0.361361990480279
"Gm45096",0.682739468977238,0.193758709743617
"Gm45162",0.279473803809422,0
"Gm45185",0.410165056122307,0.368951611060789
"Gm45212",0.748947111042087,0.17714712031532
"Gm45351",0.329447304046846,0
"Gm45432",0.278292533653807,0
"Gm45444",0.134511555916925,0.330544708256011
"Gm45472",1.00257477963132,0.0887781692962503
"Gm45474",0.719446539430195,0.615445477517866
"Gm45546",2.00539257704354,0.877031331246271
"Gm45751",0,1.04077520647811
"Gm45777",0.617819065227895,0
"Gm45778",3.39684123086024,0
"Gm45791",0.211102447523282,0
"Gm45805",0.783551940470894,0
"Gm45885",0.742453494051171,0
"Gm45887",0.715000480287178,0
"Gm46328",0.231260084618615,0.164638806797193
"Gm46336",0.629294366999997,0
"Gm46419",0.226902160016412,0.00782335976028316
"Gm47029",0.0537918456702327,0.360676869754994
"Gm47079",0.369650946889606,0.0411462271499594
"Gm47091",0,0.792586191959414
"Gm47112",0.678617971164134,0.466688545003784
"Gm47262",0.179385274672086,0
"Gm47330",0.0982442203200064,0.255606114432969
"Gm47425",0.0665576141711128,0.25943358437997
"Gm47513",0.623598750571792,0
"Gm47574",0.348340036437793,0
"Gm47634",0.38375127492551,0.118490167932254
"Gm47669",0,0.788987575588195
"Gm47677",0.143837558057191,0.0583192536384634
"Gm47697",0.326103449960483,0
"Gm47731",0.359808133791528,0.497760626701255
"Gm47732",0.136341418935935,0
"Gm47772",0.713996626262537,0.189741975636491
"Gm47819",1.22530243684694,0.216847067549437
"Gm47851",0.335195795640749,1.37318593043332
"Gm47964",1.08410826891144,0
"Gm48035",0.485049398260816,0
"Gm48081",0.592371595874107,0
"Gm48102",1.04785209391749,0.902673313058111
"Gm48104",0.17064077048238,0
"Gm48248",0.450386434616366,0
"Gm48296",1.78273343801665,0.164797465606154
"Gm4832",0.364130917647996,0.0306614525371851
"Gm48384",0.705722547301494,0
"Gm48440",0.169152737164303,0
"Gm48565",0.679696967980749,0.290902513090112
"Gm48663",0.187976220154874,0
"Gm48778",0.253487719926542,0.174127537455486
"Gm48876",0.341552136038563,0.261323774561033
"Gm48881",0.390236397223862,0
"Gm4951",0.287579359755673,0.275650978140346
"Gm4961",0.602078610203268,0.135841090772645
"Gm5086",1.73287775525748,1.01729530130551
"Gm5112",2.24087098720053,0.368170531436307
"Gm5129",0.577504763259078,0
"Gm5420",0.430966314440786,0.168757769871345
"Gm5464",1.17389961026724,0.0840324769211268
"Gm5654",0.0773438725141795,3.90132545459518
"Gm5723",0.480366201621882,0
"Gm5834",0.335065053175853,0.107693039339129
"Gm6277",1.44244328549402,1.03407391937016
"Gm6420",0.228014735170912,0
"Gm6749",1.38642881166937,0
"Gm6887",0.184373500245001,0
"Gm6967",0.197334096324678,0
"Gm7240",0.510537454442265,0.129022550784858
"Gm7251",0.230788481641611,0
"Gm7363",2.58213205045931,0
"Gm7449",0.149782913206852,0
"Gm7802",0.287500278604985,0
"Gm8093",0.765267426132129,0.195613763062019
"Gm8113",0.510434888748423,0.034771026426266
"Gm8237",0.269763732201185,0
"Gm8241",0.228458251681361,0
"Gm826",0.504333919105172,0.29670128845509
"Gm8307",0.205765184261715,0
"Gm8419",0.219911196720008,0
"Gm8444",0.59293242441224,0.276691699124091
"Gm8458",0.134646676802806,0
"Gm8463",0.716410024196563,0
"Gm9318",0.336917848710562,0
"Gm9369",1.06942547668131,0
"Gm9370",0.300243699970807,0
"Gm9484",2.34427659781182,1.17531685671225
"Gm9655",0.650681863460322,0.646974424620983
"Gm9725",0.585545304854036,0.0700891214620249
"Gm9796",1.57228955778863,3.27066018445833
"Gm9873",1.04344199884513,0.511693371273672
"Gm9929",0.537710869230349,0
"Gm9970",0.783847709947998,0
"Gm9972",0.137506129638646,0
"Gna15",2.76172156328141,2.34933047847013
"Golm1",3.97722332320222,0.682580090784647
"Gpa33",0.355671667160729,0.077771639727251
"Gpbar1",1.07598339217087,0
"Gpr160",1.5291002852583,1.56830400706244
"Gpr165",3.20917677567911,0.207454253844082
"Gpr84",2.78554943057787,0
"Gtf2h2",3.43564338815774,1.72115714799145
"Gucy2g",0.238195125848182,0.0206995250661725
"H2-K2",3.50938526614273,0.188090546571354
"Havcr2",2.86417592477451,1.19334770805571
"Hexb",5.98306260060382,0.509407950885003
"Hhex",3.98250859067705,5.68763770843419
"Hist1h1t",0.190411417953129,0.137067484601153
"Hist1h3a",1.4460364733053,1.30230485423675
"Hist1h3e",2.41025621969355,0
"Hist1h3f",1.16196527103359,0
"Hist1h4d",3.05260991022854,0.534304738236634
"Hist2h2ac",1.91671865049448,0
"Hist2h4",2.2931831429637,0.587574043301875
"Hist4h4",1.19880191616599,0.132757713912285
"Hnmt",1.89470269873125,1.18092814624079
"Hpgd",2.72853290902531,1.77314847883291
"Hpgds",2.50154341410049,1.33770128602884
"Hpn",1.1428878143083,1.42759001547031
"Hps4",3.23987863169729,1.68559866490212
"Hsd17b1",1.29824435203073,0.0719655907207976
"Hspa1a",5.61810423542971,4.97072923931478
"Hspa1l",0.833774221155689,0
"Hspb3",2.98156238299159,1.30727708967538
"Hyal6",0.251685253412015,0.0919081338683662
"Ier3",7.51704818087622,7.70284376891518
"Ier5",8.41133998408461,7.41114063992066
"Ifitm10",1.62393322805352,1.64419578854112
"Ifnz",0.321742849009065,0
"Ighd4-1",1.05038727508139,0
"Ighj1",4.05512609264468,0
"Ighj2",2.26871596724905,0
"Igkv1-131",0.269436006209068,0
"Il10ra",4.50379753430662,5.49759424188881
"Il1a",1.47780703925245,0.0447002379693823
"Il1rl1",0.537736629161698,0.623713213135204
"Il1rl2",1.1145021178227,0.350392347958601
"Il21r",2.11444798512583,1.24037424034955
"Il6",0.975117029687043,0.96087712217356
"Il7r",1.51599805138135,0.564968965986407
"Ildr1",0.992064380179532,0.294145649662981
"Inmt",0.0874690659364248,0.585393266048739
"Inpp4b",0.73418229154031,0.138911014501961
"Inpp5d",3.54463693431294,3.51415571065517
"Irs3",0.690247896361257,0.531132040743141
"Itga9",0.861599301378171,0.0745032845097421
"Itgb5",3.71882703040353,1.24264333406452
"Ivns1abp",6.70106145318433,5.05043118984376
"Kcnd1",2.84276772372282,0.768080419401673
"Kcnk12",0.90660190551716,0.197649805013371
"Kcnk13",1.55246347306639,1.46212425954953
"Kcnk6",3.32273533097885,2.47109578847958
"Kctd12",5.49113512472689,6.74514388042093
"Klk8",2.5973611715837,4.9727063882608
"Krtap19-5",0.179214765153171,0
"Lacc1",3.77132386331468,4.56127038462185
"Lair1",3.0648449034158,2.93343865740403
"Lbx2",1.20866630577286,3.75102968622418
"Ldhb",5.58795238725636,4.2163193083228
"Ldlrad4",1.58342173316449,0.236749525314228
"Lefty1",1.88262167406206,4.61471738090374
"Lgmn",6.12359995885451,8.16977812255465
"Lilra5",2.14114028379517,1.61103580715493
"Liph",0.925957287725996,0.747230096294315
"Lpcat2",3.31410105714873,4.14367145778516
"Lpxn",2.31579255794464,4.55466768161668
"Lrrc3",3.52946757469931,2.26198202077588
"Lrrc8a",0.435604940536035,0.00704096449172022
"Ly6g6e",1.15475441673101,0.919606552640657
"Ly86",3.15247271296034,4.93876464637431
"Lyzl4",0.224204873749052,0.0861573676893051
"Maf",3.01918283522923,4.27722288490126
"Mafb",6.8776689382453,9.79801750007086
"Mef2c",3.02335735901151,1.63030719081605
"Meig1",0.982021084821305,0.268951561379316
"Mertk",2.42437972206906,0.46837254437802
"Mgat4a",2.37365035180435,1.38363695531533
"Mgp",1.41186735799518,1.4744518340512
"Mir142hg",4.09897382219274,3.21708725969996
"Mir145a",0.242151490166823,0
"Mir155hg",0.615722888984072,0.0230175650020344
"Mir1932",1.65585795053361,0
"Mir1946b",0.36882866120159,0.473669286102863
"Mir1953",0.191298015928155,0
"Mir320",0.766039406353061,0
"Mir466j",0.281514264428582,0
"Mir7671",0.394977652872085,0.530044521822358
"Mir7688",0.22898130353166,2.85302638863184
"Mir8110",0.332254603629749,0
"Mir8111",0.332305752182043,0
"Mlph",1.26755655884772,0.956418314233664
"Mlxipl",1.49778603007549,2.79808981120475
"Mob3c",4.48851267348899,1.71260018219546
"Mrc2",1.23251483352081,0.320989073615216
"Myadml2",2.32592916102684,1.35349631043037
"Mybph",0.547873260195604,0.022576268408368
"Mybphl",0.372543689583386,0.0491326022972272
"Myl2",0.69705392254776,0.628692295173789
"Mylip",3.44131811889917,3.03132402492732
"Mymk",1.20272252842825,0.715910102746234
"Naalad2",0.713222081330554,0.292428032258825
"Nav3",1.09202274940102,0.159172547777833
"Nek6",2.46074085080091,0.966173831668342
"Nfkbia",8.8973277582871,6.10012451399702
"Nfkbiz",5.18775529801874,1.929220382449
"Nrip1",3.04075683876089,2.46422137727165
"Ntpcr",3.721837678199,4.38714099091793
"Numb",2.85776515474685,2.04168566466383
"Olfml2b",1.90484220751333,0.476645098775307
"Olfml3",3.87516679888446,2.19801035383725
"Olfr110",0.668402839782095,0.495063444695312
"Olfr111",0.591145187710564,0.105133278020728
"Olfr1421-ps1",0.228479794986737,0.322864624638205
"Olfr1444",0.250134501119572,0.0660000075354271
"Olfr340",0.125505595195626,0
"Olfr624",0.876687942936188,0
"Olfr688",0.134646982978255,0
"Olfr861-ps1",0.11334326382311,0
"Olfr895",0.0525088727087177,0.186320380892669
"Olfr978",0.161955215695367,0
"Ophn1",1.71021210755273,0.269702736439982
"P2rx7",3.28134957291823,1.69471737145141
"P2ry6",2.43317256955334,2.44479491851969
"P3h2",0.895685887083356,0.141596819277119
"Pald1",2.76766148685354,1.09727831499879
"Pdcd1",0.652188737323665,0.489884694325216
"Pde3b",2.36672103765954,1.83830553200673
"Pecr",1.04533950222148,0.0229429275295502
"Pik3cg",3.20596365964412,3.15101558023281
"Platr29",0.26476249460016,0.0723417966983044
"Pld1",1.98768020570632,0.923298178525613
"Plet1os",0.407620584238877,0.169737663401591
"Plxdc1",1.89063198326498,0.943473331573627
"Plxdc2",1.69925287136145,3.14734111121182
"Pmepa1os",0.284164256342433,0.32885682610799
"Pnrc1",4.65558139099016,2.86917445356479
"Pon3",1.98442937291349,3.85055749176937
"Postn",1.05688458855491,0.22182741903463
"Ppcdc",2.84431518451503,1.40814513196407
"Ppia",5.88987261637246,7.60236495033462
"Ppp1r10",5.28097566888473,2.8776900234142
"Ppp1r3b",2.374696555254,2.36634998853545
"Prelid2",0.441091217703826,0.124552574334408
"Prlh",0.203357355073565,0
"Prom2",0.274012927840086,0.106445770077535
"Pros1",3.23310628053124,4.01539845081579
"Prps1l1",1.26683849589288,0.0869402229089046
"Prpsap2",3.37387217269278,2.82954117191754
"Prr32",0.141808713522741,0.265158871705055
"Ptchd1",0.715392936081374,0.09255457338861
"Ptger3",0.536613191756255,0.230211271007498
"Ptgs1",4.10112756680579,7.03974966880874
"Pvrig",1.15712841841909,2.41667453699008
"RF00004",0.154732109355372,0.374277174885232
"Rab39",1.76719922136203,1.54126852661228
"Rab3il1",2.85939918518314,1.42815600375225
"Rad51b",0.393859478997391,0.455466401317682
"Rapgef5",1.92160088710997,0.521950759747667
"Rapsn",0.613884808285909,0
"Rasal3",3.57389000126834,2.44249349929339
"Rasgrp3",2.2017228648657,1.48478179469753
"Rasl2-9",2.36442854010828,4.00038234963975
"Rcbtb2",2.08584636247322,0.536643267902097
"Rgs1",3.86200255367092,4.11043780216093
"Rgs2",7.38593823391984,7.27892502499324
"Rhobtb1",0.994719125585818,0.77201792944066
"Rhoh",2.35539395589117,1.69286248026578
"Rin2",3.43044142602233,2.61013636649368
"Rnase10",1.39955326072944,0.665848449556025
"Rnase12",0.923734114707121,0
"Rnase4",4.41240330192637,4.06578658018904
"Rnf135",3.03360974838001,2.90706652584674
"Rnu12",1.88246185414571,1.45672094283635
"Rnu2-10",3.83931974907052,0.59959048162854
"Rnu3a",3.37135470229563,2.47376328244567
"Rny1",1.98410027436172,2.83512687180873
"Rny3",0.262659591704448,2.5554761024528
"Rpl27a-ps1",0.228689356667296,0.882583059627091
"Rpl30-ps5",0.679542369534282,0
"Rpl31-ps23",0.190488740787774,0
"Rpl31-ps6",1.56898192136056,0.272910123739301
"Rpp38",3.10283674050966,3.00823643315092
"Rps19-ps5",0.0429523542230734,0.995443764037134
"Rrad",4.13156251110997,1.46978567811452
"Rsl1",1.89205856235219,1.75954953082798
"Rtn4rl1",1.49100585160564,0.816750882261259
"Rubcnl",1.91671224786588,1.37094675018372
"Sall1",3.71301385785027,1.35302140008559
"Scarna2",1.18132420988066,0.520858846931378
"Scoc",3.33075747789653,3.58445927584699
"Sec16b",0.445485965294613,0.538096617815136
"Selplg",6.16819737131046,8.67340581011866
"Senp8",1.76184905221415,0.623171886241426
"Serinc3",8.23889566380299,8.05211302834927
"Sertad1",6.29229228197525,4.49852395129527
"Sgce",2.50150180146075,0.873308575961817
"Sgk1",4.46465379602065,2.15766820392321
"Sh2d6",0.849198030802226,0.0279341569849482
"Siglec5",1.96765743899853,1.26245016278967
"Siglech",3.97303356437345,2.26281000088598
"Skil",5.42497530850336,2.32511699247739
"Slamf6",0.983964233089133,0.953945591675795
"Slamf9",2.87035348640441,4.9448349654574
"Slbp",4.23827425894342,4.24230831188863
"Slc10a6",0.488069529088318,0.389326118367798
"Slc16a6",3.58713775059166,0.401197066917288
"Slc29a3",4.07900535186332,1.80162739979885
"Slc2a5",2.48828417544877,2.00522295212656
"Slc36a2",0.559836063760732,0.159561253945787
"Slc37a2",2.70258641383528,1.33752736405512
"Slc46a1",4.55160926802523,2.85946706945952
"Slc7a8",3.03710534920198,1.10223780403867
"Slco2b1",2.82907770757537,1.48530991347637
"Slco4a1",1.81783438053203,0.504319584251041
"Smpd5",2.43747809205413,0
"Snord118",3.6919387111689,2.26091765541713
"Snord13",1.73631163164347,6.81420721765919
"Snx24",1.29188533752393,0.276216541479277
"Snx31",0.466011105003594,0.274363111052637
"Spint1",1.17887194304126,1.22474585043909
"Srgap2",3.35448730028225,1.49304122375562
"St14",1.06446460719583,0.84624024956665
"St3gal6",3.11278987941336,1.25858544521238
"St6galnac1",0.236911908607841,0
"Sult1a1",3.85316933626339,2.66563439081507
"Susd3",3.4249034988414,4.90121978079068
"Tanc2",1.94753751977603,0.348914196682363
"Tcf24",0.617015802288263,0.608580761926846
"Tcstv1",0.194219560509869,0
"Tctex1d4",1.42397101591324,0
"Tescl",0.106065944966933,0.31877715748837
"Tex14",0.910373154429686,0.83838761409266
"Tex19.1",0.265865393885524,0
"Tgfbr1",4.50443432716281,2.84020697705079
"Tgif1",4.26499304831531,3.11872511093921
"Thap8",1.1476826500688,0.163332042679241
"Tlr12",3.06931834454743,1.46223605431813
"Tlr3",2.7055462042816,2.78081306017518
"Tlr4",1.53900884002326,2.22695211897228
"Tlr7",3.35602071339197,4.13639271324778
"Tmcc3",1.05335165356306,0.106356386514545
"Tmem119",4.82133059783639,5.70896810317052
"Tmem173",5.14339585193433,5.01152400891665
"Tmem206",4.12901176025283,2.21628262258702
"Tmem221",1.4263686695747,1.44594214297369
"Tmem37",2.95111288005151,6.85212914818385
"Tnfaip3",5.28021204929336,0.707668451132767
"Tnfrsf11a",1.69121416930504,1.0505611465013
"Tnfrsf17",1.47172922562,1.62926604661149
"Tnfrsf23",0.841475492244519,0.0116489587997736
"Tomt",1.06855994405746,0.0220309945469265
"Tpbgl",3.42003816722659,2.41089522223102
"Trav4-3",0.166823764982619,0
"Trem2",4.64004355204693,4.09171654549051
"Trf",0.297822580220559,0
"Trim17",1.07420884492088,0.129080239379165
"Trmo",2.00673924388383,1.6701106736455
"Trp53cor1",0.859489246171981,0.672534026121764
"Trpv4",1.2102162411428,0.372738389769705
"Ttc30a2",1.47988517776654,0.305211820837132
"Ttr",1.45180940085316,2.16392635752293
"Tubgcp5",3.59936461807447,1.97544093921232
"Upk1b",0.905540866203495,1.05328510683242
"Urad",0.328468898631328,0
"Vaultrc5",3.14974588033078,1.15345501726945
"Vipr1",0.9098536134947,0.353834604193908
"Vmn1r-ps141",0.0610243826463836,0.213412291571418
"Vmn1r-ps53",0.188737759586422,0
"Vmn1r152",0.124773650563542,0
"Vmn1r179",0.3848074171915,0
"Wfdc2",0.120104389432356,0.406102564709752
"Xlr",1.17343391566522,1.6386911727826
"Xylb",1.02238883164089,0.234554661259208
"Zfhx3",0.700030555419546,0.170773058872778
"Zfp36l3",0.33954057852438,0
"Zfp658",2.85629568919461,1.50926214352134
"Zfp69",2.00452915453833,0.599694944220254
"Zfp715",4.14672715943077,2.73295815639049
"Zfp719",3.26844470123068,2.6408643359648
"Zfp869",5.41695447422909,0.0869419073828294
"Zfp951",1.07577899881328,0.647052483619631
"Zfp964",1.28594133862597,0.558301805212607
"Znf41-ps",1.65768199348691,0.0805653596999463
"Zp1",0.325776442887881,0
"mt-Atp6",3.89737349361246,12.5317326234001
"mt-Co3",3.01376129755478,10.6145144686334
"mt-Nd3",1.64043512828229,9.30603038249148
"mt-Nd4l",0.154749789683556,0.870168954387525
"mt-Ta",0,3.46057822564129
"mt-Tc",1.60308941791292,3.41476231189307
"mt-Td",0,5.50380965751058
"mt-Te",0,11.0231832866511
"mt-Tf",0,3.93746506623679
"mt-Tg",0,4.90934228170631
"mt-Th",0,2.49079079022685
"mt-Ti",0,3.77595920851689
"mt-Tk",0,3.57814069932089
"mt-Tl1",0,2.87217830789421
"mt-Tl2",0,2.25031130390656
"mt-Tm",0,5.03769718460469
"mt-Tn",3.69623809924473,4.13268459715852
"mt-Tp",9.92080444212406,7.5008775867371
"mt-Tq",0,10.8385271233773
"mt-Tr",0,2.31014970633898
"mt-Ts1",0,15.6949786301391
"mt-Ts2",0,3.29898799268442
"mt-Tt",0,4.75097117700595
"mt-Tv",0,4.27972954923109
"mt-Tw",0,4.37473402969179
"mt-Ty",0,4.93700836876763
"n-R5s43",0.169953886348769,0
