"","logFC","AveExpr","t","P.Value","adj.P.Val","B","Contrast","FC"
"Cd5l",10.9248187420141,2.64364309118338,49.7072729998567,1.47431982340927e-29,8.1540943633208e-26,48.4945098526132,"macrophagesBYo",1944.00840613683
"Saa3",13.4476115312484,3.25996659461148,37.9840109911471,3.1378031461371e-26,1.15696031669985e-22,44.3389372031265,"macrophagesBYo",11172.0903939696
"Gata6",5.88924293609588,1.27512892105733,32.8658069919224,1.88027148033824e-24,5.94246370850326e-21,41.7012285052603,"macrophagesBYo",59.2705251930671
"Cfb",6.76933627795528,1.4388163540424,32.7093066174279,2.15100988030351e-24,5.94834894774433e-21,41.6098460027499,"macrophagesBYo",109.087068323882
"Vsig4",6.25459996612478,1.38834133476577,31.0698163654804,9.14348153261053e-24,2.24756935495492e-20,40.6086462470277,"macrophagesBYo",76.3523134694502
"Gbp2b",6.48120073626045,1.48486425174671,29.5286184660613,3.81172783584944e-23,8.43268549124971e-20,39.5891522136295,"macrophagesBYo",89.33791849677
"Timd4",6.27686196739645,1.51366749649995,26.8105658580261,5.65399986681894e-22,1.13712217321487e-18,37.5814479517395,"macrophagesBYo",77.5396311603124
"Alox15",11.3322600535081,2.72624359786338,26.2051648073148,1.06708851282041e-21,1.96726659742715e-18,37.0937752009381,"macrophagesBYo",2578.39941975697
"Gm29459",5.16092212980492,1.0638575469678,25.6011859316454,2.03851756277542e-21,3.4690864647139e-18,36.5912250770932,"macrophagesBYo",35.7760481484849
"Gm48832",5.06256987165613,1.13586101317487,24.4444386736071,7.33024894716339e-21,1.15833641041497e-17,35.5815844280633,"macrophagesBYo",33.4183794954328
"Marco",5.58217822761793,1.14190422359166,24.3148300723679,8.48951411185389e-21,1.25209013797696e-17,35.4644280836431,"macrophagesBYo",47.9074536014156
"Cxcl13",8.59652965514313,2.42202635042278,22.575979340871,6.53916154854564e-20,9.0416169336547e-17,33.8083285715373,"macrophagesBYo",387.091187954152
"Calml4",5.24507768840935,1.72894657104155,21.872123433962,1.55589113223625e-19,2.02476350108604e-16,33.0905311954831,"macrophagesBYo",37.9250108580892
"Gm26863",6.96138630365074,1.56047222502362,20.602305729215,7.92895276005589e-19,9.23222220582718e-16,31.7199303621411,"macrophagesBYo",124.619524207737
"Arg1",7.58325880073698,2.1464116267692,20.517126465569,8.87196413398591e-19,9.60604705861933e-16,31.6243269833835,"macrophagesBYo",191.773398175676
"Serpinb2",7.95239915688813,1.94563513063588,19.8980786748795,2.03293599838078e-18,1.9554192648773e-15,30.9149872349201,"macrophagesBYo",247.691260750501
"Wnt2",4.14945635484436,0.965328111729267,19.3861957930147,4.10504795375616e-18,3.78399899503948e-15,30.3085402600883,"macrophagesBYo",17.7464229774684
"Hal",4.25477269945115,1.08884898685907,17.8169834609557,3.92645828798823e-17,3.3409629501986e-14,28.3290910659398,"macrophagesBYo",19.0903639125178
"Cdkn2a",3.80560751698334,0.914450747223003,17.5394344966755,5.95667067259966e-17,4.74754051474004e-14,27.9589083708649,"macrophagesBYo",13.9830533404369
"F7",6.23963778285846,1.61427982185444,16.1424641274961,5.29340391731636e-16,4.03813706423413e-13,25.9959618320204,"macrophagesBYo",75.564555972415
"Gm26641",3.46167537193798,1.18098301741991,15.9102722183137,7.72429322237324e-16,5.69615129861877e-13,25.652739040577,"macrophagesBYo",11.0171210743519
"Fabp4",11.1042109761639,2.87225373996062,15.447538273807,1.66242625958492e-15,1.14930800439991e-12,24.9534995630362,"macrophagesBYo",2201.40821097652
"Platr26",2.94192082935243,0.665330649712542,15.1354064149126,2.81693452125245e-15,1.88845583071721e-12,24.470068794772,"macrophagesBYo",7.68433720736685
"Cyp26a1",4.26973752252978,1.01258115137185,14.9068742451677,4.16705248979604e-15,2.63393434947879e-12,24.1099448533341,"macrophagesBYo",19.2894154939794
"Gm35657",3.09737998022504,1.00679292357494,13.7578415305536,3.21054709992047e-14,1.96388355660173e-11,22.2166033111353,"macrophagesBYo",8.55863059739216
"Tpsb2",5.13334869735755,1.32411395574756,13.745410845173,3.28453155513555e-14,1.96388355660173e-11,22.1953385209539,"macrophagesBYo",35.0987731336775
"Naip1",3.30960858261512,0.850373394629684,13.5011457300485,5.15537542003286e-14,3.00137816887861e-11,21.7739619426173,"macrophagesBYo",9.91497120514575
"C1ra",4.50250292072464,1.81764771230338,13.1328126822322,1.02913620352895e-13,5.69189505766773e-11,21.125690295414,"macrophagesBYo",22.6667072050209
"Rpsa-ps3",2.48213453331608,1.5807004208218,13.0282705055894,1.25543351684103e-13,6.77413553489613e-11,20.9388243303455,"macrophagesBYo",5.58723512301194
"Gm13647",3.18420152397379,0.843766018728203,12.4034196078258,4.21993640449391e-13,2.17110821108416e-10,19.794740913937,"macrophagesBYo",9.08950370398229
"Cyp2e1",2.89211235993915,1.26282622518026,12.2431216042709,5.79915749165745e-13,2.90589181540812e-10,19.493573231113,"macrophagesBYo",7.4235659512347
"Gm43175",6.75721448333701,2.12197702062262,12.2101954792066,6.19266118350192e-13,2.9782661600568e-10,19.4313166897584,"macrophagesBYo",108.174338128195
"Car6",2.75161873297711,0.658892318124274,12.0722775943614,8.16363914240384e-13,3.84264231377447e-10,19.169068452978,"macrophagesBYo",6.7347235802371
"Gm26554",2.7560119829137,1.06199980287947,11.7275424746222,1.64426108040911e-12,7.57833080872723e-10,18.5030339819686,"macrophagesBYo",6.75526320785224
"1700025O08Rik",2.56535079807768,1.09196996984372,11.3700689969637,3.44859485175408e-12,1.52586527810711e-09,17.7962188248844,"macrophagesBYo",5.9189890920398
"Hgsnat",4.85872075795913,4.77392917793017,11.3484872876494,3.60805243129719e-12,1.56511654779584e-09,17.7530114927438,"macrophagesBYo",29.0148739842082
"Adamtsl5",3.66014603564722,1.13698950055924,11.036436398749,6.97964781928627e-12,2.91341035294472e-09,17.121376076773,"macrophagesBYo",12.6419405953364
"Ptgis",6.88528898259174,1.9526786150121,10.0373019173382,6.25931059051615e-11,2.38749531368946e-08,15.0101725835171,"macrophagesBYo",118.216613072435
"Gm32089",2.86298987600061,0.680241064471699,9.76384334739213,1.16650161411073e-10,4.23057626376584e-08,14.4082145878585,"macrophagesBYo",7.2752149609759
"Aldh1a2",2.74423480469801,0.760149128650393,9.29471856031268,3.47172002973095e-10,1.16371003360209e-07,13.3509743277319,"macrophagesBYo",6.70034232028038
"Insl6",3.30784136145255,1.07875858126915,9.11340944104707,5.33295872493185e-10,1.7093154278402e-07,12.9340198109269,"macrophagesBYo",9.90283335264111
"Gm26774",2.70163521136266,0.68394930205183,9.10749978727228,5.40849251678408e-10,1.7093154278402e-07,12.9203510850746,"macrophagesBYo",6.50538847519245
"Serpinb6a",3.68511863936568,2.24951351699737,9.08737724288164,5.67399810307783e-10,1.74341472269987e-07,12.8737715866291,"macrophagesBYo",12.8626735644667
"Flnb",4.88708970891486,2.67708870785162,8.85619765889137,9.8778957441836e-10,2.91371583398098e-07,12.3345301807053,"macrophagesBYo",29.5910648586814
"Spaca9",3.52371710970083,1.26118745720941,8.78777600932633,1.16550235960278e-09,3.39268535545952e-07,12.1734850155926,"macrophagesBYo",11.5012368260794
"Retnla",10.7555316958963,3.27318365475692,8.77799474156757,1.19345552418527e-09,3.42893721578582e-07,12.15040880292,"macrophagesBYo",1728.77176069924
"Ramp3",5.12881818413848,1.68504489709917,8.70131467700492,1.43776639541569e-09,4.07791102125401e-07,11.9690369346732,"macrophagesBYo",34.9887249022783
"Pelp1",4.08289542240716,3.93862077543046,8.5422364677016,2.12107241801472e-09,5.72249818338287e-07,11.5901374440011,"macrophagesBYo",16.9462649152683
"Mucl1",2.82596079854211,0.67966631334324,8.40380938503712,2.98314410670758e-09,7.95133699670985e-07,11.2575515402552,"macrophagesBYo",7.09086091537377
"Man2a1",4.10881716530795,2.05854500569014,8.34510179038193,3.45001296475028e-09,8.87495776967098e-07,11.1156972539193,"macrophagesBYo",17.2535002091563
"Tspan32",2.97840884979601,2.358777251563,8.16685012057229,5.37951931760207e-09,1.29359897677511e-06,10.6820819652942,"macrophagesBYo",7.88116469428299
"Stfa3",2.6158050900041,0.813558104389722,7.96333893029933,8.97807434152096e-09,2.11299934741987e-06,10.1817289657533,"macrophagesBYo",6.12965166089378
"Gm37932",3.20059812119778,1.91125447802052,7.92294910478462,9.94496923213879e-09,2.29179744086048e-06,10.0817637720948,"macrophagesBYo",9.1933975040964
"Msr1",6.01683651008679,2.3830900009187,7.68187197787987,1.83907132903937e-08,4.02829455567702e-06,9.48060952102232,"macrophagesBYo",64.7512666698351
"Tmem238",3.86102108971568,2.95698708635967,7.56221774992287,2.50198860069136e-08,5.27157083934238e-06,9.17943231540946,"macrophagesBYo",14.5305870941381
"Wfdc18",5.11377455733573,2.01651632602041,7.40852415615428,3.72493168588269e-08,7.77421355535686e-06,8.78991458678414,"macrophagesBYo",34.6257774067667
"Bst1",5.15238537563951,1.88557970273634,7.34279194618399,4.41990511715807e-08,9.05384823211925e-06,8.62242849638804,"macrophagesBYo",35.5649782376885
"Slpi",10.2952975331488,4.12663162946766,7.28705270110528,5.11195838221137e-08,1.03753995678589e-05,8.47999145893657,"macrophagesBYo",1256.5893417638
"Gm12972",2.48103480350553,0.634910424098453,7.24351736931017,5.7284900359778e-08,1.14172418978322e-05,8.36847987247387,"macrophagesBYo",5.58297773834961
"Akr1c13",3.51898690884006,1.7409583897995,7.18637468179462,6.65419301735836e-08,1.30274966480548e-05,8.22177142548543,"macrophagesBYo",11.4635891807514
"Gm47015",5.83974716620004,2.68098763877887,7.14736244772246,7.37231118080323e-08,1.4182403500253e-05,8.12139004278922,"macrophagesBYo",57.2715667584657
"Marveld1",4.6494103765214,4.67642940961967,7.14330561019556,7.45137416369434e-08,1.42109267778802e-05,8.11094128050963,"macrophagesBYo",25.0964322287067
"Lyz1",8.96677909441532,3.22843087050345,7.11207117768668,8.08969032176948e-08,1.52964289733766e-05,8.03043003931774,"macrophagesBYo",500.344893684806
"Fam46a",4.90477119931839,5.47089001031831,7.06903146399866,9.06144708574951e-08,1.68459154519358e-05,7.91930448451606,"macrophagesBYo",29.9559607490396
"Prdx4",2.78571686282022,4.72738250786971,7.05617875753047,9.3740458134611e-08,1.72818346276e-05,7.88607854767695,"macrophagesBYo",6.89579488801779
"4930455G09Rik",6.22317313640137,2.26223899781264,7.03299497049616,9.96590142659488e-08,1.8172447316268e-05,7.82609790884572,"macrophagesBYo",74.7070835014477
"Cdkn3",2.84530358551074,1.55108871562502,7.01406880991281,1.04771302223053e-07,1.88443538136634e-05,7.77708743991089,"macrophagesBYo",7.18657109010592
"Asf1b",3.35467232780741,2.06499829751169,6.99668321803979,1.09702083117483e-07,1.95720902000651e-05,7.73203086621283,"macrophagesBYo",10.2295609967307
"Lbp",3.8487556483978,1.53221021410757,6.92833177467976,1.31485261253639e-07,2.29043183835769e-05,7.55456481554076,"macrophagesBYo",14.4075752364844
"Cd36",4.25588231657191,1.6781078548606,6.89054782785678,1.45363594464175e-07,2.47375292333149e-05,7.45624311702858,"macrophagesBYo",19.1050524935029
"Nt5e",4.61904157163619,1.77707075229051,6.83545658649755,1.68312074201055e-07,2.79967520116537e-05,7.31260794871692,"macrophagesBYo",24.5736724018505
"Nucb2",3.73271270696165,2.66099063758337,6.83080627030117,1.70410081276841e-07,2.81341957319966e-05,7.30046869969766,"macrophagesBYo",13.2940861859641
"Ehd1",5.66277777216517,5.29324691708481,6.78693649703959,1.91556797641757e-07,3.13911928461378e-05,7.18583815246075,"macrophagesBYo",50.6600913066414
"F5",7.08279311206488,2.41458657470034,6.78117887403482,1.94523265025458e-07,3.1590369544374e-05,7.17077866243729,"macrophagesBYo",135.560505555468
"Adipor2",2.4154873366556,3.59770985174202,6.77835221810585,1.95996644125252e-07,3.1590369544374e-05,7.16338407075576,"macrophagesBYo",5.3349965446676
"Gm33280",2.57692636126836,1.19493537800393,6.76562491571169,2.02772249010219e-07,3.20423604632363e-05,7.1300788985849,"macrophagesBYo",5.96667154528481
"Anp32b",2.62759111924884,4.72951445560966,6.72427449534544,2.26471206080379e-07,3.55334928518881e-05,7.02175664467576,"macrophagesBYo",6.17993266618971
"Ecm1",10.8054066575835,5.34739836676712,6.67277576756953,2.59959191583397e-07,4.02173230447517e-05,6.88660660908193,"macrophagesBYo",1789.58165549817
"Fam43a",5.79148699339423,6.18778151794226,6.6698179825586,2.62028529034091e-07,4.02559524154249e-05,6.87883630033973,"macrophagesBYo",55.3874415216423
"Gm29325",3.19833288703411,1.17196478733046,6.63736157139824,2.85863568201385e-07,4.30214946892466e-05,6.79351405262193,"macrophagesBYo",9.1789739032487
"Irf2",2.48270882951483,3.03828965544222,6.56295215389681,3.49151122129058e-07,5.1495135165741e-05,6.59751680292353,"macrophagesBYo",5.58945968644253
"Apoc1",5.6809446859605,2.38602341248021,6.55454499726682,3.5714246487887e-07,5.23249188775843e-05,6.57533866388633,"macrophagesBYo",51.3020540835701
"Hist1h2ag",4.02667291080174,1.22375806803161,6.5074511703213,4.05461077866386e-07,5.86275518015559e-05,6.45098213520557,"macrophagesBYo",16.298563501052
"Hdgf",2.54971264825054,6.41329302149143,6.48740467386285,4.27991093889864e-07,6.03898943702036e-05,6.39798473655363,"macrophagesBYo",5.85517645083118
"Baiap2",3.62034696317513,2.90442608853183,6.46549343153955,4.54070931606621e-07,6.22750477200611e-05,6.34001550762011,"macrophagesBYo",12.2979587112846
"Klf10",4.84810660812561,6.43239958774483,6.43970895519189,4.86831351996631e-07,6.48805421700089e-05,6.27174364970243,"macrophagesBYo",28.8021900160936
"Ldha",2.80158374834155,7.37195622546018,6.39396801249861,5.50953555324203e-07,7.25520565740317e-05,6.15048628426549,"macrophagesBYo",6.97205402350243
"4930555A03Rik",3.87586345306721,1.09512556894876,6.35015248062869,6.20392183311678e-07,7.97961411128154e-05,6.03416302990906,"macrophagesBYo",14.6808485511675
"AC155167.2",2.38612270582256,0.589289523722897,6.28400546849838,7.42387684829477e-07,9.33172883606961e-05,5.85824786929637,"macrophagesBYo",5.22750561271918
"Rad51",2.56173178878713,1.05962879960072,6.28133511747963,7.47793391175135e-07,9.34657242540537e-05,5.85113865442346,"macrophagesBYo",5.90415987923994
"F10",7.10810085400187,2.46731559161103,6.27578072542697,7.59165279260038e-07,9.43540082756731e-05,5.83634948167572,"macrophagesBYo",137.959486516387
"Kctd9",3.45245434772092,2.45602759555147,6.24325764564891,8.2935300962852e-07,0.000101368931668573,5.74970381032741,"macrophagesBYo",10.9469294031589
"5031425F14Rik",2.8335834785864,1.36694389782604,6.23522050412262,8.4768710391329e-07,0.000101920553260183,5.72827895840706,"macrophagesBYo",7.12842561770927
"Clec4d",6.09149802480745,2.54428189369891,6.22789238117701,8.64760870448595e-07,0.000103411376956401,5.70873976361821,"macrophagesBYo",68.1904606079035
"Ms4a8a",7.65269000669325,2.51571776431719,6.16882666141925,1.01571130200149e-06,0.000118891963672904,5.55110078751586,"macrophagesBYo",201.228384000886
"D130058E05Rik",2.46786145010549,0.769363106123657,6.15775459007681,1.04684421259771e-06,0.000121891234291048,5.52152165157144,"macrophagesBYo",5.53223120011517
"Ptger4",3.00741463166516,2.43030856855701,6.12579262462371,1.14223551040317e-06,0.000131612896857549,5.43608470784771,"macrophagesBYo",8.04122128450915
"Rpn2",2.84723403492216,5.92784494109987,6.1023697524085,1.2176787485508e-06,0.000138468243892983,5.37342691645433,"macrophagesBYo",7.19619377370722
"Rab27a",2.43631117133939,2.27760777019173,6.06421531287223,1.3515085797369e-06,0.000151007193482421,5.2712791456138,"macrophagesBYo",5.41256022009139
"Ahcy",2.59561119938543,2.40666951906951,6.05784725908135,1.37525036918208e-06,0.000152887758378971,5.25422077743784,"macrophagesBYo",6.04445053820344
"S100a10",5.92639064033442,4.43600643771444,6.05392294357516,1.39009057993619e-06,0.000153764869499642,5.24370719103751,"macrophagesBYo",60.8164896314508
"Gm26623",2.98191577735807,2.20109939386865,6.05071258985592,1.40235106813317e-06,0.000154349316817464,5.23510560273213,"macrophagesBYo",7.90034566629503
"Bcam",5.9333667884145,3.13572938318417,6.04166770927252,1.43748438417766e-06,0.000156657473059913,5.210867708333,"macrophagesBYo",61.1112797613411
"Gm38832",3.55398569157466,1.33342606664648,6.03818289542457,1.45125658102126e-06,0.000157383085009477,5.20152787661343,"macrophagesBYo",11.7450886017306
"Mst1r",3.74352165863309,1.36877610086925,6.02754280913501,1.49413689663821e-06,0.000161242880801596,5.17300587291983,"macrophagesBYo",13.394062115606
"Acly",3.66720881577313,5.67515130194071,6.02261803133126,1.51441500899594e-06,0.000162637879825326,5.15980191629102,"macrophagesBYo",12.7039815369465
"Cks1b",3.82324588840264,4.47863150463062,6.01822067201365,1.53275617752624e-06,0.000163812390895715,5.14801070238283,"macrophagesBYo",14.1550593034852
"Cfp",9.47964355561215,6.16834398619515,6.01567158311416,1.54349082023365e-06,0.000164166574115525,5.14117492367496,"macrophagesBYo",713.932345241113
"Grk6",3.61938224755578,5.20770232792881,5.99932349198561,1.61416319240686e-06,0.000169242333201976,5.09732504225653,"macrophagesBYo",12.2897379392412
"Glb1",2.97010653666593,3.52417051564071,5.93816794997416,1.90877286618897e-06,0.000195303175964194,4.93314165375796,"macrophagesBYo",7.8359410090146
"Agtrap",3.42498483001059,3.85896821757226,5.93684958500106,1.91568906496543e-06,0.000195303175964194,4.92959975751755,"macrophagesBYo",10.7404670852569
"Mpp1",3.97798236079732,4.75911257468688,5.91971198974933,2.00792850688695e-06,0.000202837453688858,4.88354887733504,"macrophagesBYo",15.7576704229913
"Mfsd5",3.00228196464733,7.8924507444429,5.88983408472717,2.17958887322624e-06,0.000217202903794523,4.80322258748675,"macrophagesBYo",8.01266391174234
"Gmnn",3.19632314514791,2.6837112430788,5.87894789562785,2.2457506045746e-06,0.00022279255885652,4.77394271334647,"macrophagesBYo",9.1661960640362
"Prtn3",5.43688715174801,2.32275243459641,5.8670583927962,2.32032685488289e-06,0.000229163352725778,4.74195681974952,"macrophagesBYo",43.3177724616015
"Rfc5",2.86549000932925,3.75348257767654,5.85797565213421,2.37897648225273e-06,0.000232876534145474,4.71751667215607,"macrophagesBYo",7.28783355077032
"Gm4841",3.05497471481515,1.12003688937214,5.81735275848768,2.66013781582539e-06,0.000256987899124477,4.60815376773184,"macrophagesBYo",8.31072716835365
"Birc5",5.08329859423107,3.06325279115032,5.80424702843342,2.75781423522168e-06,0.000265265757938301,4.5728530876083,"macrophagesBYo",33.9020026728103
"Fcrla",3.17639389808263,1.41021838897956,5.78550077980844,2.90384751397017e-06,0.000276904390308458,4.52234469220583,"macrophagesBYo",9.0404456865995
"G6pd2",2.73034180710552,2.53939928284486,5.77967312767093,2.95081418156625e-06,0.000280175373986224,4.50663964776745,"macrophagesBYo",6.63612842928989
"Gypc",3.94940779353398,1.56380349390425,5.77094603849491,3.02258372018045e-06,0.000285668821881181,4.48311782170957,"macrophagesBYo",15.4486385075112
"Pitpna",2.57234656428661,5.66232292930574,5.76951765236491,3.03449681969341e-06,0.000285668821881181,4.47926759740094,"macrophagesBYo",5.94776053751021
"Fignl1",3.01321842031459,1.69480233372841,5.75552130291266,3.15376245729913e-06,0.00029315414639844,4.44153529343275,"macrophagesBYo",8.07363530583106
"AC121567.1",2.56663638721074,2.20452305866437,5.7298706632603,3.38473317180921e-06,0.000313307330376298,4.37236131038576,"macrophagesBYo",5.92426586864138
"Selenow",3.35820732934388,7.67906686001699,5.7022123951341,3.6529179395806e-06,0.00033532574098482,4.29774077644102,"macrophagesBYo",10.2546569815873
"Cyb5r3",2.57596917948941,5.03211346858894,5.65113052100583,4.20577969789521e-06,0.00037669823585642,4.1598416788592,"macrophagesBYo",5.96271416347782
"Rpl31-ps11",4.59859612911473,3.17951978354803,5.63552496233009,4.39093062590253e-06,0.000390122723842738,4.1176932449543,"macrophagesBYo",24.2278777049009
"Uap1",2.97480190031838,3.94108046708853,5.62280126751215,4.54794561833547e-06,0.000400881180655247,4.0833217397821,"macrophagesBYo",7.86148523613147
"Gm13056",3.02535205841962,0.852958953624621,5.62277616431658,4.5482609205111e-06,0.000400881180655247,4.08325392085052,"macrophagesBYo",8.14182412992826
"Plod3",2.74324089721192,7.28903110584561,5.61702466437917,4.62108407840461e-06,0.000405683504232323,4.06771505168395,"macrophagesBYo",6.6957278821786
"Kif22",3.42237865747871,1.96229085112152,5.59990086674529,4.8449198102294e-06,0.000423652810125316,4.02144478873926,"macrophagesBYo",10.72108236296
"Pygl",5.2012997254944,3.02904420471753,5.57700136830006,5.1613976066154e-06,0.000447786663730009,3.95955272697182,"macrophagesBYo",36.7914779155126
"Gm1673",5.63784833632198,5.48789608906789,5.57259041997552,5.22470628950898e-06,0.000451508504854716,3.94762902108512,"macrophagesBYo",49.7922166051432
"Ltbp1",3.20159348479646,1.18667571445423,5.56189515791819,5.38147338141795e-06,0.000459669249486909,3.9187150140711,"macrophagesBYo",9.19974252532598
"Wfdc17",7.61259254857827,5.38498600732969,5.52903573738837,5.89333525351294e-06,0.000497626930585751,3.82986035404589,"macrophagesBYo",195.712561876676
"Txn1",3.21830235570801,5.43238827254893,5.52735839497989,5.92073937692523e-06,0.000498039989489417,3.82532385929692,"macrophagesBYo",9.30691064247809
"Ddx39",2.87161744455202,4.39745004536723,5.47641698954667,6.8169319491961e-06,0.000562727557880841,3.68751461278404,"macrophagesBYo",7.3188523678826
"Fkbp11",3.63859329274985,2.45853898850595,5.47336492890041,6.87476391351834e-06,0.000565391829214744,3.6792560407147,"macrophagesBYo",12.4544835437035
"Dusp3",2.60771363885472,4.56897472234567,5.45805445223452,7.17239952157906e-06,0.000585516585298501,3.63782432408005,"macrophagesBYo",6.09536932885605
"Gm7336",2.5905018702971,1.1729363208859,5.41978562820263,7.97421391630916e-06,0.000643845016315721,3.53424419594375,"macrophagesBYo",6.0230818746293
"Siva1",2.58476111655348,5.07497236201234,5.41089567783995,8.17301463274759e-06,0.000657496737164636,3.51017841144221,"macrophagesBYo",5.99916252524424
"Gm36172",2.53583661036558,1.00565298080619,5.35574459738362,9.52250428703867e-06,0.000747043838092753,3.36085345866226,"macrophagesBYo",5.79913052502046
"Gm33973",5.62011678306651,2.00507853611692,5.32162101270824,1.04672855044798e-05,0.000815379426815518,3.26844350046224,"macrophagesBYo",49.1839869782425
"Aurka",2.8332114009791,2.11948255509781,5.31295508861642,1.07218418811911e-05,0.00082770094441686,3.24497371106577,"macrophagesBYo",7.12658740140007
"Nxpe5",2.55551459866883,1.06207351134352,5.31242202506228,1.07377015344953e-05,0.00082770094441686,3.24353000513911,"macrophagesBYo",5.8787710734163
"Rpia",2.77803263835783,2.75454934914086,5.29866468308789,1.11552498711349e-05,0.000853936307609406,3.20627009060291,"macrophagesBYo",6.859163467447
"Incenp",3.05371299089317,2.74055308199539,5.27513692171707,1.19074308931727e-05,0.000908372736722965,3.14254596148773,"macrophagesBYo",8.303462112978
"Ccnb2",4.35047661773356,2.38848546274116,5.26539362158985,1.22336255936827e-05,0.000926864722633704,3.11615595942242,"macrophagesBYo",20.3997082988913
"Hist2h2be",2.81492240366724,3.54257684116709,5.2606646558896,1.23951605796393e-05,0.000935898080216249,3.10334733821548,"macrophagesBYo",7.03681411737367
"Fabp5",7.30291309088651,6.79840167913352,5.24648880210311,1.28923144006339e-05,0.000966836174526182,3.06495118487625,"macrophagesBYo",157.90500512416
"Capns1",2.33586365514079,6.84206627134512,5.2403052047491,1.311539103132e-05,0.000976942073353173,3.04820249888316,"macrophagesBYo",5.04853098410798
"Fam20c",4.25827266538811,3.00028498778445,5.23484924166463,1.33154285198332e-05,0.000984921992675026,3.03342466672812,"macrophagesBYo",19.1367331965104
"Pfkl",2.75780170222738,5.08720845228303,5.23215735068149,1.34152477150803e-05,0.000985998422593759,3.02613351243473,"macrophagesBYo",6.76364857472763
"Icam2",8.22366224173032,3.75739279718586,5.21596364983078,1.40317593142469e-05,0.00102113358983251,2.9822721084119,"macrophagesBYo",298.929660554187
"Thbs1",7.50428799066808,5.04786707795579,5.20940341290761,1.42895230849662e-05,0.00103648235806133,2.96450358134237,"macrophagesBYo",181.558163575854
"Fgfr1",5.44116345879402,2.78566419903688,5.19916635060851,1.47012669959618e-05,0.00106286316912308,2.93677661449704,"macrophagesBYo",43.4463615936188
"Colca2",2.40332603826272,1.19085372787046,5.19532275074319,1.48589111300104e-05,0.00106479141648065,2.92636638581705,"macrophagesBYo",5.29021383415142
"Ccl24",6.80988318864473,3.73446465942207,5.19499747723613,1.48723295978177e-05,0.00106479141648065,2.9254853994927,"macrophagesBYo",112.196447699111
"Slc25a51",2.55745545285301,4.76082284789071,5.17220119388408,1.58436174694994e-05,0.00112703649285445,2.86374438908252,"macrophagesBYo",5.88668509222719
"H2afx",2.61930199797388,6.40683191272123,5.16604016515276,1.61168599989839e-05,0.00114279901845359,2.84705859089666,"macrophagesBYo",6.14452717219494
"Mzb1",5.7184737381708,2.41823452454073,5.1616360776913,1.63150697103541e-05,0.00115315746709956,2.83513127112814,"macrophagesBYo",52.6540915978058
"Plk1",3.74276311495193,2.03930516630658,5.1444355107751,1.71128601384221e-05,0.00119806267355162,2.78854971426457,"macrophagesBYo",13.3870216043453
"Gm26698",2.3400984406237,0.702141021363149,5.12504006684915,1.80594027729846e-05,0.00126034122254492,2.73602786323757,"macrophagesBYo",5.06337185740331
"Itgb1",3.08759773290362,5.91552680271611,5.09839732427966,1.94456526885217e-05,0.00134017499821858,2.66388859027336,"macrophagesBYo",8.50079478519331
"Eno1",2.9503949625849,6.34839240794198,5.08623012177214,2.01136659370126e-05,0.00137763043815644,2.6309475844647,"macrophagesBYo",7.72960645449683
"Cd209b",3.35815135315807,1.30412792936341,5.08366170815961,2.02575878142463e-05,0.00138320560251411,2.62399427557553,"macrophagesBYo",10.2542591113287
"Gm44154",3.63888440896682,2.1796621631667,5.07976936517726,2.04776626862057e-05,0.00139393025109824,2.61345699063958,"macrophagesBYo",12.4569969424913
"Cenpw",2.92718696975273,2.36093811830516,5.0780437286935,2.05759946973781e-05,0.00139547191708728,2.60878546189827,"macrophagesBYo",7.60625849848473
"Lmna",3.60336229515596,4.3463113263463,5.07629372773148,2.06761974956678e-05,0.00139547191708728,2.60404802948641,"macrophagesBYo",12.1540253011322
"Serpinb10",6.8615511126179,2.51461032427146,5.07450843596829,2.07789240346618e-05,0.00139547191708728,2.59921511814883,"macrophagesBYo",116.287411026651
"Pomk",3.03455402007696,3.80543993268051,5.0738714481013,2.08157000695567e-05,0.00139547191708728,2.59749076087696,"macrophagesBYo",8.19392120809174
"Serpinb8",4.42154058221655,1.99364798890404,5.06674959549987,2.12313352361673e-05,0.0014147615344269,2.57821207044549,"macrophagesBYo",21.4297123858133
"Cdkn2c",3.37012041693132,3.65562643778374,5.06037786515011,2.16102237120105e-05,0.00143568462216459,2.5609647639497,"macrophagesBYo",10.3396856280722
"Tgfb2",4.38366422108828,1.74662446011599,5.04729556919248,2.24094780137967e-05,0.00147549072053341,2.52555553206339,"macrophagesBYo",20.8744201972437
"Hist1h3c",2.86513667958896,0.982290289696978,5.02728686855405,2.36894459529159e-05,0.00155053731602473,2.47140607867864,"macrophagesBYo",7.28604890954916
"Atp1a1",2.34043275875392,6.26584588428074,5.01308059643974,2.46423588605691e-05,0.00159666473410701,2.43296540222047,"macrophagesBYo",5.0645453369774
"C4a",3.12581876691014,1.31873987781705,4.98305392711487,2.67844008289301e-05,0.00170764063267556,2.35173360707463,"macrophagesBYo",8.7290143982522
"Cma1",3.5656409897117,1.17233973773784,4.97119902936959,2.76804654880602e-05,0.00174964267997816,2.31966927709047,"macrophagesBYo",11.8403595797692
"Fcgr4",2.62075504103626,2.75135773883094,4.92023639970517,3.18863138305279e-05,0.00197596896603016,2.18187990616475,"macrophagesBYo",6.15071888977002
"Arhgdib",2.54178063520046,3.47055182797731,4.89346504210054,3.43454687811307e-05,0.00209318128331943,2.10953415833977,"macrophagesBYo",5.82307271828814
"Mcpt4",2.8406317733847,0.947299413909526,4.88288912673133,3.53683156699027e-05,0.00214468445679842,2.08096197826781,"macrophagesBYo",7.16333679139248
"Ptpn7",4.24306150428072,1.8548607980295,4.88272492524073,3.53844336993817e-05,0.00214468445679842,2.08051840286492,"macrophagesBYo",18.9360236022795
"Aplp2",3.16639860192332,5.53786278696805,4.88095560234387,3.55585762306452e-05,0.00214935077035673,2.07573880821035,"macrophagesBYo",8.97802803916703
"Gnai3",2.87501297195558,5.09831181747152,4.87933580548104,3.57187516236686e-05,0.00215314970618643,2.07136325188373,"macrophagesBYo",7.33609830768123
"Lpl",3.297573279923,2.74526111404809,4.870861447963,3.65685576635133e-05,0.00219242872951194,2.04847326119541,"macrophagesBYo",9.83260222258976
"Mocs1",2.54159398411626,2.8486188703026,4.82217193148359,4.18568757142409e-05,0.00247593492359934,1.91702012682984,"macrophagesBYo",5.82231939724674
"Orm3",3.40729638400683,1.84202065668513,4.80710309355599,4.36431930859469e-05,0.00257245700477927,1.87635963867012,"macrophagesBYo",10.6095854677646
"Fn1",10.122863979483,4.96725365593647,4.80512686589797,4.38830307211744e-05,0.00257513073911019,1.87102799594123,"macrophagesBYo",1115.02781143086
"Aldh2",4.24909452906122,5.31483504550922,4.79709524659,4.48713528626584e-05,0.00261923203002795,1.84936163712141,"macrophagesBYo",19.0153755760333
"Engase",3.51394326917145,3.94626946556643,4.79006865020781,4.57541786271322e-05,0.0026637360362317,1.83040920924883,"macrophagesBYo",11.4235826212353
"Atpif1",2.39795476398573,6.78236298833731,4.75413377456151,5.05469731780722e-05,0.0028895366605129,1.73352598835595,"macrophagesBYo",5.27055454497078
"Ikbke",3.03302124942194,1.81718044556782,4.7530893699483,5.06935070460692e-05,0.00289044447520667,1.73071127583295,"macrophagesBYo",8.18522031690864
"Pml",2.41653702168143,2.75444588554988,4.72827388343211,5.4302412002744e-05,0.00306462311412425,1.66385142400095,"macrophagesBYo",5.33887962708393
"Spc24",4.0041324196608,2.67141279209518,4.71598769526834,5.61827438436787e-05,0.00313871424761036,1.63076280497376,"macrophagesBYo",16.0458957004579
"9130008F23Rik",3.0770279107095,1.26634677053637,4.67816690558941,6.23874870536576e-05,0.00339032877165883,1.52896612042689,"macrophagesBYo",8.4387417928015
"Ephx1",2.68572494324739,2.51496890832929,4.6729529497092,6.32947221632756e-05,0.00341529058150767,1.51493993624407,"macrophagesBYo",6.43404016986898
"Ccnb1",4.00328316435531,2.22894932992896,4.66290497694919,6.5080260310346e-05,0.00348873316201229,1.48791493484917,"macrophagesBYo",16.0364529203762
"Rilpl2",4.02260992587414,4.71694005788839,4.65971687878097,6.5657192609392e-05,0.00349905144665648,1.47934170640369,"macrophagesBYo",16.2527273011821
"Rnf141",2.95523441623652,3.95346163773959,4.65808655633891,6.59541858362677e-05,0.00349905144665648,1.47495782495767,"macrophagesBYo",7.75557859793442
"Cdca5",3.17023280000303,2.00275680491367,4.65469547598493,6.65762201500595e-05,0.00351519264529777,1.46583992869398,"macrophagesBYo",9.00192035218685
"Nupr1",3.91791724863995,4.45904491789275,4.64392420043636,6.8590979684528e-05,0.00359582522170809,1.43688371155986,"macrophagesBYo",15.1150856468287
"Crip1",6.86651163682316,5.81998148020758,4.64252799303167,6.88565394502887e-05,0.00360121329139181,1.43313092768405,"macrophagesBYo",116.687938750969
"Alox5",3.81603505954778,2.90332501641238,4.62899069506237,7.14849413246657e-05,0.00369500317038687,1.39675225020524,"macrophagesBYo",14.0844864859674
"Aifm2",3.53264696166679,1.99121894737485,4.62099981291778,7.30830189210472e-05,0.00376880099671405,1.37528482961636,"macrophagesBYo",11.5726468266746
"Tln1",3.71794814165182,6.47104867293894,4.59949414858295,7.75624398700379e-05,0.00393558224138727,1.3175343937904,"macrophagesBYo",13.1587280942609
"Platr17",4.15898794877885,2.10459896185586,4.59785231911198,7.79154198038316e-05,0.00394444584054958,1.31312697601874,"macrophagesBYo",17.8640581677973
"Mxd3",3.2392067535126,2.08781773539093,4.5817319615467,8.14670573843645e-05,0.00409612661480522,1.26986404917609,"macrophagesBYo",9.44274789572891
"Dok2",3.95364281953784,2.27214742323565,4.57631351154215,8.26966016426758e-05,0.00414205796578681,1.25532704459916,"macrophagesBYo",15.4940545559268
"Tep1",2.88299591353548,3.12705193933447,4.57137141301655,8.38341172789098e-05,0.00416932730602343,1.24207013893376,"macrophagesBYo",7.37680404831644
"Ube2c",4.47333272415378,2.9439357028189,4.57123714430638,8.38652375889538e-05,0.00416932730602343,1.24170999880236,"macrophagesBYo",22.2130058282087
"Il3ra",3.44713143059036,2.24868565149185,4.56377100162289,8.56138902836157e-05,0.00422775914005453,1.22168642444153,"macrophagesBYo",10.9066144136808
"Cdca3",4.49839808383351,3.3419313504467,4.56074598802223,8.63326458351358e-05,0.00425375751405503,1.21357492248085,"macrophagesBYo",22.6023062796865
"Ncapd2",3.51522384692984,2.83377081180461,4.53665448196717,9.22748963223098e-05,0.00447674897223346,1.14900211733895,"macrophagesBYo",11.433727024452
"Impdh1",3.67465722033946,3.68176915842662,4.52090022084951,9.63785098228195e-05,0.00462448063282965,1.10680330925498,"macrophagesBYo",12.7697397725024
"Tagln2",5.50476632488691,7.34778680700133,4.52057882333247,9.64640844250823e-05,0.00462448063282965,1.10594265717048,"macrophagesBYo",45.4045925643694
"Ednrb",7.89264910270262,4.29035418733229,4.50209216031359,0.000101515304725871,0.00480904301167119,1.05645418551617,"macrophagesBYo",237.642506925055
"Padi4",5.18936916793426,1.98628366876838,4.49789382229108,0.00010269851686861,0.00485469933479541,1.04521972090658,"macrophagesBYo",36.4884804855011
"Pimreg",4.11662040106837,2.49670950548105,4.49563114816866,0.000103341866180246,0.00486432362873528,1.03916564656999,"macrophagesBYo",17.3470736148711
"BC064078",3.25239557276149,1.58674465851743,4.49332962773121,0.000104000361908326,0.00488492570381719,1.03300812948989,"macrophagesBYo",9.52946732275933
"Avpi1",2.45749208935855,3.25670923625904,4.48646382941185,0.000105989585972607,0.00496781273405079,1.01464227254764,"macrophagesBYo",5.49261088211979
"Rfk",2.34181609087262,6.02683586717319,4.4770875917587,0.000108767241218102,0.00507649299043895,0.989568345673249,"macrophagesBYo",5.06940381915332
"Cenpa",3.39021980380405,4.02027781324194,4.45513930447837,0.000115554714380977,0.00534815260721833,0.930907871880397,"macrophagesBYo",10.48474452698
"Mzf1",2.52299095584341,1.99170561762986,4.45383569164183,0.00011597081173641,0.00535620515249395,0.927425255549008,"macrophagesBYo",5.74772467397024
"S100a4",6.62964113322416,4.02410237625802,4.4504619479277,0.000117054577613521,0.00538378050009134,0.918413056778467,"macrophagesBYo",99.0195256641734
"Ddx41",2.39459927272931,5.77032022164507,4.44071871991779,0.000120241123292391,0.0054847306610259,0.892392700459125,"macrophagesBYo",5.25831027403604
"Cd79a",4.95942677651934,2.67386262707211,4.42331724088023,0.000126147622094996,0.00567741623764223,0.845944503600925,"macrophagesBYo",31.1125939488211
"Rps8",2.36380917123717,8.68248416119031,4.40742801701847,0.000131791416853816,0.00586644168019511,0.803560697789599,"macrophagesBYo",5.14727610151391
"Fcor",6.56836579303098,4.09650459802149,4.40570988892292,0.000132416475836468,0.00588242910628551,0.798979287827445,"macrophagesBYo",94.9019478149612
"Acaca",2.44339187657181,1.54765981085067,4.39782231129145,0.000135323879438751,0.00599953944854404,0.777951074596874,"macrophagesBYo",5.43919020411139
"Pqlc3",4.57722537333739,3.50281638083676,4.39640545432616,0.000135852797644159,0.00601094288456346,0.77417446534547,"macrophagesBYo",23.8716332881927
"Mcm6",3.5137894520079,3.24566865680752,4.39212287512219,0.000137463977095845,0.00605799913404655,0.762760660032039,"macrophagesBYo",11.4223647273919
"E2f1",3.13228177209288,3.06757021901815,4.38786051860968,0.000139086331425239,0.00611730996047828,0.751402760820123,"macrophagesBYo",8.76820647865876
"Nfe2",5.77347395974397,3.18019512259741,4.37889356245724,0.000142561510856719,0.00624532337561027,0.727515116140498,"macrophagesBYo",54.7001907832585
"Aurkb",4.36015393975735,3.2350834451026,4.37592146908885,0.000143732216459873,0.006284165661545,0.719599556678802,"macrophagesBYo",20.537005602334
"Pi16",6.21786881069979,2.73239760167819,4.37389856996927,0.000144534472589263,0.00630677739071451,0.714212551030108,"macrophagesBYo",74.4329139064167
"2610507B11Rik",2.38532130438078,5.21780841579875,4.36104492341797,0.000149736622122396,0.00647286693582546,0.679994009705424,"macrophagesBYo",5.22460259644213
"Coro1c",2.35342585884634,3.65655925943069,4.35697355865175,0.000151422712417841,0.00652555779698314,0.669159316290149,"macrophagesBYo",5.11036330581241
"Pirb",4.42341460378154,4.03771613168289,4.35651664511371,0.000151613104355166,0.00652555779698314,0.667943500239105,"macrophagesBYo",21.4575670858762
"Tuba1c",4.17768486467481,5.21323623127756,4.33374194227217,0.000161409334222657,0.00681461584161804,0.607372560026762,"macrophagesBYo",18.0970779356084
"Bhlhe40",7.16090761261165,6.31847546067194,4.32242457281844,0.000166507635779157,0.00696341857531625,0.577296181016195,"macrophagesBYo",143.102752607865
"C4b",4.51131864218732,2.23070985168939,4.31934595150037,0.000167921845715465,0.00698296051271283,0.569117300069389,"macrophagesBYo",22.8056382587607
"Prdx6",3.83984905942504,6.61672143214323,4.31194234356173,0.000171371608298789,0.00709972676103765,0.549453100863007,"macrophagesBYo",14.318902955087
"Tubb6",5.06455826075698,5.05090753652708,4.30566977392485,0.000174349115321093,0.00720958033317484,0.53279825561382,"macrophagesBYo",33.4644700080379
"Gapdh",2.72871084206171,6.71315299343741,4.28976747736002,0.000182128827319734,0.00746154823480458,0.490596687392282,"macrophagesBYo",6.62863053289997
"Dusp23",2.92434228469775,3.59381663846857,4.28216690977123,0.0001859673771205,0.00756278728683238,0.470437567688418,"macrophagesBYo",7.5912753654514
"AB124611",5.30599313924083,3.09908180340172,4.24788802395596,0.00020429637937724,0.0081877695669614,0.379612116781233,"macrophagesBYo",39.5606202178655
"Gpi1",2.38919871933607,5.61324369717364,4.2417804392562,0.000207744436760754,0.00829590284198224,0.363445756561671,"macrophagesBYo",5.23866322526784
"Pilrb2",6.37705050981056,2.90521505407189,4.23199846978537,0.000213386945952262,0.00844500788068319,0.337564050743183,"macrophagesBYo",83.1157804681534
"Cd38",3.56843034408183,1.80898382824875,4.23075878376698,0.000214112746205679,0.00845860050769329,0.334284946757673,"macrophagesBYo",11.863274267971
"Itgb7",7.30984673341541,3.75489508797729,4.21423782975492,0.000224021067724036,0.00874077263008614,0.290605424283982,"macrophagesBYo",158.665728636692
"Gpx1",3.69766369843163,11.3645417440727,4.19223415948205,0.00023792318612209,0.00918599414760734,0.232489518972733,"macrophagesBYo",12.9750095778215
"Tmc8",3.20302430541082,2.03107359946556,4.16567535281598,0.000255840283074653,0.00977179247137797,0.162435249509853,"macrophagesBYo",9.20887107325645
"Gda",5.59879263754678,2.57819311639433,4.16517875535519,0.000256187661411166,0.00977179247137797,0.161126356305565,"macrophagesBYo",48.4623559821811
"Pilra",3.76519335007209,3.54676402234618,4.16157036696321,0.000258725791148469,0.0098516190663986,0.151616742957553,"macrophagesBYo",13.5967821056328
"Gbp2",3.40719856552091,2.75105085710503,4.15635989249557,0.000262434613567326,0.00994308707569043,0.137888380665641,"macrophagesBYo",10.6088661345896
"Smpdl3a",5.65998745021117,6.17498640504859,4.14979803167625,0.000267179971708494,0.0100695443170477,0.120605217581091,"macrophagesBYo",50.5622041242761
"Prr7",2.61382869108605,2.97384408138623,4.14910635884392,0.000267685069954781,0.0100714231336898,0.118783810679591,"macrophagesBYo",6.12126018367866
"Plin2",3.7258798089358,4.55481676321899,4.14347877700725,0.000271829767633625,0.0101598029192663,0.103967185173581,"macrophagesBYo",13.2312715506547
"Fzd1",5.37361109069076,3.94903479708797,4.14218768098462,0.000272789537316105,0.0101598029192663,0.100568589428043,"macrophagesBYo",41.458933245035
"Usp3",2.4088333596004,3.0236845836016,4.13929443070222,0.000274952450342249,0.0102231479981875,0.0929535099996199,"macrophagesBYo",5.31044720787191
"Tmem107",2.66040636626962,3.02867121531607,4.134735754838,0.000278394717616457,0.0102992079227908,0.0809575983286415,"macrophagesBYo",6.32211100347292
"4930524J08Rik",2.70756361847117,2.86058639562896,4.12991027918847,0.000282084700649769,0.0104009330541247,0.0682630909235815,"macrophagesBYo",6.53217579953018
"Msrb1",3.48100232497992,5.27597432405587,4.12220666737709,0.000288075636286331,0.0105340451265496,0.0480044465773739,"macrophagesBYo",11.1657041070899
"Cdca8",2.87813423877988,1.92213147781896,4.11681872346224,0.000292340017733109,0.0106193128166593,0.0338409350058777,"macrophagesBYo",7.35198711805694
"Kifc1",2.96801582857388,1.75863412095101,4.10905829588709,0.000298591588432916,0.0107674833058237,0.0134487729979247,"macrophagesBYo",7.82459363488222
"Fam234a",3.13329031177367,4.19284495018574,4.09224196217042,0.00031259341445679,0.0111720583328394,-0.0307069400050688,"macrophagesBYo",8.77433818049766
"Gadd45a",2.99350518859598,5.37304728033383,4.05915086679753,0.000342058966871566,0.0119736875381324,-0.117462588008919,"macrophagesBYo",7.96406606376383
"Serpinb1a",5.16510013386102,3.03335307217257,4.0543496275667,0.000346555144161922,0.0120928067102432,-0.130035069086221,"macrophagesBYo",35.8798047381616
"Dmpk",4.75710955145715,3.27298187181199,4.05326089342288,0.000347582757630183,0.0121067384699255,-0.132885480896105,"macrophagesBYo",27.0416176361447
"Gm20667",2.8940878420202,1.26426145354306,4.05161347940095,0.000349143386693147,0.0121067384699255,-0.137198192110489,"macrophagesBYo",7.43373800156888
"Emilin1",4.41656798040713,3.4003065340707,4.04374514223584,0.000356692773818415,0.0123106306321136,-0.15779013770024,"macrophagesBYo",21.3559767803299
"Slc28a2",3.43028365060461,1.41264590415249,4.0401678328871,0.0003601779232361,0.0123922491380284,-0.167148716263131,"macrophagesBYo",10.7799878774291
"Ung",2.67753095918896,1.66140818266586,4.02798712762473,0.000372297713295204,0.0127163316294003,-0.198998181097598,"macrophagesBYo",6.39760073692838
"Rilp",3.10299348371145,2.96228940997108,4.02711249862588,0.000373183230858536,0.0127210055720854,-0.201284132847428,"macrophagesBYo",8.59199696499655
"Cybb",5.89296639730979,3.4677263804912,4.02162787642137,0.000378783506605177,0.0128703653643047,-0.215615856319926,"macrophagesBYo",59.423694457997
"Plscr4",2.52053946024591,1.17784500540865,4.02111622462695,0.000379310139561845,0.0128703653643047,-0.216952574062606,"macrophagesBYo",5.73796616196828
"Ftl1-ps1",2.69047434015558,6.07597267853016,4.01666517308474,0.000383921974174467,0.0130069002062201,-0.228579260833102,"macrophagesBYo",6.45525613269805
"Myof",2.51757159457288,1.13143178207609,4.0105670500011,0.000390329928417169,0.0131235091282265,-0.244502673107579,"macrophagesBYo",5.7261743362213
"Tsku",3.17827980028847,1.47022602679468,3.99338531679215,0.000408954990057915,0.0135641847751893,-0.289332275941667,"macrophagesBYo",9.05227115517591
"B430306N03Rik",2.98476958615496,2.66450180917745,3.97931819296785,0.000424851221194137,0.0139244200984858,-0.325996089772475,"macrophagesBYo",7.9159888821763
"P2ry2",3.25126283812187,1.75762223088827,3.9774737816412,0.000426979927293267,0.0139530542737679,-0.33080061083395,"macrophagesBYo",9.52198818064556
"Cdkn2d",2.78187219932136,6.24018227442246,3.94045427242316,0.000471987971003259,0.0150675178679727,-0.427100413620606,"macrophagesBYo",6.87744262690394
"Tcf19",3.88262464970036,3.67224498507974,3.92466123071845,0.00049257608625519,0.0155833330074774,-0.46810494520914,"macrophagesBYo",14.7498118845158
"Aida",2.41961781190889,3.14325276368427,3.91992935309624,0.000498914288710248,0.015707345672896,-0.480381338725959,"macrophagesBYo",5.35029267145907
"Prdx5",2.4801126366748,8.80268908988626,3.9192893831118,0.000499777622724547,0.015707345672896,-0.482041346810751,"macrophagesBYo",5.57941025412178
"Fabp7",7.24955306600722,5.25686080245037,3.9187981262925,0.000500441332637729,0.015707345672896,-0.483315556474442,"macrophagesBYo",152.171362093551
"Cyp2ab1",3.71160227864793,1.61015213110125,3.89350704766167,0.000535803048800407,0.016532176915776,-0.548851384530728,"macrophagesBYo",13.1009749985097
"Idh1",4.02401075312209,5.58337218091531,3.88946506930477,0.000541676906511381,0.0166206909885593,-0.559313544654801,"macrophagesBYo",16.2685160295427
"Pbk",3.55840740642121,2.287947399967,3.88612874745905,0.000546572772140941,0.0167245220443624,-0.567946751855636,"macrophagesBYo",11.781141334919
"Elovl5",3.26961473719295,4.37619417186062,3.88125230735988,0.000553806729949664,0.0168790317522083,-0.580561234583322,"macrophagesBYo",9.64388693714194
"Sfxn3",3.20716467939531,5.35461647775582,3.86495793191754,0.000578665201696515,0.0174888118266831,-0.622677158897062,"macrophagesBYo",9.23533746657745
"Ybx3",2.4586439483237,4.05938178823193,3.85016232193049,0.000602181236095543,0.018051565699379,-0.660872391904359,"macrophagesBYo",5.49699797657017
"Dmwd",3.53900351408752,4.5040531860365,3.84238942991724,0.000614907518438469,0.0182598644703547,-0.680920215825991,"macrophagesBYo",11.6237487094295
"Pilrb1",5.94253894214073,2.72551614195936,3.82261995898323,0.000648472695496503,0.01905450670893,-0.731852678046291,"macrophagesBYo",61.5010417142758
"Pold1",2.34932743611918,3.17426403137881,3.81911944750781,0.000654599857854155,0.0191810763646456,-0.740862514622002,"macrophagesBYo",5.09586633514205
"Wdhd1",2.38368449684292,1.7243526865754,3.81570852141764,0.000660624646433946,0.0193064716685049,-0.749639261588987,"macrophagesBYo",5.21867839253045
"Iglc2",4.78321997524459,2.24549516122109,3.81466889576625,0.000662471714111353,0.0193191437238828,-0.752313857025285,"macrophagesBYo",27.5354823382437
"Hist1h2ae",2.47708451667159,3.11299192998646,3.79756625003894,0.000693591987679914,0.0200317696389592,-0.796279689385824,"macrophagesBYo",5.5677117282019
"Ly6d",6.08288956909174,2.83385735293499,3.77852084723119,0.000729929458122118,0.0207067584645393,-0.845164960938571,"macrophagesBYo",67.7847846434717
"Add3",3.33029855300622,3.85479887881559,3.76380423722108,0.000759275047045745,0.0211680679658488,-0.882884347623681,"macrophagesBYo",10.0581882341069
"Tmem205",3.03561926896959,4.68380994339488,3.74170913865401,0.00080550796138792,0.0219461239283066,-0.93942383384974,"macrophagesBYo",8.19997362285235
"Fkbp1b",3.35991335295826,3.14279749979146,3.73171287546864,0.000827316550211184,0.0224298088729436,-0.964966892592109,"macrophagesBYo",10.2667905472451
"Selenbp1",2.5654346298,3.41350172568159,3.72875772320063,0.000833873300530104,0.0224999668001118,-0.972513672484708,"macrophagesBYo",5.91933304100523
"Atad2",2.61865128916847,2.48617843481857,3.72786111352592,0.000835872657171793,0.0225237646706597,-0.974803008490525,"macrophagesBYo",6.14175638816353
"H2afz",2.38816390778035,7.3750415982212,3.71058686251761,0.000875317973829734,0.0233872699698493,-1.01887328555636,"macrophagesBYo",5.23490700141999
"Spc25",2.93904717283396,2.30324599957662,3.70746501773477,0.000882637707906636,0.0235543956719162,-1.02683032205526,"macrophagesBYo",7.66904626414754
"Tmem246",3.61629689034761,3.24302330131424,3.7060679599586,0.000885932656788765,0.0235854249893355,-1.03039043447395,"macrophagesBYo",12.2634831083439
"Il18bp",3.52590175502122,3.77781582110651,3.70039705908022,0.000899430959743637,0.0238872882621951,-1.04483681584655,"macrophagesBYo",11.5186661206335
"Rab32",2.8612569068397,4.63616889780299,3.69850456836582,0.000903980053416651,0.0239793174121542,-1.04965616088837,"macrophagesBYo",7.2664811997687
"Rprm",5.14348555085672,3.89742267214461,3.68439885656638,0.000938600313361136,0.0247156010373748,-1.08555033115076,"macrophagesBYo",35.3462571805365
"Rrm2",4.4172645594964,3.47982237376843,3.68123404308762,0.000946543451130103,0.0247815157033743,-1.09359713762629,"macrophagesBYo",21.3662906154414
"Vnn3",2.89994351193466,1.25700089753241,3.67448753418567,0.000963695179952291,0.025170989924539,-1.11074263649259,"macrophagesBYo",7.46397167817127
"Cd300ld",4.72619012110107,2.97920468304572,3.65658949058291,0.00101067711996032,0.0258136789452867,-1.15617483856501,"macrophagesBYo",26.4682355948779
"Htra3",3.95542007194926,2.98408498627874,3.65459228439684,0.00101605599744997,0.0258965516492922,-1.16123965264747,"macrophagesBYo",15.5131534044665
"Lrg1",6.80800661711757,4.17068157757352,3.64350018768829,0.00104644005368676,0.0265790967941588,-1.18935068660068,"macrophagesBYo",112.050604135066
"Clec4e",4.49009121812035,2.60521427487324,3.64238201471216,0.00104955161608701,0.0266275578012533,-1.19218280984404,"macrophagesBYo",22.4725388512034
"Cd300lg",4.07993762271489,1.9491133492373,3.63435273750208,0.00107216072442281,0.0270460794827889,-1.21251029181398,"macrophagesBYo",16.9115574342657
"Sh3bgrl",3.90150806789504,3.28574957187182,3.63286901835167,0.00107639017611265,0.0270494376096355,-1.21626481046214,"macrophagesBYo",14.9441410078683
"Tubb5",2.52097256565529,8.95206728562011,3.63216340554707,0.00107840726717437,0.0270494376096355,-1.21805015396202,"macrophagesBYo",5.73968899124115
"Ripk3",3.47759194818694,3.61207936520148,3.61878824125093,0.00111734460201533,0.0277118998098488,-1.25186825599588,"macrophagesBYo",11.1393407490117
"Cdc42ep4",2.44156344901694,4.18581060810971,3.60795751454648,0.00114987303867394,0.028236867310485,-1.2792196068071,"macrophagesBYo",5.43230110729874
"P4ha2",2.84811731373303,1.18953029092788,3.59879402027146,0.00117811135026299,0.028641052089965,-1.30233710304879,"macrophagesBYo",7.20060093632792
"Nbeal2",2.62917888350751,3.44940267249945,3.58675852669816,0.00121622538174945,0.0292780784770871,-1.33266698924712,"macrophagesBYo",6.1867377617802
"Phf19",2.49085339248122,1.44340357724345,3.57990592317042,0.00123845849354152,0.0296480331743473,-1.34991891092235,"macrophagesBYo",5.62110355195226
"Klf13",2.62849941680848,4.21293502766019,3.57512718702024,0.00125419604056623,0.0299293322132256,-1.36194242117381,"macrophagesBYo",6.18382467729873
"Capn1",2.71512442824844,2.03269094612552,3.57139640064518,0.00126661722755536,0.0300981449250347,-1.37132505574235,"macrophagesBYo",6.56649918750575
"Evi5",2.54222811919811,2.6137542439393,3.56897097843326,0.00127475633454742,0.0301764039055541,-1.3774228263823,"macrophagesBYo",5.82487915411793
"H2-Q7",2.63943634301564,3.40009056292233,3.55983889252232,0.00130585917180596,0.0307335345296417,-1.40036784254261,"macrophagesBYo",6.23088177329679
"Xdh",4.29507020466302,2.10495773101451,3.54484929938437,0.00135851501347035,0.0316695760200258,-1.43798186954131,"macrophagesBYo",19.6311149053556
"Rab11fip5",2.45745152862052,3.38393494530006,3.54209160977315,0.00136842408342633,0.0318334868534602,-1.4448952594994,"macrophagesBYo",5.4924564619457
"Gm28875",6.02560401271494,3.55865168633064,3.53351945637898,0.0013996756271691,0.0323901923638725,-1.46637203128734,"macrophagesBYo",65.1459692299049
"Diaph1",2.77445915048145,2.70420698989731,3.53186855395523,0.00140577329845923,0.0324633848453168,-1.47050592139069,"macrophagesBYo",6.84219466573967
"Mcm2",2.84289196979751,3.18650808292817,3.51773667040719,0.00145903444849419,0.0332080443457171,-1.50586182470072,"macrophagesBYo",7.17456801957105
"Rras",3.29359520884574,6.06413074455114,3.49158767169678,0.0015627884731265,0.0349036630191943,-1.57113667731627,"macrophagesBYo",9.80552726107731
"Egln3",3.11705305936427,2.03370874836309,3.48704133345638,0.00158154208706727,0.0351996535132688,-1.58246595533384,"macrophagesBYo",8.67613835544858
"Snhg1",2.87753364226792,6.0877795870211,3.48252268994557,0.00160039725722343,0.0354765416047636,-1.59372041510365,"macrophagesBYo",7.34892710972875
"Flna",4.17502007610945,6.10520929515215,3.48056078118084,0.00160865139328621,0.0356238185922631,-1.59860507988123,"macrophagesBYo",18.0636818439024
"Zbtb42",3.26461005077296,2.39223037263764,3.47381557938078,0.00163734531292915,0.0361506889799716,-1.6153905789368,"macrophagesBYo",9.61049040445769
"Racgap1",3.59940873778953,2.99432923534032,3.47272966331725,0.00164201082153044,0.0362175527464785,-1.61809167557959,"macrophagesBYo",12.120764040284
"Gyg",2.59785505242277,3.99673535421293,3.47171666812912,0.00164637462987366,0.0362776353951145,-1.62061108487741,"macrophagesBYo",6.05385891009093
"Tgfbi",3.94482894735767,3.87318287761976,3.46774198139743,0.00166360554105325,0.0365481086243505,-1.63049363945027,"macrophagesBYo",15.3996851230018
"Rap2b",3.59356495674868,4.41246074243016,3.46643608828467,0.00166930478388132,0.03661064744091,-1.63373958565973,"macrophagesBYo",12.0717669699604
"Pf4",6.85410394287826,7.28110683315678,3.46633152635213,0.00166976193409023,0.03661064744091,-1.63399946503031,"macrophagesBYo",115.688683828974
"Dnajc10",2.43369706103833,3.87069246303963,3.45806662974768,0.00170628216482711,0.0371536223744785,-1.65453114514438,"macrophagesBYo",5.40276174016011
"Efnb2",3.31526500078098,2.26173214339615,3.45303634685469,0.00172888648096858,0.0374981917828118,-1.6670177015544,"macrophagesBYo",9.95392143999785
"Usp1",2.61828037118506,4.34999682669679,3.44927103871208,0.00174599567321678,0.0377582231462119,-1.67635942172444,"macrophagesBYo",6.14017754093279
"Rassf3",2.99510021806369,3.0292592355398,3.4418879293507,0.00178002024326263,0.0383440972168443,-1.69466487225075,"macrophagesBYo",7.97287592613574
"Esco2",2.36531630163155,1.37975263521573,3.41808614303099,0.00189412818696984,0.0403697474762368,-1.75356884888018,"macrophagesBYo",5.15265608099697
"Zyx",2.49982510148031,6.43100527042919,3.40261921830322,0.00197203160873344,0.0416290603816888,-1.79175532828529,"macrophagesBYo",5.65616850826675
"Hacd4",2.43277193626551,2.56502365025269,3.38887005229924,0.00204387256613876,0.0430224479359542,-1.82564006241221,"macrophagesBYo",5.39929834257628
"Slc25a24",2.95795141865746,1.71138905733075,3.38299226179689,0.00207534937670048,0.0435193879248765,-1.84010823822055,"macrophagesBYo",7.77019830610966
"Itga6",3.53444618394383,3.75550898877774,3.36612671569119,0.00216828524520323,0.0448308172706832,-1.88156369671796,"macrophagesBYo",11.5870883770116
"Rgs18",4.1093042273962,2.0939295522495,3.36382577584022,0.00218127128129614,0.0450151721605546,-1.88721256566369,"macrophagesBYo",17.2593260727673
"A430105I19Rik",2.78358421121944,2.25222255534354,3.36086017787731,0.00219811913133922,0.0451779546510277,-1.89449075443855,"macrophagesBYo",6.88560876885027
"Cdc25b",3.29282597723331,2.8000071935333,3.3587719762514,0.00221005758824428,0.0452660658406852,-1.89961398430456,"macrophagesBYo",9.80030043847464
"App",2.62982626589967,4.03622670806546,3.35846050376117,0.00221184365473854,0.0452660658406852,-1.90037803944843,"macrophagesBYo",6.18951456750747
"Cd2",3.07500504613229,1.46607638529887,3.33826319835192,0.00233067729081867,0.0470086118213761,-1.94985776815719,"macrophagesBYo",8.42691776252162
"S100a1",4.22607849872717,7.00052718522819,3.33255345829067,0.00236537120678313,0.0473462130877122,-1.96382219027626,"macrophagesBYo",18.7144208706909
"Tmem106a",2.91474439816628,4.17645202100672,3.33228907893328,0.00236698963409166,0.0473462130877122,-1.96446853649584,"macrophagesBYo",7.5409401429569
"Fam20a",3.48601847822885,1.75534629579333,3.32949970956173,0.00238413016027548,0.0475172175997969,-1.97128653842936,"macrophagesBYo",11.2045940761011
"Unc119",5.69163603915964,5.26404654406269,3.32543616665705,0.00240931441649514,0.0478467350414022,-1.98121452655332,"macrophagesBYo",51.6836494522314
"Gm4540",2.56283467541544,4.73342467488446,3.31900043880309,0.00244972527037212,0.0484751987088035,-1.99692736480489,"macrophagesBYo",5.90867511522333
"B4galt5",2.7708304920151,2.88246592328595,3.31255430861395,0.00249085490606286,0.0490381364215472,-2.01265222712098,"macrophagesBYo",6.82500684055605
"Lyz2",6.49911598825291,8.62789283011911,3.31137041073884,0.00249848065821586,0.0491323445348528,-2.01553879945822,"macrophagesBYo",90.4542251582213
"Insig1",2.7614869927334,6.43666330800655,3.30773607766644,0.00252203077516343,0.0494635521621813,-2.02439716983114,"macrophagesBYo",6.78094805410718
"Amigo2",3.65682237466672,2.99283718820717,3.30527044936442,0.00253812921949852,0.049647243786884,-2.03040448255075,"macrophagesBYo",12.6128497889403
"Cdk1",3.15010744334414,2.59255246453298,3.30182156413325,0.00256081339943495,0.0500025373660189,-2.03880410568526,"macrophagesBYo",8.8772168742279
"Hdc",3.7929691925899,2.29007412908659,3.2732460156381,0.00275640904366755,0.0528881502801883,-2.10824857071016,"macrophagesBYo",13.8610937084834
"Cd163",2.69538437711902,1.74243981553594,3.27056869516587,0.00277545330408449,0.0532074119984933,-2.11474116634595,"macrophagesBYo",6.47726323920855
"Ahnak",5.69448195835151,3.39457475533196,3.26989154206934,0.00278029000478619,0.0532539876847489,-2.11638290753629,"macrophagesBYo",51.7857033558957
"Mcemp1",5.49110796131951,3.68938309199106,3.26709095861,0.00280037985007729,0.0535460703744684,-2.12317122768351,"macrophagesBYo",44.9767640306544
"Rasgrp2",4.54812912666548,3.24623530870433,3.26423082523242,0.00282104073951196,0.0537552836177633,-2.13010118316207,"macrophagesBYo",23.3950130228904
"Ldlr",4.26676462679249,4.88285534047345,3.24351533292099,0.00297511390592092,0.0559680654257555,-2.18021156750462,"macrophagesBYo",19.249707603197
"Rab3d",3.49979508263207,3.59825163675516,3.2404624741857,0.00299849162810061,0.0562916802314377,-2.18758408716455,"macrophagesBYo",11.3121016377558
"Hirip3",2.59239622277797,4.0989344998884,3.23664549916821,0.00302796868356312,0.0566732243540329,-2.19679744445534,"macrophagesBYo",6.03099576771076
"Dut",2.44839151254835,3.12241438517989,3.23479046368242,0.00304239460487938,0.0568833775343649,-2.20127330424836,"macrophagesBYo",5.45807232740441
"Gm43682",3.22442422102134,2.57698436281218,3.23454103624455,0.00304433933014004,0.0568833775343649,-2.20187503704574,"macrophagesBYo",9.34648706501274
"Metrnl",4.55881588309252,4.15350974060705,3.21710785989722,0.00318325498600042,0.0588330409818608,-2.24387884452087,"macrophagesBYo",23.5689549083798
"Vat1",2.53109021691244,5.32768369568517,3.20180430793003,0.00331019098243715,0.0603142784067955,-2.28066474442584,"macrophagesBYo",5.78008302978442
"Pdlim1",3.66443278638524,1.80150707612715,3.20097691122795,0.00331719026113818,0.0603142784067955,-2.28265126924654,"macrophagesBYo",12.679560077888
"Gch1",2.5282939215733,2.66087600729533,3.19474898711557,0.0033703315527064,0.0608668121963459,-2.29759639520757,"macrophagesBYo",5.76889066747087
"Slc2a6",4.36323726584522,4.17668585854693,3.18697179056774,0.00343783765603683,0.0616831163540168,-2.31624013071347,"macrophagesBYo",20.5809442017817
"Pqlc1",2.4711111310528,2.84735838832634,3.17132310720465,0.00357761122804454,0.0635613747315232,-2.35368866300592,"macrophagesBYo",5.5447066358795
"Atp2a3",3.98153927984542,2.81982253390096,3.1515482060396,0.00376202702850806,0.0658715280392746,-2.40088616401043,"macrophagesBYo",15.7965683927835
"Kbtbd11",2.89458789289157,3.11292514597502,3.14999780050525,0.00377686370142148,0.0660518226613022,-2.40458060656069,"macrophagesBYo",7.43631504754857
"Fxyd5",5.91673843154877,5.25320066044904,3.11672484755829,0.00410907681974275,0.0705113215957331,-2.48365454556374,"macrophagesBYo",60.41096099712
"Ptgir",5.26989766891915,2.68433270835415,3.11193514344335,0.00415913772147841,0.0711071126833593,-2.49500376754755,"macrophagesBYo",38.5831136694928
"Ggct",2.80749637145606,2.82793562771279,3.10674702312747,0.00421401921265008,0.0718169290063354,-2.50728739902381,"macrophagesBYo",7.00068635040827
"Ftl1",3.05566261254304,8.74935706141945,3.10532252882545,0.00422920841376115,0.0719713674904908,-2.51065833856665,"macrophagesBYo",8.31469078737783
"Anxa6",2.58566288201145,4.31926685472786,3.10211292139415,0.00426362368228005,0.0723344683459215,-2.5182508074502,"macrophagesBYo",6.0029135110501
"Nap1l1",2.41988566119192,4.87841463653792,3.10045922993111,0.00428145962765023,0.0725814033275908,-2.52216118127553,"macrophagesBYo",5.35128609353025
"Tspo",2.4175758507457,4.66348646761054,3.09655763993959,0.0043238227807198,0.0731145090801121,-2.53138294206341,"macrophagesBYo",5.34272533282612
"Cdc42ep2",4.3372008229042,4.01768921052269,3.07984523942513,0.00450984928263305,0.0753560390329992,-2.57081922182243,"macrophagesBYo",20.2128496189413
"Dapk1",2.37736770298291,1.9052898522063,3.07493977448576,0.00456588432096307,0.0761198634760106,-2.58237453752951,"macrophagesBYo",5.19587852760955
"Map4k1",2.66667862294375,2.22234758641861,3.04935193845928,0.00486908797617559,0.0797917283680982,-2.6424996880214,"macrophagesBYo",6.34965683018016
"Ninj1",2.96473632829552,6.79340139614144,3.04738695401179,0.00489314787875188,0.0800082117676481,-2.64710646816392,"macrophagesBYo",7.80682715433643
"Csf2ra",3.04734604174635,6.36141714280414,3.04589782656867,0.00491145653164895,0.080248266506403,-2.65059663274433,"macrophagesBYo",8.26689774409603
"Mfsd7a",2.84013541812328,2.61800815206172,3.04369142895008,0.00493870380292912,0.0805150657569645,-2.6557663238896,"macrophagesBYo",7.16087268897664
"Slc9a3r2",3.30974624034468,4.16236051534562,3.03514004659827,0.00504567127050787,0.0818367929013531,-2.67578466404311,"macrophagesBYo",9.91591730775525
"Ywhag",2.3653160647189,5.67810219356117,3.03142804969415,0.00509278638621579,0.0823594394899502,-2.68446534898987,"macrophagesBYo",5.15265523485188
"Capn2",3.15964683113952,3.59154842464302,3.02481753676236,0.0051777287978552,0.0832462893858653,-2.6999109493683,"macrophagesBYo",8.93610929512065
"Gstm1",3.01630762847896,5.54094015898931,3.00363139482175,0.0054591257533108,0.086761665977367,-2.74929633291328,"macrophagesBYo",8.09094170905311
"Capg",3.77114558697087,4.00407244950074,2.99233768495939,0.00561500412556961,0.0885458147843698,-2.77554906940325,"macrophagesBYo",13.652995267698
"Ptprcap",3.27377964280676,3.02418281902045,2.98966249221739,0.00565254167996171,0.0888147582285461,-2.78176016602065,"macrophagesBYo",9.67176802831087
"Stom",3.5997085913276,4.5571148174831,2.98576159322298,0.00570770496077228,0.0894456941674534,-2.79081185704454,"macrophagesBYo",12.1232835136321
"Rassf4",2.93986642569694,4.01992883708083,2.98122980691728,0.00577243094319296,0.0898687471894848,-2.80131973978901,"macrophagesBYo",7.67340246707131
"Top2a",3.1568569763283,2.41342749841711,2.9717944978553,0.00590943246513809,0.0912949542082752,-2.82317070767053,"macrophagesBYo",8.91884552326676
"C3",4.43431799908286,2.57553997210128,2.97015147792555,0.0059336021975235,0.0914526439384934,-2.82697202525538,"macrophagesBYo",21.6203503886543
"Trim59",3.34180430241573,3.47472811013519,2.95591196866169,0.00614703361480576,0.0937221396694334,-2.85987048918848,"macrophagesBYo",10.1387247930725
"Cd24a",5.22661937704132,5.09582643570783,2.94622113889263,0.00629642323943809,0.0953427592923264,-2.88221211611553,"macrophagesBYo",37.4428767547614
"Pla2g7",3.88515167831151,3.62591999694733,2.93823595718808,0.00642209581606428,0.0968480066385753,-2.90059223110265,"macrophagesBYo",14.7756703359341
"Zfp971",2.74681704273878,2.6872384523565,2.93371405000555,0.0064943115922406,0.0975240097648198,-2.91098888582248,"macrophagesBYo",6.7123458079495
"Gpx7",2.84463641977944,2.92417373892643,2.9334980597065,0.00649778015609748,0.0975240097648198,-2.91148527170134,"macrophagesBYo",7.18324847141876
"Cotl1",2.74218801700419,5.67667236388553,2.92515519035176,0.00663310654395921,0.0989509211544232,-2.93064379531247,"macrophagesBYo",6.69084311629646
"Foxn2",2.43055753857953,3.34999044233874,2.90010003966419,0.00705571419217261,0.103854667380861,-2.98800399752283,"macrophagesBYo",5.39101729751268
"Iqgap1",3.79057397278723,3.15454823469644,2.88961310597407,0.00724004299495259,0.105375179295641,-3.01193309177262,"macrophagesBYo",13.8381000610683
"Acaa2",2.49460072891742,3.42486881470033,2.87704179788181,0.00746699969894583,0.107699709525695,-3.04055607402614,"macrophagesBYo",5.6357230979231
"Mcub",2.74364215669742,1.56322459808946,2.87309481631082,0.00753963017081218,0.108183015747012,-3.04952868323037,"macrophagesBYo",6.69759043657535
"Ccm2l",2.69835724980327,1.31069433459172,2.86253517135911,0.00773723305571534,0.11002121201857,-3.0735004999968,"macrophagesBYo",6.49062429746964
"Mgst1",4.4948185306292,3.47150558079902,2.86078391403311,0.00777047266078208,0.110408584890483,-3.07747139464173,"macrophagesBYo",22.54629591846
"Fbxo5",2.36293347831268,2.44381069193854,2.85999587981048,0.00778547374989796,0.110479817683767,-3.07925778868343,"macrophagesBYo",5.14415273486927
"Rhoc",2.96044192147299,5.67138425100905,2.84835727471805,0.00801022957951398,0.112684857786117,-3.10560966004177,"macrophagesBYo",7.78362346742286
"Spib",3.05382758241276,1.55283889365786,2.84799791593113,0.00801726556775064,0.112684857786117,-3.1064223656374,"macrophagesBYo",8.30412167310951
"Chpf",3.234042306113,4.00554588691615,2.84692280650526,0.00803835021408929,0.112837831082676,-3.10885343309698,"macrophagesBYo",9.40900591138658
"Dbi",2.91265733861841,6.94626822059852,2.83572997488583,0.00826098341445292,0.115304565348859,-3.13413267465124,"macrophagesBYo",7.53003900842857
"Hopx",3.01273772557042,2.26169846397779,2.83531338329537,0.00826938070818166,0.1153489971041,-3.13507248538537,"macrophagesBYo",8.07094568157381
"Hpse",3.37595715798255,1.80794357753297,2.83404873805746,0.00829492157245506,0.115581825535351,-3.13792499305922,"macrophagesBYo",10.3816018407189
"Srxn1",2.51678096252922,4.94920006726439,2.829654796843,0.0083842401484044,0.115927840501969,-3.14783035463038,"macrophagesBYo",5.72303711284309
"Plaur",3.97084055519669,4.76638569323422,2.81982792758016,0.00858728278498045,0.117851400156403,-3.16995216038044,"macrophagesBYo",15.679857631976
"Lgals3",4.34565172288777,3.7641739821507,2.81769638461461,0.00863193080294908,0.118317351396309,-3.17474489757499,"macrophagesBYo",20.3315982402025
"Gbp3",2.97791727991876,3.50521167474696,2.81515946877377,0.00868535436681851,0.118788769367845,-3.18044645428594,"macrophagesBYo",7.87847980031189
"Lgals3bp",2.67656917744551,5.606900444882,2.80818982744207,0.00883372870538411,0.119821324432381,-3.19609539561279,"macrophagesBYo",6.393337157397
"Fas",2.39641203231582,1.8229574278501,2.8048846286796,0.00890492162816895,0.120417836907079,-3.20350891323158,"macrophagesBYo",5.26492154194263
"Rab7b",3.09876166774174,2.5055708579289,2.78930139114667,0.00924790055133232,0.123994729634621,-3.23839528831472,"macrophagesBYo",8.56683123382279
"Flot2",2.62463889540071,4.19704754875647,2.78888651605908,0.00925719903344561,0.124044224237987,-3.2393225660138,"macrophagesBYo",6.1672994417956
"Acy3",3.46900567739278,2.45062383581241,2.77059283133366,0.00967604346149993,0.128104793236842,-3.28013207621949,"macrophagesBYo",11.0732413045071
"Gm47155",2.4866767897108,1.92160016514566,2.7652649966598,0.00980132950801051,0.129222176821047,-3.29198847761791,"macrophagesBYo",5.60485398732355
"Epb41l1",2.44050414534983,2.0723356185982,2.75176635760064,0.0101255948055612,0.131692259778619,-3.32196912008124,"macrophagesBYo",5.42831388600577
"Cd300lb",3.95731448804266,2.73778984839525,2.74300784133714,0.0103413388885475,0.133634018826715,-3.34137653292026,"macrophagesBYo",15.5335372486962
"Slc7a2",3.11612772647684,1.61332178937863,2.74027032291541,0.0104096486794996,0.134046948624313,-3.34743505984974,"macrophagesBYo",8.67057533496909
"Apoe",3.31778201770969,11.5874522106024,2.72399669582689,0.0108245221512824,0.137547905544411,-3.38337824874382,"macrophagesBYo",9.97130283824002
"Emp3",3.48073710520324,5.59784782716877,2.71317461903956,0.0111089217776041,0.140195480026204,-3.40721140828318,"macrophagesBYo",11.1636516335738
"Ccr1",4.19555247757718,4.60312288508661,2.71167195692081,0.0111489587589954,0.140473632610823,-3.41051627783609,"macrophagesBYo",18.3226018350166
"Smc4",2.80373076739697,3.06553579896184,2.7070936563407,0.0112717758376743,0.141539549349602,-3.42057889370667,"macrophagesBYo",6.9824375602029
"Fpr1",3.03996947820524,2.06954432003871,2.69819210828727,0.011514193123271,0.143105895767486,-3.44011485594623,"macrophagesBYo",8.22473660809076
"Myo1g",3.4461079158453,3.59520928063292,2.69772318524564,0.0115270973781449,0.143185836775238,-3.44114293399752,"macrophagesBYo",10.898879499865
"Sptbn1",2.86462994031411,3.52760302450084,2.6960943893128,0.0115720250459106,0.143510578576016,-3.44471312422922,"macrophagesBYo",7.28349017142934
"Arhgef39",2.63846504668734,2.69342919685863,2.68974063633306,0.011748849889853,0.144527677969406,-3.45862783859197,"macrophagesBYo",6.22668823578213
"Gm9889",2.92384377619239,1.65058783422967,2.67402049399511,0.012197233350643,0.148510054640175,-3.49297107648105,"macrophagesBYo",7.5886527310841
"Tmem51",3.38410492094583,2.17718849705145,2.67401523639987,0.0121973859459023,0.148510054640175,-3.49298254249948,"macrophagesBYo",10.4403988387756
"Clec4a1",2.93046849702411,2.61526760733674,2.66069994108446,0.0125896058694373,0.152363156810482,-3.52197790869231,"macrophagesBYo",7.62357924366155
"Srgn",3.24893699483564,4.65931835838955,2.65812791709116,0.0126667093092613,0.153045117448819,-3.52756874484524,"macrophagesBYo",9.50664965839238
"Acap3",2.53759017606207,4.62912228544033,2.64036485178918,0.0132113265180134,0.157730262578527,-3.56609156898363,"macrophagesBYo",5.80618353260215
"Id2",3.5842796822133,8.36926125002243,2.63827321211884,0.0132768706520084,0.158256578359042,-3.57061744761389,"macrophagesBYo",11.9943218191471
"Esyt1",2.6135726524504,4.57484405415507,2.63053390280109,0.0135220299312106,0.159972122015065,-3.58734481623378,"macrophagesBYo",6.12017392497863
"Gapt",3.25464435197711,1.98936457217034,2.62365329326032,0.0137435147459814,0.161555673074042,-3.60219115860692,"macrophagesBYo",9.5443328194244
"Lgals1",3.23786150843585,4.89989378164353,2.61563556928666,0.0140058531439469,0.163942586827269,-3.61946116384191,"macrophagesBYo",9.43394708251984
"Tppp3",4.96924592071708,6.22215783814175,2.6144852741122,0.014043869762806,0.164099732391315,-3.6219362276865,"macrophagesBYo",31.3250720059807
"Nat8l",3.29983625912897,4.39314770191204,2.608238836381,0.0142519890587994,0.165858366095644,-3.63536491457004,"macrophagesBYo",9.84803752530993
"Fgr",3.83102616165382,2.70801070069808,2.60417480254137,0.0143889280102523,0.166401596639211,-3.64409126669608,"macrophagesBYo",14.2316019683801
"Gprc5b",2.91332607688003,2.97167656496237,2.59983552461586,0.0145364883301876,0.167407980910328,-3.65339940453063,"macrophagesBYo",7.53353024692729
"Itgb2",3.42326808901748,5.16097633296565,2.59823830412131,0.0145911555016586,0.167862783756211,-3.65682318238305,"macrophagesBYo",10.7276940227497
"Aspa",3.47480772846107,1.87885464942214,2.59019377552312,0.0148694009508854,0.170347521538367,-3.67404761116569,"macrophagesBYo",11.1178639547518
"Rasgrp4",2.97160686769948,2.28137925103647,2.58086848513965,0.0151980973283576,0.172926801999278,-3.69397304041146,"macrophagesBYo",7.84409423637687
"Cd19",3.48314739488614,1.83275658404668,2.56620473569262,0.015728601075858,0.176990763784948,-3.72521502851898,"macrophagesBYo",11.1823181730797
"Cdkn1a",3.18329859750255,4.95310527732253,2.5599525808178,0.0159599601126277,0.179320567583374,-3.73850191262486,"macrophagesBYo",9.08381671848673
"Ier5l",2.42006304167469,3.58303226279399,2.55052153240832,0.0163149141127227,0.181831156128849,-3.7585061560691,"macrophagesBYo",5.35194407878666
"Ckap2",2.34155465949474,2.00202394629616,2.54657581776242,0.0164655718872378,0.182957230970046,-3.76686170693677,"macrophagesBYo",5.06848527357302
"Samhd1",2.3445894207793,4.13958105497933,2.54249469945905,0.0166227514438972,0.184148788279088,-3.77549544816224,"macrophagesBYo",5.07915823751504
"Glipr2",2.81034583665844,3.06471495868862,2.53494574838078,0.01691714921037,0.186755534920666,-3.79144254328613,"macrophagesBYo",7.01452706130218
"Cdkn2b",3.02827902957802,2.01204482329447,2.50023917701799,0.0183335891357726,0.197821884577743,-3.86437320229647,"macrophagesBYo",8.15835920795557
"E2f8",2.3665193995004,1.73474295623542,2.49404004832389,0.0185978051471649,0.199727787995499,-3.87733231597112,"macrophagesBYo",5.15695479618095
"Ifitm3",5.12338689030158,8.0804400817653,2.49117806667428,0.0187209658706008,0.200511028486527,-3.88330826470029,"macrophagesBYo",34.857250973447
"S1pr5",5.81233243486364,3.77100612902862,2.48847906805618,0.0188378001640664,0.201425158545017,-3.88893986807559,"macrophagesBYo",56.1935420246135
"Mki67",3.09744482956438,2.75024493703895,2.45700094023186,0.020250836162679,0.212125591111244,-3.95432998909675,"macrophagesBYo",8.55901531765423
"Kctd12b",2.84946800983058,2.91880840981505,2.44926118075307,0.0206128647979901,0.215268122811825,-3.97032534550537,"macrophagesBYo",7.20734552027659
"Pdlim7",3.34842901896009,2.85715437229637,2.42584424154392,0.0217446459978868,0.223435579847306,-4.01851926528198,"macrophagesBYo",10.1853878941334
"Stmn1",3.32409514492728,5.47479917137735,2.41517596725455,0.0222788960101191,0.227972255518901,-4.04037471410567,"macrophagesBYo",10.0150321331947
"Anxa2",4.42925293083309,3.89627576886552,2.41387529401741,0.0223448465646964,0.228435785836774,-4.04303498777219,"macrophagesBYo",21.5445779359905
"Mfge8",2.7187753357807,5.44614306331108,2.40969963711003,0.0225577817054235,0.229763261818178,-4.05156909261998,"macrophagesBYo",6.58313752087632
"Ifi207",2.35127799480433,2.4028505088475,2.36904746381729,0.0247298508257263,0.243400158759253,-4.13414004550182,"macrophagesBYo",5.10276072966192
"Stxbp2",2.48857756212646,4.74627361408208,2.35883528218222,0.0253046616822563,0.247268122966676,-4.1547350498922,"macrophagesBYo",5.61224333347178
"Adssl1",3.22512281473913,3.60345483940938,2.35364187952391,0.0256016246255821,0.249357545772777,-4.16518570055115,"macrophagesBYo",9.35101399418098
"Clec10a",2.77334815394696,2.17309995927997,2.33673496327125,0.0265904737932392,0.255107563586386,-4.19909971022072,"macrophagesBYo",6.83692762860358
"Itpripl2",2.7085101285298,4.34880600544095,2.3323430621957,0.0268529649422086,0.256767447475617,-4.20788246513835,"macrophagesBYo",6.53646277531835
"Dhrs3",2.61738585336176,4.04912976523683,2.32783939391707,0.0271245785844834,0.258296281220642,-4.21687708588721,"macrophagesBYo",6.1363716112795
"Slfn1",4.10054581770088,2.80989421894526,2.32568970577752,0.0272551026160778,0.258769914747246,-4.22116622905677,"macrophagesBYo",17.1548644071727
"Cytip",2.9103037543498,2.06681550691782,2.31144613998082,0.0281344395841049,0.264487434008141,-4.24951735664321,"macrophagesBYo",7.51776466591455
"Cd44",3.39700337125988,2.49055064149957,2.30135990653746,0.0287725945487554,0.268580636794141,-4.26952153673346,"macrophagesBYo",10.534159992452
"Klra2",2.97348365248011,1.79458344808461,2.28839817738019,0.0296119258484201,0.273074045662609,-4.29514058538298,"macrophagesBYo",7.854305165259
"Adap1",3.01775949603442,3.20055713586282,2.28124800009322,0.0300843564855196,0.275900032370807,-4.30923038315759,"macrophagesBYo",8.09908819063216
"Cd93",5.06122505751062,4.30477111529579,2.27781145739198,0.0303138339238799,0.276892216308008,-4.31599144407783,"macrophagesBYo",33.3872429291508
"Ackr3",2.47127120433124,2.44685361726482,2.27485022141866,0.0305128403097789,0.278135791583535,-4.32181173613494,"macrophagesBYo",5.54532187928516
"Cd40",3.15591277582914,2.14137969658413,2.26628657375977,0.0310950110834863,0.281758965104047,-4.33861403609533,"macrophagesBYo",8.91301031689705
"Gsr",2.50516084904339,3.62656829994121,2.26375349080324,0.0312691263186619,0.282699992459239,-4.34357564992916,"macrophagesBYo",5.67712634403434
"Slc7a4",2.58676615424174,2.9299288005638,2.26292850591897,0.0313260226023811,0.282914520847066,-4.3451907373351,"macrophagesBYo",6.00750587504993
"Zbp1",2.66618240031807,2.23505107234427,2.24617586736802,0.0325017869559351,0.290754966771594,-4.37789902183074,"macrophagesBYo",6.34747320752766
"H2-D1",3.10367718709332,8.74722960671847,2.24022959968032,0.0329285901269676,0.292679469416997,-4.38946788653009,"macrophagesBYo",8.59606973809816
"Tnfrsf13c",2.55769248193022,2.10107256230653,2.21922574899354,0.0344768713438059,0.301952424678946,-4.43016010609875,"macrophagesBYo",5.88765233071097
"Cebpb",3.09241133693315,7.75153570246954,2.21348543804984,0.0349112508779834,0.304074947232253,-4.44123427595675,"macrophagesBYo",8.52920536364781
"Capn5",2.74970451340777,2.16059667984591,2.19700979449798,0.0361854246516323,0.311611580213336,-4.47290634069313,"macrophagesBYo",6.72579363282885
"Plekho2",2.42734304483463,4.40661705687541,2.19343293902256,0.0364674987457242,0.313308922233653,-4.47976017435281,"macrophagesBYo",5.37901885067295
"Myo1c",2.33708746922166,4.16036478895167,2.18482284281149,0.03715459863339,0.31770800198282,-4.49622595368857,"macrophagesBYo",5.05281538546487
"Sell",3.53003715424055,2.3705856854801,2.17272239976891,0.0381398335309747,0.323903085299713,-4.51928856199213,"macrophagesBYo",11.5517310562041
"Ucp2",3.039987420243,7.40439982466956,2.15621024428304,0.0395219701940615,0.332197776065054,-4.55061163992246,"macrophagesBYo",8.22483889544064
"Ccna2",2.48267734602161,2.68649834645594,2.14933893619028,0.040110190627764,0.33561185599774,-4.56359572972159,"macrophagesBYo",5.58933771070197
"Irf4",2.42522935202202,2.39063341498825,2.14480977126004,0.0405021714646014,0.337367825140065,-4.57213776113706,"macrophagesBYo",5.37114381926947
"Epha2",3.15862894377966,2.91042969168816,2.12949116537125,0.0418533755151003,0.344209006141474,-4.60093225222563,"macrophagesBYo",8.92980668480508
"Vim",4.80126721599182,6.7050408958274,2.11257688565935,0.0433918341293451,0.352666255122521,-4.63255218704565,"macrophagesBYo",27.8820979928199
"H2-K1",2.86299545286285,8.50594790363834,2.10215365033283,0.0443647411576025,0.358728497306155,-4.65194613349228,"macrophagesBYo",7.27524308400177
"Rac2",2.98232858006648,5.10282805684318,2.09972782821684,0.0445939280182068,0.359661490902949,-4.65644967816264,"macrophagesBYo",7.9026065396058
"Tspan17",2.81711891784077,3.75634829031682,2.06095821472619,0.0484020165098102,0.380660437698731,-4.72790673477966,"macrophagesBYo",7.04753588030417
"Fasn",2.61241835434933,5.54543044398273,2.05684445632306,0.0488224954605745,0.382878435687448,-4.73543120691575,"macrophagesBYo",6.11527914157441
"Atp1a3",3.63947261923191,4.21723190376725,2.04843831641255,0.0496917553935641,0.387497604713365,-4.75077220943251,"macrophagesBYo",12.4620768985496
"Gimap4",2.98415553050154,1.93321980225518,2.04477032465675,0.0500753150750924,0.38952749486859,-4.75745158681016,"macrophagesBYo",7.91262030928406
"Pim1",2.53320624531974,4.74563058103001,2.01544101928089,0.0532372996185991,0.406969170512186,-4.81053864790221,"macrophagesBYo",5.78856700839136
"Stx11",2.65601990863927,2.14775384554763,1.98499226436011,0.0567043435590108,0.423876271827189,-4.86504227747923,"macrophagesBYo",6.30291806565106
"S100a6",3.91283663796203,5.38345960227205,1.97566764714895,0.0578049246221498,0.429421876230967,-4.88160804065654,"macrophagesBYo",15.0619498122325
"Tcn2",2.34214441017754,6.68257612582694,1.96239922914865,0.0594031795241751,0.436603501864893,-4.90507810751197,"macrophagesBYo",5.07055761291452
"Ifitm6",4.0244408560782,4.34316043013244,1.93241227980806,0.063158028082108,0.453945761942975,-4.95767609286691,"macrophagesBYo",16.2733667982434
"Scarf1",2.43979016107631,1.90619643524291,1.92869757267647,0.063637249889403,0.455409569922312,-4.96414858276696,"macrophagesBYo",5.42562809881407
"Svip",2.57164416077986,3.90887816771722,1.90971680483542,0.066135525725308,0.465663983329404,-4.99707084895578,"macrophagesBYo",5.94486546204215
"Pdlim2",2.64427379245748,4.21154603943774,1.88635902994724,0.0693262437242294,0.480188914614413,-5.03723921029755,"macrophagesBYo",6.25180938762357
"Klf2",2.89731493797435,9.26351323741915,1.87322715298527,0.0711778628592287,0.489007377425331,-5.0596533013944,"macrophagesBYo",7.45038478798119
"Cxcl14",2.8692270239104,3.46586984102959,1.87309249189904,0.0711970692350491,0.489007377425331,-5.05988251482766,"macrophagesBYo",7.30673570475029
"Ccr2",2.7742927199501,3.15818240663396,1.85750825756484,0.0734502078993555,0.497228176624057,-5.0863222026268,"macrophagesBYo",6.84140538984941
"Adora2b",2.44371877000951,2.17317753668635,1.84016222503398,0.0760299680823579,0.505563866512174,-5.11554711678479,"macrophagesBYo",5.44042278410043
"AI467606",2.42250273659138,5.86111239143322,1.83930658177822,0.0761592112974364,0.506034833119984,-5.11698314019997,"macrophagesBYo",5.36100223511752
"Cxcl12",2.60704155623934,3.88901610084553,1.83112755876404,0.0774041805262031,0.511473323112662,-5.130683404882,"macrophagesBYo",6.09253044912805
"Slfn5",2.68411197927817,2.83926279030075,1.82858827807692,0.077794229398648,0.51258573285434,-5.13492702620745,"macrophagesBYo",6.42685079477955
"Plk2",2.79869555443782,5.47943794373871,1.7621643563469,0.0886113956142874,0.558950067672458,-5.24426892945305,"macrophagesBYo",6.95811032744088
"P2ry1",2.95126662986807,2.8135856856018,1.75290982979812,0.0902154285126456,0.5661945886483,-5.25924596433086,"macrophagesBYo",7.73427804530333
"Spn",2.53994085751861,2.26223713856471,1.74527524152395,0.0915571332010503,0.571977551867812,-5.27155357142236,"macrophagesBYo",5.81565165498705
"Plekhg3",2.34406005342799,2.22375538960149,1.74233978333342,0.0920774848711826,0.57364973185164,-5.27627424904335,"macrophagesBYo",5.07729488646846
"Scd1",3.19307241507538,4.29369438925323,1.72603079119371,0.0950142110224859,0.58461197580122,-5.30238465089478,"macrophagesBYo",9.14556572711005
"Gm36161",2.61884700131129,1.80007638651114,1.71190512305174,0.0976212336722928,0.594526306278282,-5.32483866580027,"macrophagesBYo",6.14258961889088
"Sox7",2.9871731975824,2.21659412103339,1.68213123652628,0.103313618994783,0.614410535758492,-5.37167417623755,"macrophagesBYo",7.92918835926547
"Gm26532",2.38685391728476,5.29793355977493,1.62786319869755,0.114402937683641,0.651609298196035,-5.45530087232107,"macrophagesBYo",5.23015577838016
"S100a11",2.47602264025552,3.99474221141268,1.61096906695062,0.118050220835167,0.661841113922046,-5.4808708898084,"macrophagesBYo",5.56361519613107
"Cxcl1",2.75903006509662,3.35225219139533,1.60662707436376,0.119002971497444,0.664320650627795,-5.48740681888202,"macrophagesBYo",6.769409842699
"Thbd",2.54829741393967,4.16588014598079,1.59921536194146,0.120643949966688,0.66942716456309,-5.4985295498532,"macrophagesBYo",5.84943554000561
"Ifi27l2a",2.35173053867328,5.33568791397989,1.55924190830425,0.129818205005282,0.701335323402164,-5.55777417844206,"macrophagesBYo",5.10436161220005
"Hp",3.03910944936585,4.0543053058432,1.38960958767183,0.175255172939704,0.833979391470226,-5.79490544080207,"macrophagesBYo",8.2198350852159
"Anxa1",2.71448508867049,3.15696277577609,1.38374965874811,0.177024660272975,0.839222185215956,-5.80267488719275,"macrophagesBYo",6.5635898458896
"Ccl9",2.41708947547195,6.30414594834237,1.36360501205633,0.183214590755939,0.856382081405796,-5.82916463112047,"macrophagesBYo",5.34092444528959
