"","mouse_FVN_Swiss","mouse_C57BL6"
"1110002E22Rik",0.258544370495853,0.15585272699092
"1110008E08Rik",0.143611093774261,0.08782177442769
"1110017D15Rik",1.32681255161502,0.475927124256824
"1500009L16Rik",1.08726182141179,0.340543904171656
"1500015O10Rik",0.269702072626609,0.874868660112259
"1600029O15Rik",0.534256708564483,0.468000083784737
"1700001K19Rik",0.350395922174593,1.24590962488437
"1700001L05Rik",0.763677663202212,0.829399297266911
"1700001L19Rik",0.537556605328303,0.158452506760096
"1700008K24Rik",0.309990783868753,0.0889231104384306
"1700011D18Rik",0.323320988802103,0.174639101013604
"1700013A02Rik",0.0900961245543636,0.216632731265657
"1700013F07Rik",0.176803868137428,0.490356358505389
"1700016C15Rik",0.391906373391345,0.485912526188531
"1700016P03Rik",3.5290424113965,0.37658509732706
"1700022I11Rik",0.288608244603694,0.426388706175464
"1700023F06Rik",0.504934703637763,0.62256385931434
"1700029P11Rik",0.150788652559369,0.0696019478108819
"1700030C12Rik",0.32221079916767,0.120834923212468
"1700039M10Rik",0.599456024721322,0.487682078206074
"1700066J03Rik",0.463752187802838,0.166457300376594
"1700093K21Rik",0.249448037472113,0.563078584491298
"1700097M23Rik",0.14546270348553,0.19894984521723
"2210008F06Rik",1.73035191824667,0.257612609404907
"2410137M14Rik",0.295927988764038,0.0464519717972251
"2610002M06Rik",1.96208620523155,2.18689693307632
"2610035F20Rik",1.85457512672702,0.0857298285406878
"2900055J20Rik",1.81797999383348,0.550108019056412
"2900076G11Rik",0.442976205873178,0.667263826678909
"3300002P13Rik",2.21214363779572,0.015727889942704
"3732407C23Rik",0.2181451167786,0.208222391307449
"4732496C06Rik",1.58633408702164,2.8325202490841
"4833422C13Rik",1.50659004666263,0.372193800702547
"4921522P10Rik",0.281383190866113,0.38793288634211
"4930439D14Rik",0.716291327565103,0.934790847648236
"4930471C04Rik",0.248473024223963,0.115131605888437
"4930474N09Rik",0.556983791200967,0.290057944167971
"4930539E08Rik",0.535953922377326,0.35448674262915
"4930572O13Rik",0.395600731231587,0.132827201104696
"4930578M01Rik",0.654734941044533,1.55333447092866
"4931428F04Rik",3.63696622478922,0.616535813026892
"4931440P22Rik",0.747749624689566,1.17796322750916
"4933406C10Rik",0.340774093822998,0.2136321427695
"5330411O13Rik",0.169780152829923,0.59514362601023
"5330417C22Rik",0.861105552206038,0.203318704037554
"5330429C05Rik",0.153386167652598,0.102854473205763
"5330434G04Rik",1.05178057562642,0.12212211795172
"5330439K02Rik",0.750317673258509,0.99056214095662
"6330403K07Rik",7.07585207745246,1.00909623092682
"6330403L08Rik",2.92685959778329,1.92368455442753
"9130214F15Rik",0.254583154493798,0.397032235073214
"9230110C19Rik",1.09438745432283,0.235198646692878
"9330121K16Rik",1.28969204744704,0.293984351864097
"9330161L09Rik",1.79724028857089,1.89874099943086
"9330162G02Rik",0.550572554207426,0.237262903491291
"9530080O11Rik",0.301275927644873,0.191276250962913
"9630015K15Rik",0.54746563230826,0.789865053430216
"A230006K03Rik",0.218697963882115,0.1765601324817
"A230057D06Rik",1.11374875889997,0.207509064528761
"A230103J11Rik",0.47392630400737,0.764389642151421
"A330023F24Rik",0.66676998327693,0.904628020520872
"A330076H08Rik",1.71367928792135,0.190484824752676
"A430078G23Rik",0.128901842314238,1.55305284200943
"A430108G06Rik",0.688925640570275,0.338718203065121
"A530058N18Rik",0.2317712611238,0.215135068789707
"A730020E08Rik",1.1530577321086,0.311747063698856
"A730060N03Rik",0.272773814284555,0.172731843414147
"A730089K16Rik",0.480707056923185,1.26672459252614
"A830036E02Rik",0.377478304231845,0.0285439126187798
"A830052D11Rik",0.486122667357442,0.797937310375615
"A830073O21Rik",0.344693594849595,0.27950364038025
"A830082N09Rik",2.39561352156025,0.421394730976198
"A930007I19Rik",0.719125227739453,1.15066490465949
"A930024N18Rik",1.01598410097819,0.027314452722774
"AA387200",0.214528943235957,0
"AB041806",0.363448110749998,0.677592280717468
"AC061963.1",0.501811695668327,0.0922776712521681
"AC087902.3",0.15925064837905,1.22335076442536
"AC102103.2",0.439953545138223,0
"AC114585.1",0.313639103901234,0.202572017446762
"AC115735.5",0.498288626703755,0.584897794342313
"AC116950.1",0.247847880303243,0.0507824384247707
"AC117202.2",0.520929335926876,0.189217331776196
"AC117202.3",0.177620444772835,0
"AC122291.1",1.05083922768186,1.27892082359613
"AC122393.2",0.108922967428853,0.0992828931825225
"AC125351.1",3.26850631429932,1.33948338648788
"AC127578.1",0.1179346277932,0.225282503085038
"AC139513.1",0.469133395052751,0
"AC140267.3",0.211941310221027,0.286832997292108
"AC150314.1",0.238853390582666,0.484057592620363
"AC154227.2",0.393056671959326,0.0964987109071649
"AC154766.1",1.61725886251784,0.335266732470437
"AC157572.3",0.542791402440305,0.686443443519486
"AC157572.4",1.30969812743979,4.64726865427097
"AC157931.1",1.04146657483809,0.0373642109657347
"AC158554.1",0.0889581511188059,0.351375641522864
"AC161199.1",0.391350305239336,0.712256401993354
"AC161537.1",0.278269780371647,0.426194584921043
"AC162863.1",1.39257906571231,0.0594149519314425
"AC163040.1",0.368532318190602,1.91329192539243
"AC164879.1",0.0929412236180006,0.26133591760636
"AI593442",3.12718849955143,0.971051221588049
"AI606473",0.503975354188121,0.0591289609015523
"AI839979",0.749991136109808,3.53704515167754
"AL589670.4",0.431252012577097,0.211366080289982
"AU022754",1.14504669059841,0.109569220683112
"AW121686",0.235775016223187,1.31238272089867
"AW551984",1.39597086147,0.325805090246822
"AY074887",0.404709340515577,0.995873005814566
"Abca5",1.86111262601233,0.269814173219929
"Abcc8",0.44343360744463,0.101489411938267
"Ablim3",0.826664753492983,0.120230307743004
"Ache",4.12145753811346,2.25721222878937
"Ackr1",4.12813568126875,0.811208985984403
"Acr",1.43478728958876,0.0965628969405813
"Actl6b",2.12305438492825,0.154885098776689
"Actl7a",0.363993982738703,0.340331156056752
"Actn2",0.306411443588019,0.301183387926803
"Adam21",0.34599740014132,0.507289804494821
"Adamts14",0.198122072262179,0.174632898271342
"Adamts15",0.985601777337468,0.256496048816187
"Adarb1",1.44812255841511,0.976183364534756
"Adarb2",0.632568648945591,0.190271039176777
"Adcy1",2.32273451704525,0.151503067677497
"Adcy8",0.71310940370643,0.170944778192529
"Adcyap1",0.818490994096541,0.282218521276206
"Add2",1.74802561658269,0.162809490953472
"Adgra1",1.67420140617213,0.0774878610230629
"Adgrg2",0.228949134160413,0.180623332284194
"Adra2c",1.46055161162998,0.139661514843452
"Aff2",0.238293204300041,0.249858705555155
"Aff3",0.383542149719406,0.463869950246352
"Agtr2",0.294289869680059,0.214402230138735
"Ahi1",2.4368934704803,0.498422301897283
"Ajap1",0.603261056597075,0.0904315761591316
"Akp-ps1",0.511958805179695,0.0262206149825441
"Aldh1b1",2.3079408139403,3.27760836122498
"Alkal2",0.498322187502837,0.533260569242159
"Alox12e",0.191675125958045,0.328413383886993
"Aloxe3",0.506367062741092,0.291828200386617
"Amer3",1.00408533122119,0.0869165025049071
"Amigo1",4.29380480176216,2.73752364590744
"Amy1",0.967907142053674,0.448872128170782
"Angpt1",0.465888633146875,0.431607889143582
"Ankdd1a",0.393610640730371,0.558161216306428
"Ankmy1",0.377373112935981,0.177430290891388
"Ankrd34a",2.49106692945149,0.218482159769077
"Ankrd34b",1.00845986245312,0.191915502454446
"Ankrd35",0.853712193628362,0.639199984042393
"Ankrd42",0.973413871338741,0.440201540069658
"Ankrd45",1.21381261350743,0.267565995164057
"Ankrd55",0.232259056050386,0.31599147780196
"Ap1s2",4.0299858708064,5.55118365281397
"Ap3b2",3.31354104015483,0.197758433070688
"Aqp12",0.344888746858499,0.0304395817532379
"Arfgef3",1.01533383644376,0.165390280315389
"Arg2",0.827839362964146,1.82594970437875
"Arhgap20",0.487876803433954,0.150303419676613
"Arhgap44",1.32667509519343,0.188334550929037
"Arhgdig",2.70277204087903,0.304646495048886
"Arl13b",2.34718494326532,1.93569634867375
"Armcx1",4.74768654134919,0.923937330732016
"Arr3",0.301433185277297,0.308959121551449
"Arx",2.41613858141515,0.0806654607809191
"Asb14",0.664687507402264,0.698070407971962
"Asgr1",0.612029896400533,0.169922720245514
"Asxl3",0.608861925888682,0.198128363748887
"Atg9b",0.816397291199588,0.644965556330735
"Atl1",1.88932132800433,0.554629954545447
"Atp1a3",4.52542219933938,3.94756539514164
"Atp2b2",1.14626374866268,0.126057452291343
"Atp2b3",1.18679555851823,0.1083792494537
"Atp6ap1l",0.932729851779858,0.165825793108186
"Atp6v1g2",5.01129988256189,2.05324064373641
"Atp8a2",0.439855363829089,0.696341787589518
"Auts2",0.620313940128265,0.189090619878878
"Avp",0.361404388410428,0.0599481362397339
"Azin2",1.71040827534727,0.62377589945752
"B230208B08Rik",0.407909483631515,0.283258367529675
"B230209E15Rik",0.487767712323592,0.236443005688
"B230334C09Rik",2.41893022030404,0.603375947343219
"B3galnt1",2.08298238459841,2.17160426507706
"B3galt1",0.793271857135168,0.196978716515699
"B4galnt4",3.2649599093932,0.220795442934091
"B4galt6",2.49546992504383,2.14072799339886
"B630019K06Rik",4.95971385612955,1.94474422977769
"B830012L14Rik",0.358696047086731,0.250734720735762
"BC024139",1.08077954589914,0.00510854911754768
"BC030343",1.29059112142373,0.334420923055656
"BC030500",1.30200005283316,0.130138916074869
"Baiap3",1.05029688126549,0.46274049519463
"Barhl2",0.725805029294912,0.107900012980639
"Basp1",3.77984408283968,1.96898100815995
"Bcl11a",0.662774982797128,0.890607906991931
"Begain",2.09954267232765,0.152684221016976
"Bend4",1.55563209329653,1.18461027080006
"Bend6",1.72439819372637,1.24099493577427
"Bex1",4.98725477085019,0.296845476372554
"Bex2",7.04878541830413,0.526299988045894
"Bex4",4.51245909650433,0.229944373250893
"Bhlhe22",2.82901849860435,0.174667413280497
"Bicdl1",1.35149699983382,0.51716998546337
"Bmp3",0.408656749143931,0.253181486435924
"Bmp5",0.28112858209574,0.192074813029175
"Bsn",2.07571476788559,0.320664548593586
"Btbd11",0.419603801313217,0.115325349788616
"Btbd8",1.46797385524119,0.580011048578088
"C030014I23Rik",0.489602028269397,0.158145580702599
"C1qtnf1",0.321924513262494,0.0653100610671002
"C1qtnf4",4.05983254728224,0.468015661654314
"C230004F18Rik",1.18499278797185,0.151996521746138
"C230021G24Rik",0.667659243293575,0.29733888410195
"C530008M17Rik",1.38562911964059,0.275488552265091
"C78859",1.09587858666025,0.245685491742366
"CT025678.1",0.501942976375875,0.626623785943308
"Cabp4",1.01436582739578,0.652857826688393
"Cabp7",1.2284874484184,0.0615676347904901
"Cabyr",1.97272935071388,1.21095400270274
"Cacna1a",1.29099091480744,0.257578413933646
"Cacna1b",1.05660039577172,0.148544149318921
"Cacna1c",0.697045864813198,0.131975598897335
"Cacna1f",0.167990762820295,0.522797474600843
"Cacna1g",1.95089308726364,0.0590952822003972
"Cacna1i",0.568384679657642,0.112075014361536
"Cacna2d1",1.20052203233767,0.192757649481197
"Cacna2d2",1.26087996403279,0.0402002110632829
"Cacna2d3",0.438747990830858,0.140099882927989
"Cacnb2",0.307834606267977,0.661927462165082
"Cacng2",0.48174406714431,0.101903329747144
"Cacng3",0.444264388369151,0.161981700276252
"Cacng5",1.85623345446114,0.107763270356596
"Cadm3",3.90487354623604,0.145114502920902
"Cadps",1.02573162725798,0.175200239071133
"Calb1",0.939273504106682,0.309249651629485
"Calb2",1.81264920887374,0.0955591128752784
"Calca",0.85191867442295,0.0262737924874033
"Calm2",6.91630031499003,7.13338031077656
"Caln1",0.322496104878527,0.175176201355597
"Caly",2.70529675763217,0.315686158966574
"Camk1g",1.67471383505909,0.0800511824068945
"Camk2b",2.77219856920283,2.0252363475073
"Camk4",0.758964941973036,0.280022507060334
"Camkv",3.4105748440525,0.402964182610726
"Camsap3",2.12573965504917,0.250782190660642
"Camta1",0.65020570932264,0.364279524190934
"Capn12",0.360473434816885,0.248266402720687
"Car10",0.515003934979909,0.174610836164194
"Carmil2",1.89516316041386,0.781925520637706
"Casp3",4.37569956929522,2.9615219822876
"Casz1",0.405385445940745,0.357717681742736
"Catsperg1",0.251888063757303,0.823721343242977
"Cbarp",4.5721290011609,0.303749700549627
"Cbln2",2.27992058860073,0.258689821779983
"Cbln3",0.791086097212486,0.510732349134063
"Cbln4",0.910879338674818,0.311949316226129
"Cbx7",1.48933403253234,1.45891905081071
"Ccbe1",0.379077656415202,0.172993962672861
"Ccdc112",1.20268802030058,0.793314100759084
"Ccdc116",1.02980132914986,0.472722886582329
"Ccdc120",1.86986389310227,0.125439044280395
"Ccdc149",1.37379025684952,0.385587661612125
"Ccdc151",0.937401519157604,0.14063628944957
"Ccdc177",1.79593677908263,0.0732540109696807
"Ccdc184",3.86481855580893,1.30022940230079
"Ccdc188",0.764373391369094,0
"Ccdc6",2.14728864112745,1.01171358650842
"Ccdc92b",1.49384066960128,0.711880725182666
"Ccin",0.688397536026495,0.678981689990464
"Cck",3.40882007883784,0.287889729497549
"Ccl27a",4.8563222267799,0.801370533663142
"Ccnf",1.23644136710851,1.39308120618906
"Cd200",3.47652408569568,0.738645156497922
"Cd24a",4.1890079762305,5.88929258775048
"Cd274",2.00712546549839,1.97310933655294
"Cdca7",2.39902091684836,2.43853228512265
"Cdh4",0.804374791336791,0.0939043412809986
"Cdh7",0.237681714962245,0.549287279524181
"Cdhr1",0.821361591910306,0.0899368500597382
"Cdk5r1",6.18844433651248,1.78062658795878
"Cdkl1",0.454700356805982,0.159836472776901
"Cdkl2",1.22567533621686,1.16669587697183
"Cdkl4",0.441063974537106,0.914786021029389
"Cdon",1.52307821617461,0.292752649268865
"Cdr1",2.37728288219265,0.958389117304734
"Ceacam16",0.590089443439622,0.130591449196539
"Celf3",2.82333626844311,0.601940002453686
"Celf4",1.06361562371616,0.266557566349429
"Celf5",2.22476953276545,0.024921988580936
"Celf6",1.08278971914734,0.13721361291628
"Celsr3",2.30936219050218,1.36613826524321
"Cep170b",2.91446815830225,0.384854029175922
"Cers6",0.519916593254781,2.64778130269064
"Cfap69",0.611594854233893,0.161290351132444
"Cgn",0.874157020313857,0.181730090225495
"Cgref1",2.20200028710354,1.00862684471591
"Chac1",3.38505744779423,1.0994362535997
"Chat",0.201244393259232,0.111367457866435
"Chd3os",5.40624406735303,3.60805195696246
"Chd5",2.22572030491718,0.122123410216151
"Chgb",3.63393141430811,0.279012619294822
"Chl1",2.00544639738281,0.60029805189199
"Chodl",0.606910592578844,0.14613064084401
"Chrm4",3.00426380931746,0.241918232745045
"Chrm5",0.55654336890262,0
"Chrna3",0.493961974736718,0.135866153211256
"Chrna7",0.431052089110502,0.18536393476933
"Chrnb2",2.25407571651992,0.322199488221017
"Chsy3",0.428315073521408,0.364025437439408
"Cib2",2.41246695595315,1.57052368197507
"Cilp",0.226500896956617,0.216773267068564
"Cit",1.31695083289026,0.281919051239794
"Cited2",6.21189210805161,7.25989650231638
"Ckmt1",3.60513056513752,0.432358257679526
"Clcn1",0.648157262202193,0.192386715348129
"Cldn3",0.845506123471037,0.0215216647767466
"Clec2l",2.71017216033059,0.268828621339201
"Clmp",0.335413327158947,0.184731227808519
"Clstn2",0.78619336469625,0.149505422644581
"Clstn3",2.97388804877307,0.180227025549802
"Clvs2",0.484129956876687,0.0972535659522891
"Cnih2",5.34355940020451,1.01494010271168
"Cnnm1",0.994850755334996,0.0824700431514739
"Cnr1",2.36669675260218,0.212714662851874
"Cnrip1",2.45179052029534,1.30921841959879
"Cntnap2",0.370623477218572,0.194622566626353
"Cntnap4",0.241974243657316,0.178446517812478
"Coch",0.896317850212177,0.756612341686482
"Col11a1",1.12871493331163,0.225366352265159
"Col24a1",0.259227306580187,0.133531512232534
"Col25a1",0.238183779845007,0.263257447627404
"Col6a1",1.57383001603074,0.0493816514519193
"Col6a2",2.32725265335668,0.0963929872528409
"Coro2a",0.473003052872467,1.56636024300205
"Cort",2.16095456349897,0.520839767303044
"Cpeb1os1",0.92142638983097,0.0738317271274875
"Cpeb3",1.10613088188257,0.75641112454534
"Cplx1",3.0066204152983,0.374278861312934
"Cplx2",5.23104296235495,0.396933156346369
"Cpne5",0.528408349354944,0.185722151637949
"Cpne6",2.63706339004802,0.321895355619321
"Crabp1",0.730623869556124,0.134253033976585
"Crabp2",1.68056564540856,0.154494383426344
"Crh",1.07543484783985,0.0141597192610099
"Crhbp",0.879540465622284,0.128749429239619
"Crhr2",0.182515652463625,0.0738484970557803
"Crmp1",2.39923414606951,0.128691390328771
"Csrnp2",3.96636897136931,1.98527493853879
"Csrnp3",0.779251079448165,0.201973635431948
"Cstl1",0.200568989200645,0.0892439737415335
"Ctrb1",0.585917779245158,0.179597234718228
"Ctxn2",0.621259455457231,0.166554295752332
"Cx3cl1",5.35855435033651,0.393187339204747
"Cxadr",2.1550035230919,0.66520593395546
"Cxcl12",5.05781185363246,2.86631981715697
"Cxxc4",2.03216253473622,0.206243457111201
"Cyb561",1.57544487214417,0.761406513928584
"Cygb",2.57433373146961,0.251462537009425
"Cyp2s1",0.370210191670783,0.348593759852933
"Cyp2t4",2.04132914322501,0.819156503527552
"Cyp4x1",0.559070641995878,0.710925368159196
"Cyp4x1os",0.141779433575122,0.373954817548009
"D030028A08Rik",0.314899468993945,0.412978257443106
"D130043K22Rik",0.469449969456834,0.27482741090047
"D430019H16Rik",2.8010465670599,0.081808518047383
"D430041D05Rik",1.15454269829061,0.149094710058457
"D6Ertd527e",0.506520980315418,0.393548555450133
"D830036C21Rik",0.86550235560512,0.588987320762865
"D830044I16Rik",1.70512643728789,2.22896236949059
"Dach1",0.703552922777951,0.442092546342651
"Dact1",2.57727891071934,0.379934299992291
"Dapk1",1.67709566794282,2.10495976343684
"Dbn1",4.98787388925443,0.51236201066138
"Dcx",2.09018180249795,0.204559476312502
"Deptor",0.417323668614351,1.27084443971913
"Dhrs13os",0.813983334461161,0.194846764103323
"Diras1",4.19101643726709,0.252497423363203
"Diras2",2.82748800736912,1.07943868679758
"Disp2",2.80959387613557,0.228456467604292
"Dkk3",3.03343176860388,0.286707157912105
"Dkkl1",0.855917308034212,0.883601789097157
"Dlg2",0.547298266989303,0.194164949730085
"Dlx1as",0.650746862775643,0.0159872655924816
"Dlx2",2.42647392338913,0.0649606833863161
"Dlx5",1.00635473496787,0.0600269831773662
"Dlx6os1",0.813185000895252,0.120773772482542
"Dmrt3",0.973264052333027,0.0830831941584573
"Dmrta2",3.26701194696906,0.183346952171885
"Dmrta2os",1.99810026975783,0
"Dmtn",2.39922639306634,0.647237805478116
"Dnah1",0.543088827423041,0.0452001034104792
"Dnajc27",3.55577294863246,1.70934076376101
"Dnajc6",1.51279368320944,0.235590097695628
"Dnm1",3.93922911031692,0.443907932476197
"Doc2a",1.17261554132355,0.0123806528673449
"Doc2b",0.727519285613258,0.13648465474695
"Dpysl3",3.18477187056811,0.691863274285215
"Dpysl5",1.67556861207016,0.160563154765318
"Dram1",0.656876856373113,1.69316665326165
"Draxin",1.40006166218409,0.774179734625954
"Drd1",1.6311119972333,0.554819608551789
"Drd2",0.338228908694152,0.151242894243312
"Drd5",0.385018356300427,0.144636854441074
"Dscaml1",1.23243948417309,0.0929878899903364
"Dsp",0.528984699170583,0.198423453153377
"Dusp13",0.307823997840961,0.21291461836294
"Dusp14",1.97191898957911,0.582664401931063
"Dusp26",3.59032925422338,0.327976281882303
"Dusp4",4.03997749102164,0.60190240364561
"Dync1i1",0.702965200230114,0.206093766411231
"Dzank1",0.61394910442238,0.160133126103829
"E030013I19Rik",0.198013140000362,0.0889285807067486
"E130006D01Rik",0.328583365741044,0.133524198185208
"E130102H24Rik",1.40311246553229,1.16824301063073
"E330013P04Rik",0.879793099573964,0.325167517203694
"E530001F21Rik",1.05366497216028,0
"Ebf3",0.787675907750602,0.429361611381093
"Ece2",2.37873220679278,0.235770288328896
"Ecel1",1.42509016478225,0.158510115734792
"Eef1a2",5.37745774133554,0.147198867791542
"Efna3",1.62636897586802,0.0926779950007969
"Efnb2",2.53053749437202,2.02652746129227
"Elavl2",0.739079348497729,0.280909099652715
"Elavl4",1.19876130160156,0.320635154117278
"Elmod1",1.4284115108243,0.162160088127859
"Eln",2.75635265527657,0.164327876477827
"Eml5",1.74289375409382,0.599965283240336
"Emx2",2.82894802968465,0.101390553274841
"Eno2",5.67946161258581,0.472533610874336
"Enox1",0.525328888004843,0.166476088032024
"Eomes",0.665269902955281,0.636584277782656
"Epb41l4a",1.00185842684965,0.161340849173411
"Epha10",0.97761491212104,0.0968399099554193
"Epha3",0.345713727947066,0.203855281244407
"Epha7",0.519887485277594,0.192891976597324
"Epha8",0.475403725217366,0.0808577188205774
"Ephb2",0.546108332040827,0.0762457214777208
"Ephb6",3.58772138035632,0.416399042945524
"Erbb4",0.630935172086596,0.184652929877015
"Erc2",0.569435139234363,0.16254810503338
"Ero1lb",2.17858064890829,2.98547473225789
"Eya2",0.555087998288013,0.11827781335978
"Fam131c",0.682854443598812,0.101680812196104
"Fam155a",0.722667058958229,0.146181580971038
"Fam159b",0.281863572420797,0.312307747875317
"Fam163b",1.2755553571791,0.158885096789228
"Fam167a",1.56010124743467,0.20262238103664
"Fam169a",1.49703109877769,0.35462441862831
"Fam171a2",4.53007793837998,0.228603311263262
"Fam183b",0.641207014626811,0.259264196599166
"Fam184b",0.69444717382962,0.188950379179351
"Fam189a1",0.630333978239982,0.16440365089952
"Fam209",1.400463729886,2.17486402433445
"Fam219aos",0.392879420839147,0
"Fam241b",1.05928261295172,0.130598697943801
"Fam43b",1.45830260463781,0.103540945405542
"Fam49a",0.667488570118905,1.60583853299344
"Fam57b",2.50684080431642,0.138482172765022
"Fam78b",0.630707846589787,1.37414645479118
"Fam90a1b",0.188407091386148,0.202698971953663
"Fasl",0.239139941552156,0.78414766535613
"Fat3",0.96695632578641,0.493072495668351
"Faxc",1.57877554377583,0.247597657620072
"Fbll1",3.70652622404007,0
"Fbxl2",0.972326701965298,0.632514398698427
"Fbxo41",2.2715619958173,0.135827182978674
"Fcer2a",0.505999272761335,1.51414162275511
"Fgf12",0.803155943105183,0.184367227307368
"Fgf13",0.520277964370956,0.501713206464257
"Fgf3",0.190832589976579,0.0790960190866184
"Fgf9",0.302926296561443,0.19046910205069
"Fibcd1",0.777215723089342,0.0852322570067404
"Fibin",1.74305410738525,0.347876683528832
"Fitm1",0.243974987574096,0.323619954530505
"Fkbp11",2.1400551329052,2.73721236215661
"Fkbp1b",2.2133457773029,3.95606775696894
"Flywch2",1.80302610050106,0.39485739502916
"Fmn1",0.326852525400229,0.463609552510801
"Fnbp1l",2.6872035905701,0.790759863854961
"Fndc3b",1.38004670093346,1.87207978071222
"Fndc8",0.889973320634509,0.363094907171087
"Fosl2",4.66819143793065,3.4602993546064
"Foxo6",1.92719938582667,0.0554028848581348
"Frat1",4.01044222702798,3.27080524658506
"Frmd3",0.375263678931819,0.208772503017939
"Frmpd3",0.876814123860703,0.223987792812644
"Fscn2",1.09565431281485,0.67203980996097
"Fstl5",0.296288784537482,0.152362211773096
"Fut7",0.762589689833764,2.79980338446518
"Fxyd4",0.709307603124983,1.37981066190048
"Fxyd7",2.35319915027111,0.386193428495174
"G730013B05Rik",0.209970714514877,0.602934615621985
"Gabra1",0.859092134101098,0.257697257376697
"Gabra2",1.17603406654323,0.203424241237669
"Gabrb3",0.843051695880655,0.168810316958774
"Gabrg2",0.211574765227834,0.0732866293645062
"Gabrg3",0.487391030619193,0.176291929272308
"Gabrq",0.572427423229613,0.137499071702781
"Gad1",2.2012012895451,0.476422750065151
"Gad1-ps",2.22838442874446,2.97450949139609
"Gad2",1.11657000264622,0.245700286278988
"Galnt14",0.309548214279346,0.149675470224606
"Galnt9",0.483468084365993,1.26468747114854
"Galr1",0.285627260282688,0.234783505719349
"Galr2",1.71666250362782,0.479216194191879
"Gap43",1.96237354001435,0.178382655494805
"Garnl3",1.31347053579388,2.3578672830654
"Gatsl2",3.5428778287024,1.71411243343594
"Gbx2",0.357162924393061,0.208798196757759
"Gcgr",0.487847052184896,0.262054939391852
"Gda",0.714995648345877,4.20849090093672
"Gdap1",2.72000732230036,0.366884143506246
"Gdap1l1",3.21755481742536,0.416757663695178
"Gdf5",1.04807527546599,0.0498781046169132
"Gdnf",0.494684850476263,0.0768003046665095
"Ghsr",0.376654407824231,0.0577014971695916
"Gipr",1.06202036580072,0.159558412489332
"Gjd2",1.09809694416267,0.110594918922924
"Gjd3",0.805456230858832,0
"Glb1l2",0.52043270466617,0.195501473749467
"Glra2",0.244557391390064,0.168007149325291
"Gm10038",0.510181914313811,0.452732259255477
"Gm10046",0.387909141282763,0.104321454150658
"Gm10160",0.282577037236576,1.29866930793134
"Gm10419",2.0215738196239,0.409183897175011
"Gm1043",0.329467413625756,0.0843992862091576
"Gm10654",0.34972565343612,0.324104589554232
"Gm10657",0.469344723968032,0.639175985131312
"Gm10727",0.141752305480694,0.225134673460678
"Gm10775",0.865474133010993,0.199334943749001
"Gm10805",1.13512879710562,0.0638061854718294
"Gm10837",0.261296730840966,0.326893324603314
"Gm10985",0.0797091275740157,0.169383139646524
"Gm11100",0.322071149153237,0.35006195160777
"Gm11203",0.106991269138226,0.413354122761624
"Gm11223",10.5550838739558,0.292445100676563
"Gm11248",0.148412483995959,0.166290331048047
"Gm11271",0.106464236058732,0.569498516692293
"Gm11471",0.12227260819222,0.263422657865973
"Gm11509",0.0824210298027343,0.0644752355936669
"Gm11625",0.45566438608592,0.361381558431868
"Gm11729",0.171458308224461,0.0948862895506106
"Gm11747",1.14456299902791,0.277175599045184
"Gm11790",0.350192130434435,0.115984547081469
"Gm11830",0.0987183760836714,0.403433138077031
"Gm11874",1.34581343779006,0.326275623191426
"Gm11885",0.508793127012688,0
"Gm11902",0.375955650475995,0
"Gm11972",0.41556803897342,0
"Gm12059",0.447049971908295,0.254563444847069
"Gm12063",0.952648998705643,0.0816491644525194
"Gm12151",0.263032916457198,0.284247432169857
"Gm12213",0.0778193281289343,0.139310381315227
"Gm12281",0.585361728527016,0
"Gm12297",0.250196825609145,0.312764361089357
"Gm12309",0.484263394872443,0.446016296095241
"Gm12412",0.192810136009871,0.136143172144179
"Gm12504",1.09724663319302,1.72822281541288
"Gm12516",0.372215642203493,0.127131020505887
"Gm12622",0.0735868029235714,0.249001207683542
"Gm12709",1.13831772409044,0.0596898735567519
"Gm12956",0.159674395397908,0.213980574523723
"Gm12967",0.0892569164074171,0.148566500094604
"Gm13423",0.651884466529305,1.28316824125605
"Gm13491",0.214885533342458,0
"Gm13542",0.490513934803649,0.39712124861951
"Gm13687",0.582569047669848,0.202545323629265
"Gm13997",0.593159589220668,0
"Gm14004",0.31093152223537,0.255127792681708
"Gm14042",1.55560581226638,0.306776088729552
"Gm14159",0.165777870228104,0.11767767751688
"Gm14197",0.292038349860714,0.2610392814464
"Gm14204",0.666157955758262,0.149130061129887
"Gm14415",0.362059169496681,0.257086245255872
"Gm14489",0.28675188547691,0
"Gm14506",0.677083500260276,0.589263400302672
"Gm14508",0.607524076036358,0.391536926464058
"Gm14532",0.322556244312579,0.456824798814407
"Gm14534",0.137253691575196,0.181433391040262
"Gm14799",0.62595778567053,0
"Gm14820",0.297147925304247,1.49073857896256
"Gm14824",1.19649346118274,0.424305488268307
"Gm14827",1.02752254288833,0.155323906425157
"Gm14875",0.379738125633223,0
"Gm15016",0.767986381837178,0.0931007407437925
"Gm15180",0.0991987412951043,0.112027688368823
"Gm15264",0.397521505451919,0.147958931355173
"Gm15328",0.866002455567295,0.306501072514183
"Gm15352",0.368990649124866,0.206059480579673
"Gm15379",0.79518338326707,0.215118925651348
"Gm15384",0.2736320781642,0.33204315861653
"Gm15411",0.36046727377214,0.235218327725939
"Gm15458",0.334173528871403,0.44920470427254
"Gm15494",0.61094134848076,0.0502211437893927
"Gm15518",0.353348822040294,0.328061887742049
"Gm15533",0.573252815587967,0.586035764035244
"Gm15553",0.116450500240766,0.112656902799086
"Gm15721",0.532948251378404,0.0760654292559211
"Gm15750",0.516603380232232,0.296842920198269
"Gm15760",2.55670474976721,1.4689406189848
"Gm15847",0.21568300792124,0
"Gm15892",1.29391924709801,0.580272679306388
"Gm15917",0.445976240121517,0
"Gm15918",0.633295297042428,0.318444396054057
"Gm16099",0.992609660844635,0
"Gm16248",0.137067054657461,0.324650892579726
"Gm16485",0.973130728300547,0.325194396292318
"Gm16618",1.04192400991064,1.26345411429466
"Gm16701",0.548540679920081,0.604504079097382
"Gm16853",1.44830295455001,0.475174550835227
"Gm17023",1.0400008821296,0.726085364007057
"Gm17366",2.41067782383728,0.3648794174857
"Gm17619",0.483329320776243,1.17644329476216
"Gm17750",0.973384285229385,0.194960091067434
"Gm17983",0.266973171516314,0.227682247545632
"Gm18073",0.24481665406159,0
"Gm18294",0.688915981368614,0.485754725083829
"Gm18406",0.498988432498362,0
"Gm18592",0.347418299623211,0.834712241747521
"Gm18706",0.301903470195627,0.0662518961983525
"Gm19032",0.331833226410263,0
"Gm19498",0.623634038362744,0
"Gm19688",1.09364501907886,1.50219148008542
"Gm19777",0.534008726764771,0
"Gm20208",0.219425630059633,0.0447773081122849
"Gm20635",1.08254929648702,0.147356671321936
"Gm20644",0.421532937074144,1.65305605134636
"Gm20655",0.198483150628325,0.244669963294247
"Gm21850",0.157657065844227,0.264135098841453
"Gm21960",0.353205029154644,0.222824470679834
"Gm21984",0.507440114100755,0.0261734652499823
"Gm22019",0.356913163091967,0.638196188015492
"Gm22082",0.0901893463607207,0.375343288291354
"Gm22165",0.536259889382825,0
"Gm22205",0.444064954138066,0.517984136179506
"Gm22513",2.90297127880306,1.40008886002644
"Gm22541",0.105140347074047,0.212410689083739
"Gm22965",0.726527088469111,0.286193660530729
"Gm23118",0.171046502678709,0.0933193989057
"Gm23140",0.349454288923736,0
"Gm23213",0.431046892967384,0
"Gm23257",2.61981473188545,0
"Gm23470",0.442736665941995,0.206862527610793
"Gm23492",0.103537170261501,0.219147823066484
"Gm23555",0.0933753606875428,0.126277045811976
"Gm23626",0.220343662136478,0.265125725394839
"Gm23680",0.126950697015257,0.181970113029127
"Gm23787",0.565591624891766,0
"Gm24258",0.494779138363651,0.460778090072715
"Gm24305",0.469966912737038,0.364345710276024
"Gm24537",0.680777822032349,0
"Gm24598",2.96185323133004,0
"Gm24705",0.108308623461094,0.225095585256393
"Gm24836",0.116127018030224,0.225734669948518
"Gm24892",0.584900976294924,0
"Gm2492",0.153371726206426,0.15800013902432
"Gm24923",0.942285728363561,0
"Gm2495",0.210126099118243,0.229967898874819
"Gm24963",0.0894640362377714,0.198438661073288
"Gm24993",2.01598279877245,0
"Gm25076",1.9466043532846,0.658971979513008
"Gm25133",0.0957105629917571,0.322453493780574
"Gm25186",0.415228228243862,0.224326199155175
"Gm25224",0.587494772178953,0
"Gm25252",0.15074215114548,0.121044002124344
"Gm25267",0.323650210840439,0.341616874515921
"Gm25421",0.311064786396869,0
"Gm25434",0.0808807051967814,0.180554547165708
"Gm25455",0.313548197606634,0
"Gm25533",0.268654097731138,0.241395347339637
"Gm25539",0.0997195241840307,0.214301563728471
"Gm25607",0.539524201398748,0
"Gm25735",0.0738672348509093,2.23225031631334
"Gm25813",0.169283808572916,0.459665196770088
"Gm25854",0.345749784633574,0.258353821121584
"Gm25856",0.359855595484945,0.245766013568873
"Gm25933",0.288121408141286,0
"Gm26043",0.119466884333337,0.238582443016416
"Gm26151",0.273939152611116,0.273933236071729
"Gm26241",0.112215362587199,0.227389204564054
"Gm26249",0.295738667987501,0
"Gm26331",0.349825331429765,0
"Gm26339",0.404638450917776,0
"Gm26507",0.486645865798217,0.0607343437652728
"Gm26515",0.465241028903851,0.334248215062521
"Gm26580",0.395832263517462,0.0579540943271789
"Gm26623",0.279994154224113,3.88206647855762
"Gm26686",0.116133257922032,1.2491585073065
"Gm26698",0.203006202013833,1.1388839882938
"Gm26761",0.379645763513454,0.33606031329028
"Gm26871",0.482729586342086,0.185162240573196
"Gm26875",0.119011711811414,0.447516526000244
"Gm26876",0.716997614380305,1.0619612054005
"Gm26879",0.327439795874538,0.519005535400169
"Gm26897",0.540897597102184,0
"Gm26901",0.389187407469948,0.451368324545946
"Gm26937",0.20086461276642,0.309300867681839
"Gm27000",4.54587301899447,0
"Gm27032",2.17520543746338,0
"Gm27178",0.140977954401346,0.211509827717003
"Gm27199",0.700219002438561,0.13755657523105
"Gm27243",0.711737997947509,0
"Gm27253",0.305226531378066,0.303257875976497
"Gm27350",0.893974186340814,0.232390926250805
"Gm27379",0.527558733288729,0
"Gm27901",0.365535982290475,0
"Gm28111",0.295830376640282,0.0635000474727188
"Gm28263",0.0777479746172171,0.117356241959708
"Gm2829",0.0983013091984836,0.164776162993449
"Gm2830",3.22982400129453,0
"Gm2860",0.14687819717297,0.0890830158767381
"Gm28669",0.165474081133643,0.546765311123181
"Gm28784",0.133399818929417,0.173373817433368
"Gm28876",0.209817888170097,0.204283456155135
"Gm29155",0.219563735655193,0.498169540306994
"Gm29156",0.893669663076103,1.71922813234263
"Gm29374",0.405203590510664,0.234596620082528
"Gm29483",0.564669346867169,0.076802414638088
"Gm29543",0.575664680903698,0.0768986012979931
"Gm2974",0.257852632784194,0.144728540364399
"Gm30003",0.19652896995886,0.181009825884982
"Gm3028",0.0988885102389614,0.268771896615216
"Gm3084",0.246652733255675,0
"Gm31256",0.175923946395539,0.111579960527792
"Gm31373",0.280873019020593,0.650039684959692
"Gm31479",0.32750767119614,0.34721335163555
"Gm31579",0.738944071289866,0
"Gm31938",0.312965875329671,1.08032283961995
"Gm3198",0.221668271816392,0.040363265896392
"Gm32281",0.170010612111996,0.137644053681635
"Gm32444",0.573655153554666,0.33929360341076
"Gm32710",0.0904012552345731,0.308147865142667
"Gm33312",0.149940647643058,1.5583647139933
"Gm33707",0.225585961279255,0.347428806082523
"Gm34073",0.251804657770579,0.234696968588329
"Gm35025",0.851127343875251,0.807602692966505
"Gm3510",0.512023824123973,0.140172195941423
"Gm35106",0.557210920854967,0.203559751673253
"Gm35842",0.388699657695377,0.315577984094322
"Gm3619",0.132152150397248,0.233865072711739
"Gm37012",0.490909814062434,0.254692337759916
"Gm37035",0.351067681209817,0.51378172135303
"Gm37095",1.75130466091875,1.66755547883183
"Gm37226",0.763853675943989,0.987914351383273
"Gm37238",0.590625023272816,1.61484120743453
"Gm37242",0.610484773068303,1.57933207526362
"Gm37284",0.756040665987098,0.42752097151525
"Gm37317",0.316077095168591,0.494478204125313
"Gm37359",0.366425483477016,0.140789604692045
"Gm37567",0.115727450940411,2.18793969680945
"Gm37711",0.888998227754574,0.21586475606637
"Gm37714",0.735170104043234,0.235113182911163
"Gm37744",0.281718947457415,0.31957721794036
"Gm37785",0.952806961493693,0.315869719658919
"Gm37899",0.358404081794825,0.312611573030896
"Gm37928",0.834044572121943,0.0926146630464046
"Gm37935",0.607060833087872,0.355764763204121
"Gm38122",0.255836517327469,0.0769145891199819
"Gm38214",0.882389479101107,0.876012107523089
"Gm38308",0.733623408483832,0
"Gm38309",0.8957826892704,2.32062677155787
"Gm38364",1.43874371047782,0
"Gm38383",0.255251863282586,1.56527779990279
"Gm38393",1.85400813578744,0.13202804078912
"Gm38534",0.946036653490899,0.0643247266873846
"Gm39363",0.552295430119186,0.659160985187208
"Gm3963",0.153793784335047,0.110034886128799
"Gm40841",1.4877463198145,1.16257230361745
"Gm41192",0.254870751934425,0.0664637806429027
"Gm4211",0.483806436438632,0.167934999685837
"Gm42372",3.62998139480791,0.844228256135671
"Gm42423",0.353161599027409,0.0434859546869894
"Gm42456",0.591255171577991,0.500849819340565
"Gm42460",0.413900630171899,0.239282585500183
"Gm42530",0.295623514134549,0.0618520357225325
"Gm42568",0.770379468049734,1.3874207279289
"Gm42616",0.239550458367054,0.626271223074323
"Gm42647",0.331620231856633,0
"Gm42654",0.259288402838776,0.0148315667449096
"Gm42655",0.539415301957447,0.0279859358294344
"Gm42741",1.3200927622353,0
"Gm42755",0.101717343821367,0.850567470105317
"Gm42797",0.36260416474372,0.354513688245961
"Gm42849",0.525862993848934,0
"Gm42851",0.446770581028012,0.13719774828863
"Gm42885",0.235455099195526,0.523352887100758
"Gm42894",0.321418065508581,0.657829601038237
"Gm42944",1.1992343938893,1.60881044647207
"Gm42980",0.444876203109169,0.423315429254496
"Gm43012",2.56280129031361,0.184071172065604
"Gm43137",0.59210191535785,0.413415875699766
"Gm43174",0.228073898912252,0.16457776885217
"Gm43175",0.248506649002642,3.76126359579009
"Gm43176",0.196558879264523,0.547525816034704
"Gm4322",3.37721231382534,0
"Gm43268",2.31647460061648,1.43155247836166
"Gm43279",1.4617913381582,0.216406149087738
"Gm43326",0.137781718396469,0.124652036784759
"Gm43364",0.227535867443259,0.370837011269165
"Gm43431",0.595982029274651,0.128252640254607
"Gm43443",0.29386494718179,0.264410585023735
"Gm43446",0.232861593895986,0
"Gm43461",2.0376921035296,3.63598417197147
"Gm43517",0.582159454973187,0.0193227279167133
"Gm43606",0.218710273710783,0.993903032850907
"Gm43690",1.78368948723986,2.4949288515802
"Gm43701",0.154844622824951,0.253157670537618
"Gm43714",0.405899728625688,0.888314395733534
"Gm43778",0.0714505320893271,1.1645868752352
"Gm43818",0.171585710553565,0.107545867774623
"Gm43835",0.435148509281024,0
"Gm44007",0.231602499896845,1.10921369956021
"Gm44059",0.287530393628456,0
"Gm44155",0.493410383073329,0
"Gm44156",0.450356399202108,0.0666808275334981
"Gm44182",0.335154855526997,0.219147823066484
"Gm44214",1.26114205041566,0.328529149962342
"Gm44340",0.42874004625532,0.144149878691044
"Gm44429",0.189477431903884,0.178227346895329
"Gm44453",0.346206991563959,0.561155999449626
"Gm44644",0.422032065355292,0.585375130275912
"Gm44718",0.997301740326358,0
"Gm44742",0.532492451672521,0
"Gm44743",0.166971161490025,0.416751967818597
"Gm44809",0.147938433705265,0.383940691117661
"Gm44811",0.400979327554884,0.0822076420495631
"Gm44812",0.316224657222368,0.221747531643925
"Gm44813",0.223661345497673,0.2222600492086
"Gm44946",0.356843671612416,0.0933238331009513
"Gm44948",0.586422835345466,0
"Gm44957",0.401472023068911,1.41309817808376
"Gm45098",0.155626421524401,0.283348218692134
"Gm45104",1.0991053475745,0.473156810091038
"Gm45151",1.23537436154378,1.29685945568593
"Gm45178",0.108583860631286,0.426866579424806
"Gm45179",0.21405264837914,0.646616637692475
"Gm45205",0.833734055134831,1.99331363968411
"Gm45446",0.696114853694223,0.170324285576463
"Gm45533",0.75302339046371,0
"Gm45750",0.20116647968067,0.46296390184293
"Gm45881",0.302106685597019,0.129994238892152
"Gm45884",4.24340432689542,1.35382646576142
"Gm4607",0.395576158630357,0
"Gm46194",0.609319165869492,0.820240502011994
"Gm46332",0.305895315669459,0.288123325384099
"Gm47033",0.665561159703009,0.420557740755553
"Gm47113",0.826563571094138,0.26376820441501
"Gm47163",2.99346572193995,0.232249883212628
"Gm47383",0.342835165171944,0
"Gm47647",0.129341607868751,0.296353244118694
"Gm47692",0.663091830677994,0.331975703087796
"Gm47749",0.367886294175356,0.0976573630545862
"Gm47762",0.313658023115846,0.0823411315165831
"Gm47793",0.185948957919468,0.302319394779847
"Gm47851",0.128950252727072,1.0346557130865
"Gm47899",0.245594794967575,0.770275761022412
"Gm47982",1.96307477995233,0.142898930132567
"Gm4810",0.209663116889714,0.0460139275541147
"Gm48102",0.484946046615617,1.46780549487694
"Gm48233",0.181088239356208,0.325584653146888
"Gm4825",0.680709714094901,0
"Gm48327",0.109745050025643,0.385029500439804
"Gm48408",0.808906445824895,0.65351136169866
"Gm48485",0.31651794543309,0.165071578451047
"Gm4853",0.688304853375485,1.87578322805823
"Gm48623",0.924848262576724,0.150099090391807
"Gm48690",0.210341149664699,0.218282147523439
"Gm48695",0.163030894460308,0.345534937058831
"Gm48728",0.117772318113854,0.171246667523959
"Gm48744",0.177316486723898,0.0778046998687694
"Gm48751",0.11903355331828,0.344765161249427
"Gm48755",0.128989595564451,0.372343182008194
"Gm48757",0.136249849839756,0.115741080142321
"Gm48758",0.203191430180745,0.108287296112192
"Gm48761",0.160963445211622,0.880714391664809
"Gm4889",0.591898696344439,0.284408722453407
"Gm4890",0.487209560008095,1.06789557089017
"Gm4943",0.250048692428979,0.5204161711569
"Gm4969",0.543456764977677,0.158885215437247
"Gm5224",1.06721456703318,0
"Gm5302",0.0714505320893271,0.117685449577729
"Gm5395",0.132162202674379,1.08340044242892
"Gm5400",0.132800167392929,0.0721733534317925
"Gm5406",0.540363599012567,0
"Gm5424",4.0965928222583,0
"Gm5441",1.31999694136817,0.126228160934579
"Gm5461",0.269552237268686,0.386386981277803
"Gm5468",1.17197232898508,0
"Gm5741",1.47682803725575,0.655282624653582
"Gm5940",0.25424351433229,0.133745377908553
"Gm6013",0.595500495876997,0
"Gm6060",0.184606808054446,0.253785781800137
"Gm6272",0.501358943862269,0.178711394836348
"Gm650",0.158404413540023,1.05993018928628
"Gm6592",0.406548274151605,0.210689008837875
"Gm6756",0.279279885855223,0.0457242567713766
"Gm6970",0.0721910231747364,0.393764651357705
"Gm7039",0.808322171291755,0.396692925673201
"Gm7222",0.0866539986512857,0.570231827602262
"Gm7244",0.158778491487505,0.230018341179193
"Gm7251",0.0843274931199462,0.243547605777262
"Gm7299",0.176623737486559,1.01396477189394
"Gm7308",8.98472701943376,0.125832481899518
"Gm7542",0.480175106848014,0.602190976279524
"Gm7653",0.4310521403897,0.512457862956029
"Gm7656",0.395203473241583,0.323793347717955
"Gm7741",0.16849421504514,0.792846210741108
"Gm7780",0.21333310363098,0.116381055667819
"Gm7838",0.493829206277253,0.185812388204011
"Gm7847",0.0727030949632436,0.119278384623404
"Gm8034",2.96763967201668,0.962185226250767
"Gm8099",6.03633291511055,0.150815145826011
"Gm8532",0.666180215841351,0.115131203729017
"Gm8614",0.240986907497614,0
"Gm8676",0.155835047211309,0.0888787227366531
"Gm8773",0.556434980845008,0.164275332326777
"Gm8810",0.215056668287401,0.0673263935384644
"Gm8860",0.685006838238371,0.110462343256788
"Gm9017",0.273518333825098,0.192497833724426
"Gm9043",0.410546810817607,0
"Gm9088",0.198099242568865,0
"Gm9130",0.403598187207945,1.39357201773962
"Gm9269",1.75693877959966,0.0774141656014744
"Gm9369",0.347554095312602,1.16635019703828
"Gm9386",0.197085237148646,0.191378036993153
"Gm9399",0.354308186536692,0.419371417134153
"Gm9429",0.291015311910548,0.457701031159965
"Gm9687",0.121316812320948,0.240684422813591
"Gm9697",0.0883034612293336,0.166765649866935
"Gm9785",0.832881500843324,0.590305314453501
"Gm9870",0.770186849543448,0.967946364526528
"Gm9899",0.515300146661763,0.0194683341149413
"Gm9954",0.803663670802511,0.18940800770121
"Gm9987",2.92967540869867,0.0913593643293836
"Gm9996",1.74411345115144,0
"Gnal",1.16215898696755,0.965101332570144
"Gng2",1.8292329794836,2.41087709035676
"Gng2-ps1",2.59406362507258,0.160512151051799
"Gng3",1.76906955057816,0.0602979728634914
"Gnl3l",4.38663846850785,2.41013391773668
"Gnrh1",1.41117528730067,1.68393063714815
"Golga7b",2.05416509069028,0.47880673046635
"Gpc1",4.36381404206507,0.668666249192661
"Gpha2",0.410549932951546,0
"Gpr101",0.331306579761367,0.0222258710657083
"Gpr12",1.1868672426933,0.0549352250717751
"Gpr135",2.53069981363025,0.309213141786453
"Gpr149",0.517786723002442,0.226256689955403
"Gpr151",1.05850852334856,0.263435505052988
"Gpr152",0.205322515617828,0.659386770306787
"Gpr158",0.515528779974673,0.181577399607708
"Gpr27",4.22149965644844,1.12028787511504
"Gpr6",0.714731132018836,0.11422459925474
"Gpr61",1.68253136668378,0.1513989959608
"Gpr83",0.963007796683042,0.32194787125288
"Gpr88",2.05226725646787,0.242182683649226
"Gprin1",3.09976313718296,0.0499631698655895
"Gprin2",1.48809313055608,0.0159090827072824
"Gprin3",0.358928017479321,0.497719714006811
"Grem1",0.369144309994259,0.199389423403919
"Grem2",0.517831679507179,0.128154419166172
"Gria1",1.08052387726465,0.143821574495055
"Grid2ip",1.05203491355907,0.0769796028131716
"Grin1",2.2225255167125,0.114067823557475
"Grin2b",0.442293006129102,0.12802261603691
"Grin2d",1.23880458509207,0.168135308021987
"Grip1",0.657056451505637,0.16944745814624
"Grip2",0.616695970758726,0.355001399187281
"Grm2",1.66623537969452,0.176021914914388
"Gsc",0.199320123715566,0.368600874373542
"Gsc2",0.412645558799407,0
"H1foo",0.364906299043399,0.647065751733527
"H2-Bl",0.828419137119201,0.202520054055094
"H2-M10.2",0.229318195456769,0.274581841508293
"H2-M5",1.06322862386076,0.244262167575096
"H2-M6-ps",0.721875078993213,0
"Has1",0.605445135570527,0.231252419025784
"Has3",0.93110943378335,0.238036226762566
"Hcn3",2.3270979628054,0.333063309169414
"Hcn4",0.95713850270092,0.0590892480862935
"Hdgfl3",2.75696553100371,1.17542773434791
"Hecw1",0.371848235737825,0.202535678987628
"Hn1",4.56026358423695,6.30767286417386
"Homer2",1.12520365819845,0.142565070474034
"Hook1",1.62208341425817,0.3379412840605
"Hpca",3.3101641389969,0.273297598394754
"Hrh3",1.28281591654112,0.11658889826505
"Hrk",1.54947309877305,0.0709347378089536
"Hs3st5",0.262979536398934,0.185028190547734
"Hs3st6",0.180170279483315,0.11418454875518
"Hs6st2",0.331838725451165,0.135002730081224
"Hspa12a",1.47227406455452,0.985652274209158
"Htr1a",0.927735719045819,0.0290707887735996
"Htr1b",0.405252294039055,0.277366934278951
"Htr1d",0.301506511475177,0.190015780699266
"Htr3a",0.193422342363606,0.0161436047934948
"Ica1l",1.47372078466039,0.778498266816273
"Igf1",0.572373950340212,1.09146529736257
"Igfbpl1",1.21913319250373,0.245724293475811
"Igsf9",1.45321869853478,0.727396115769784
"Il12a",0.327184940901003,0.368390086992341
"Ina",3.07514417384656,0.44259668448454
"Inha",3.52769145391776,0
"Inpp5f",3.32412309543947,2.47448123514538
"Insm1",2.67485584246656,0.0731780156689444
"Insm2",0.960880500229912,0.80334875646096
"Iqcf1",0.265342580289172,0.0368901624865291
"Iqsec3",1.03529093105754,0.0895012473775543
"Irs4",0.397970650295682,0.0843802154716687
"Isl1",0.545097795428809,0.189357056950014
"Islr",1.54462456789782,0.100346592775646
"Isoc1",4.25496729862619,3.68277641964093
"Itga3",1.89690611031091,0.175549993376722
"Jakmip1",0.671016585577608,0.3643385629735
"Jakmip2",1.27611382913598,0.13785672183513
"Jazf1",0.552240663086528,0.323145388765246
"Jph4",4.14749592591234,0.539975060924643
"Kantr",1.3591951900993,2.01481292971228
"Kcna4",1.81742988476163,0.122387298779066
"Kcnb2",0.542921196502456,0.21021904431283
"Kcnc1",1.99426684181522,0.126380693837535
"Kcnc2",0.598734933550752,0.211015920105005
"Kcnf1",2.82233546241259,0.0708278652808794
"Kcng1",0.541314955130387,0.0814043663326504
"Kcnh4",1.30360229440274,0.189289206036105
"Kcnh7",0.627705825173944,0.220537449802143
"Kcnip1",0.728863128015701,0.1032583131674
"Kcnip2",2.95941385975908,0.514631421736284
"Kcnj11",2.05441416402372,0.0296341613986082
"Kcnj3",0.500873548921674,0.186453970445792
"Kcnj5",0.751255956160407,0.394792320609718
"Kcnk9",1.00394229795043,0.231729186243164
"Kcnq2",2.22292013547009,0.149391251803318
"Kcnq5",0.400249482153594,0.270844552774947
"Kcns2",0.957024133754772,0.0834441409045946
"Kcnt1",1.7808520392726,0.0631419001547093
"Kcnv1",0.83443434936772,0.101095889137391
"Kctd8",0.301788019207147,0.185617520832895
"Kif5c",2.5518127226687,0.415874535474152
"Kit",1.65500498657256,0.408643214332223
"Klf5",1.26227440545254,0.747408508513345
"Klf8",0.392517741494369,0.476134421290012
"Klhdc8a",1.63304248226571,0.121258637037243
"Klhl1",0.164802614492871,0.172892699701363
"Klhl29",0.377129154215925,0.147840142513958
"Klhl33",0.497115655984743,0.461659989510959
"Klhl34",1.6694075539209,0.263356733866398
"Krt222",1.75214993837665,0.670702772879632
"Krt73",0.352646145014947,0.0886380573654414
"Krt79",0.18356572735693,0.15189577179518
"Krtap28-13",0.555107359308652,0.0659750418510756
"Ksr2",0.35430125987955,0.151296888292343
"L1cam",1.91644564773503,1.64384893783991
"L3mbtl1",0.653792608262259,0.189661960808056
"Lancl2",1.70200110651367,0.740977486075619
"Lefty2",0.558764334052477,0.0520211541275647
"Lemd1",0.347940131742596,0.102782240993574
"Lgi1",0.594450242733929,0.202178666672585
"Lgi2",1.50692732793804,0.159673547732957
"Lhfpl4",3.47803632946446,0.412912112907768
"Lhfpl5",0.618525876079608,0.0998789271086295
"Lhx1",1.02667453572485,0.534364952861345
"Lhx1os",0.712907142047212,0.062683340992883
"Lhx5",0.999963885835829,0.102220831999091
"Lhx6",1.02550561339156,0.0706778385875315
"Lhx8",0.45227921869726,0.117889770787621
"Lhx9",0.408054784576618,0.173397227176429
"Lin28b",0.259913748784597,0.205145387458545
"Lingo2",0.313964313967595,0.197470078090799
"Lmo3",0.64931739891046,0.200309150021692
"Lncpint",0.700619865412319,1.89647698123766
"Lonrf2",2.17534103387343,0.15204512233208
"Lrfn5",0.414560264704554,0.196903787585605
"Lrp11",2.60509563749961,0.662310746344315
"Lrp8os3",0.820379922440981,0.144679291823235
"Lrrc26",1.06285660462959,0
"Lrrc7",0.531304540673682,0.190752782069077
"Lrrc71",0.758224619235038,0.459964914049151
"Lrrn4cl",1.39982914445783,1.38596361690104
"Lsm11",3.20194903409894,2.28065125284809
"Ly6g6c",0.440694932827629,1.47477020584184
"Ly6h",3.45549617866385,0.120294055689228
"Lyrm9",2.40087828445258,1.94546502553077
"Magee1",6.12137198095148,3.57543968461748
"Magee2",2.21160788438058,0.216740599445329
"Magi2",0.506246018374713,0.213792441200554
"Mal2",0.959545539515551,0.370123669256777
"Maml3",0.573120894461881,1.42909463047516
"Map1b",3.54848143144865,0.473125095295688
"Map3k15",0.451659271367472,0.960912765359803
"Map3k9",1.37444003124739,0.937340691391057
"Map6",2.81898204673944,0.178607474750206
"Map7d2",1.58953085781236,0.26975533051553
"Map9",2.34458626496627,0.244908443856772
"Mapk10",1.15673596578713,0.148834495295275
"Mapk8",3.04636611814469,1.92824786747866
"Mapk8ip2",4.98462465987157,0.373574767106637
"Mapt",3.9285200759196,0.258003884482549
"March1",0.375649741267472,1.50481129415394
"March3",0.411280459435499,0.76373517196697
"March4",0.661497532340661,0.1418131008725
"March9",4.04270555425555,1.12973757328149
"Mast1",1.33198836055006,0.207261165287705
"Mchr1",1.87733619426679,0
"Mdga1",0.687704988081005,0.301503729447153
"Meg3",4.2286440559922,0.128159129543669
"Mesp1",0.477942567674842,0
"Mesp2",0.759238381831375,0.354579753638927
"Met",0.256856732597364,0.791386257057122
"Mettl7a3",0.463268867273332,0.423370356397326
"Mex3a",4.30925220187714,0.372297030937144
"Miat",3.73183978864908,0.0279566429605005
"Mical2",1.37741067823828,0.25355641677685
"Mir1197",0.341976175429064,0.438571472494519
"Mir124-2hg",2.11097494452685,0.187442222572579
"Mir124a-1hg",2.33565424301516,0.219248249964558
"Mir130a",0.145670302089581,0.265834722700163
"Mir1969",0.382544836208289,0
"Mir296",1.37149675816034,0
"Mir298",0.447039467302637,0
"Mir29a",0.358099816531177,0.541096338280653
"Mir3070a",0.763554088783893,0.231429695805895
"Mir3070b",0.758450231738633,0
"Mir322",0.306591777036948,0
"Mir329",0.249528894860312,0.475298670851276
"Mir337",0.32655309332136,0
"Mir344c",0.254509791052222,0.532612834502486
"Mir365-2",0.393300929312221,0
"Mir376b",0.126950697015257,0.244807730843876
"Mir384",0.796863850710342,0
"Mir493",0.688674829192249,0
"Mir540",0.522944257355179,0
"Mir6358",0.164655352255271,0.229881552083278
"Mir665",0.297527180729346,0.226889402867054
"Mir667",0.299978914827811,0
"Mir673",0.507367326485321,0
"Mir679",0.540946423970844,0
"Mir7-2",0.352534783291089,0
"Mir7b",0.271197443575631,0.222063544914468
"Mirg",1.20414820640342,0.0618152104189832
"Mirlet7a-1",0.758745985440271,0
"Mlf1",1.8691624804801,0.883728526174519
"Mllt11",2.24502551583287,0.608982341969973
"Mme",0.368343592630877,0.235902770258559
"Mmp11",1.10758798393737,0.668545503757514
"Mmp24",1.46139951886799,0.187015666501515
"Mn1",1.64176371288189,0.145682123915458
"Mpped1",1.89666424890788,0.108483500471844
"Mrap2",0.655217978414787,0.189877768315072
"Mroh7",0.805018141339774,0.0907007664909149
"Msantd1",1.43744774052234,0.308268181727251
"Msi2",1.88818644632593,0.782915568720627
"Msra",0.329259024914921,0.943380069019646
"Mst1r",0.459670492918142,2.16424350782647
"Mstn",0.30670766742685,0.225882992273959
"Mtcl1",1.99214690862807,0.274465022149034
"Mtss1",2.77887793534355,1.92625217239101
"Mturn",3.98325050386311,1.38753092779973
"Mtus2",0.298597540132351,0.195118345962353
"Muc3a",0.834302353374335,0.338569184874028
"Muc6",0.341447708942578,0.728373793013353
"Mup-ps22",0.137067054657461,0.939978854887286
"Myl6b",2.6221740028718,1.51118162050161
"Myt1l",0.614015261213861,0.150100528117327
"Nanos1",3.72329145231956,2.66716533429954
"Nanos2",0.901689478881793,0.201551470130387
"Nap1l3",4.51185712107474,1.17597851636014
"Napb",2.34586892429482,0.782560949286637
"Nbea",1.21069767684465,0.451934879427779
"Ncoa7",0.973765557292733,1.10880100283741
"Ncr3-ps",0.349432165005983,2.00583879995378
"Ndnf",2.30814087020382,0.572493328743843
"Ndrg4",3.62652327126131,0.432352160437726
"Ndst3",0.3806819168664,0.174866981970754
"Ndst4",0.202920768571404,0.170363864520707
"Necab1",0.41830315318165,0.143550439765993
"Nefh",1.28521768497313,0.389785719918241
"Negr1",0.714294576604318,0.186904664428975
"Neurod2",1.93343382367723,0.221191994140857
"Neurod6",1.96774073870537,0.148396979017217
"Nexmif",0.948084965093412,0.16847459353047
"Nfib",1.71305528898814,0.200294601975346
"Nfix",3.00890155030423,1.71282311670102
"Ngfr",0.577320994946401,0.14797859196049
"Nhlh1",0.509279383476374,0.0382240484859572
"Nhlh2",1.40954147977086,0.14930487979139
"Nipal2",0.403971781415481,0.200187065673929
"Nipsnap1",3.17825718214507,1.36150343856076
"Nkpd1",0.502612802773447,0.122942944500268
"Nkx2-1",0.686511506478814,0.0194489620578263
"Nnmt",0.235319000486545,0.41679920652506
"Nol4",0.715986856280243,0.177036519525509
"Nos1",0.612750484067504,0.115692631960993
"Nov",2.04165956584396,0.340967103284061
"Nova2",2.59827329371144,0.211563508492464
"Npas4",3.17583907905806,0
"Npnt",1.72782919902678,0.939198830673706
"Nppc",1.87988163786351,0.234773736651675
"Nptx1",4.32107745727099,0.143827918417972
"Nptxr",3.54686930658322,0.938553847330093
"Npy",2.84348431273746,0.225630700837583
"Npy1r",1.21154232274871,0.204884468357008
"Npy2r",0.591411853987874,0.0617854843528057
"Nr2f2",2.31302317448673,0.26524183488128
"Nrep",4.83384107714441,0.920563814441246
"Nrg1",0.506702513687479,0.212811860104424
"Nrg3",0.352402056863286,0.225966812086612
"Nrip3",1.52283226898705,0.68305432981854
"Nrn1",2.65876694398138,0.14850847714877
"Nrxn3",0.458808493459898,0.204024420574077
"Nsg1",4.01218014115744,0.477470716622844
"Nsg2",3.03502992453399,0.173312207969226
"Nt5c1a",0.331621173115755,0.153912533205818
"Ntng2",2.01908827191193,1.18307290133331
"Nts",0.859695894386814,0.201614168272211
"Ntsr1",0.46878732536512,0.0824491544851735
"Numbl",2.76107217225415,1.3394453546635
"Nwd2",0.38814304980014,0.191369380580985
"Nxnl2",0.66243384984841,0.134150786998785
"Nxph3",2.19048958609114,0.00754902919997831
"Nxph4",1.45730164296079,0.14334428274072
"Nyap1",2.86509388357564,0.288561178009315
"Nyap2",0.434453079998684,0.155506229976836
"Odf4",0.204751399389883,0.275246348287034
"Olfm1",4.13000558430998,1.91078589570699
"Olfr267",0.295695381874794,0.623942810237846
"Olfr313",0.235084235858596,0.0713935030821414
"Olfr314",0.303890890538667,0.186415041515845
"Olfr315",0.268935807791015,0.135664860279147
"Olfr317",0.162966310559039,0.101899560533744
"Olfr756-ps1",0.1019270460576,1.3234658954011
"Ooep",0.144747837064323,0.621801733716435
"Opn3",0.468739409198068,0.975561365964507
"Oprd1",0.250759782744578,0.17497057553708
"Oprk1",0.260416026597402,0.0960713865137593
"Oprl1",3.27946668442719,0.314242594857448
"Osbp2",0.616903293513452,0.126218412190957
"Osbpl5",1.65521528399521,0.39015153232047
"Oscar",1.07092483438762,0.100595025510127
"Ovgp1",1.09969480090035,0.569101229336203
"Oxtr",0.620203858801614,0.0279939730030141
"P2rx2",1.07499988831756,0.148413925927435
"P2rx5",1.26893174670796,0.358602632034045
"P2ry1",2.48987808979745,3.09682983193061
"Pacsin1",2.11523446197925,0.506632150991253
"Pafah1b3",5.18420562421986,4.88869542511513
"Pak3",0.958357852343234,0.169911709012736
"Pak6",2.08609286709835,0.200359861954179
"Pak7",0.56010168594168,0.18533425349553
"Palm3",1.04878368146799,0.260344114700292
"Panx2",2.48687014539785,0.217911418206278
"Paqr9",2.26248726848531,0.120272417144451
"Pbx3",0.86932570439811,1.50053289414748
"Pcbp3",1.22381227472745,0.383526004851098
"Pcgf2",3.50223782771921,0.568524537414719
"Pcp4",0.516874362669374,0.231965626101161
"Pcsk1",0.927377975704278,0.170250100845117
"Pdcd1lg2",0.191276995360808,0.580404788520744
"Pde1a",0.360552530792821,0.231803207113919
"Pdp1",3.79112983220492,2.68678588198683
"Pdzd2",1.07145754143637,0.219468300640352
"Pdzd4",2.60558200635262,0.585051819005651
"Peg3",3.90347008413796,0.157346302080066
"Peli3",1.32437642858958,0.876120007478499
"Penk",1.79422143292876,0.32670861760684
"Perp",1.96126165786861,0.600851294158493
"Pfkp",3.4498950688057,2.43152654035515
"Pgbd5",1.19148946721017,0.0971381937309143
"Pgf",1.58339252883817,0.46669611873657
"Pgm2l1",2.04785185805399,1.95754551908964
"Pgr",0.567813836390868,0.185134047990761
"Pgr15l",0.277663070266917,0.262729132143011
"Pgrmc1",6.56995061864291,5.30080763514127
"Phf24",2.15418612952147,0.312404922449433
"Pi16",0.445125741589965,4.73376047925538
"Pidd1",2.69996600467804,2.53429423915431
"Pip5kl1",0.787547488111939,0.271256273038869
"Pitpnm2",2.23287826075833,0.195165230984076
"Pitpnm3",0.958470555022437,0.0766554497543235
"Pkia",2.95949055042044,0.273782470043442
"Pkib",0.398640894174475,1.9463710060001
"Pklr",0.237407180098424,0.202529217951351
"Pknox2",0.985682992908351,0.124913356068876
"Pla2g4e",0.588271716837147,0.170118671976681
"Pla2g4f",0.327796635850364,0.365273808924521
"Plag1",0.450007417797308,0.365642728858128
"Plcb1",0.388567897540539,1.18780837669279
"Plch2",1.41132802726161,0.0544084946807886
"Plcxd2",0.561214638122209,0.434409460372539
"Plek2",0.450495390769625,0.382729095043751
"Plekha5",1.5363894251377,0.574517910318543
"Plekha7",1.06734550603469,0.196531672628203
"Plekhg4",0.972250519413739,0.199060818799819
"Plin5",0.415843217794633,0.684146704743998
"Plppr3",2.26751309636587,1.0865794534252
"Plppr4",2.01102973422725,0.414963452528622
"Plxna4",0.860759874762655,0.740127373089482
"Pnck",4.34050685030639,0.857646047551081
"Pnma1",1.74418358478613,0.437154246353245
"Pnma2",1.76984867403851,0.571598437703983
"Pnma3",3.23402809171225,0
"Pnmal1",4.38641636147546,0.298045953788871
"Pnmal2",6.52088943157923,0.418000117467773
"Pnoc",0.730614797563122,0.0974061466052048
"Podnl1",0.292950017468956,0.241387382476539
"Podxl2",3.56360938335837,0.360275780702855
"Pou4f1",0.658385716773549,0.158868412839865
"Pou6f2",0.202358824851905,0.244759081372035
"Ppfia2",0.511403860508981,0.178069651129369
"Ppfia4",2.07253882234546,4.1633236315635
"Ppm1e",1.82071020188254,0.867474130037126
"Prdm8",0.312466454172033,0.073001972372927
"Prkar1b",1.95310599222206,0.426552814962763
"Prkar2b",1.61767670119465,1.66690923602934
"Prkce",0.756763637884199,1.19215450269278
"Prkcg",1.67852240931803,1.2456817464708
"Prlhr",0.698674925370689,0
"Prmt8",0.78886458230897,0.0849586832444713
"Prokr2",0.374289478636718,0.261516735449588
"Prph",0.813486529538678,0.193103721715825
"Prr19",0.302591859807068,0.372683003259676
"Prr36",2.75689604035425,0.0952347238807818
"Prrc2b",4.23338874345736,1.21181279410407
"Prrg3",3.12544704198808,0.114130050392651
"Prrt4",1.75015887027778,0.0683091638070143
"Prtn3",0.510030982913489,3.90888370481897
"Prune2",0.967669450109388,0.470028593010114
"Psd",5.20343898973428,2.11066103351938
"Psg16",0.19047484955815,0.781462681060342
"Ptger3",0.221603321617235,0.659045867753519
"Ptprn",3.74359833467509,0.462866797515271
"Ptprn2",0.551457223636039,0.120135322113315
"Purg",3.56640649150706,1.66448857929773
"Rab26",1.17397971354437,0.321009664049696
"Rab3a",6.79851371896848,3.69559287818533
"Rab3b",0.676696929487034,0.363803734999354
"Rab3c",0.704220013436097,0.269283057953832
"Rab3d",2.62993206535601,4.44553126172942
"Rab6b",3.0917413297126,1.58551264548205
"Rab9b",1.62221469714573,0.153911999336719
"Rac3",5.67022230876856,2.4648710774189
"Radil",0.581297631894377,0.152496531554236
"Rai2",0.428715421679945,0.153867307217173
"Ralgapa2",1.28861085338051,1.19164067397431
"Ralgps2",1.7914590914025,1.3973471177729
"Ramp3",1.19777683983594,2.11140444720449
"Rapgefl1",2.92654392889022,0.35788588664905
"Rasgef1a",0.935731876110618,0.190011389021983
"Rasgef1c",0.453551517049402,0.0889415119567488
"Rasgrf2",0.365645780829631,0.468798102384995
"Rasgrp2",2.4049325795118,3.98237519674779
"Rbfox2",1.89179107700289,0.31242033603931
"Rbfox3",0.398454466978012,0.0841485705824501
"Rbm24",1.37160813425689,0.266896988391236
"Rbms1",1.09765095182298,2.33125652393204
"Rbms3",0.292037073222557,0.143569569742471
"Rcan2",1.29231602248865,0.165201079037031
"Rec114",0.523609319157728,1.6806555469935
"Rell2",3.02000115909772,0.313532429676224
"Reln",1.20844154411294,0.156408950385234
"Rem2",2.60759702094462,0.374919704118956
"Reps2",0.583241692647728,0.475822570372827
"Resp18",1.77388478405656,0.0478150597388153
"Retn",0.158740226604093,0.653388883267224
"Rfx2",1.07981256201849,2.26525692248349
"Rgs11",1.5831091077995,0.441295425876943
"Rgs17",1.01638200610011,0.184903920690073
"Rgs4",4.9669003611115,0.941952007394728
"Rgs7bp",1.77031713425322,0.593300674496465
"Rgs8",0.630619510108559,0.0781326957276646
"Rhov",1.86735631451534,0.974968625216777
"Rian",2.49736221439944,0.280852394861111
"Rimbp2",0.733853942019517,0.0834031374077401
"Rims3",2.13413323962581,0.717983924900542
"Rims4",1.4233680800433,0.121854195737279
"Ripk4",0.788731524788813,0.154459791825272
"Ripor2",1.20818418237111,2.06531452628792
"Rit2",0.390323931109304,0.191447858337758
"Rn7sk",6.83294667417366,3.27188986851255
"Rnasel",0.775275407298686,3.57195881572349
"Rnd3",2.34754682863008,2.85700211691601
"Rnf152",0.799623419488473,0.207430682648032
"Rnf165",0.901837166363019,0.0869789357049461
"Rnf207",0.325773735794809,0.149157513029285
"Rnf217",1.32494826127178,0.743415327681312
"Rnf39",1.05872375704421,0.316910133236625
"Robo1",0.886521316881679,0.209958497610491
"Robo2",0.703364485277522,0.332241811870892
"Rpgr",0.845080841886795,0.367998147226559
"Rpl31-ps6",0.762914499874922,1.62625501634987
"Rpl31-ps7",0.198299567334674,0.418200187913476
"Rpp25",3.28198560303466,0.505407000428812
"Rps6kl1",2.7898766944332,1.4483998834613
"Rps8-ps3",0.154839636503795,0.186086275337949
"Rsph4a",0.804689183453099,0.643538251192195
"Rspo3",0.19790343090721,0.256904105534053
"Rtbdn",0.851603779681623,0.581397201775108
"Rtl1",0.894906704947983,0.135960941567486
"Rtl9",1.86301098957639,0.184806076629685
"Rtn1",3.33688240666857,1.16526245582518
"Rtn4r",1.41054855615238,0.133150308598917
"Rufy3",3.15922618201889,1.70708602493957
"Rundc3b",1.06124145887136,0.18629495210329
"Runx1t1",0.463963586700854,0.301958690457954
"Rxfp1",0.263042473362277,0.288758609876638
"Rxfp3",0.517587018309432,0.141612586769322
"Samd11",0.932348403320294,0.203445540083109
"Samd14",4.03331029861021,1.01697955569782
"Samd3",0.33134358333946,0.416306781732825
"Sarm1",2.83559172994747,0.504272814967299
"Satb2",0.270899554251708,0.342161830302682
"Sbk3",1.19467047312373,0.233067509090249
"Scarna2",0.568583069213557,1.38724002648974
"Scg2",3.44088603034141,0.213881296776409
"Scn2a",1.25444856556903,0.181026329915898
"Scn3b",3.14301626825956,0.257596670923646
"Scrt1",3.59888690530068,0.0277039184711137
"Scrt2",0.852187866202964,0.0797122015702651
"Sct",0.577865236334671,0.177409785336511
"Scube3",1.08603690032158,0.0741467402828368
"Sdk2",0.601888334688924,0.126819215279128
"Sdr39u1",3.19374348277807,0.825165062995842
"Sds",1.46025387185398,0.246815660659614
"Sdsl",1.08035269707492,0.825080937921599
"Selenov",0.738298172868979,0.0464548906644136
"Sema3c",0.799888801981137,0.230807912786872
"Sema4g",5.09085859137411,0.764858993637142
"Sema6c",3.44199269038379,0.633337123382865
"Sept3",4.83940150956801,0.621489028906679
"Sept6",1.50608321591825,1.51678282931233
"Serf1",2.95691171554892,1.97269529003583
"Serpini1",0.967568013488114,0.457589047573783
"Sertad4",1.75433879680634,0.126490528876563
"Sez6",2.45805376210742,0.118481685298837
"Sez6l2",3.74301991138225,0.504494736260656
"Sfta3-ps",0.284161250052658,0.221242467651883
"Sgsm1",1.7822398108908,0.0935110816024548
"Sgtb",2.69534271503203,0.802616660325264
"Sh2d4b",0.474942353401909,0.616089622105687
"Sh3bgrl2",1.12441205659924,1.56669025301596
"Sh3gl2",0.855905863237488,0.114679357963224
"Sh3rf3",0.512161546700753,0.170258918584148
"Shank1",2.80552057983197,0.167673780470219
"Shank2",0.574689589377443,0.0881450564332727
"Shtn1",1.29981483229864,0.572179809606823
"Sit1",0.26640000647298,0.773300902879284
"Six3",0.435920449156671,0.0201726267832591
"Slc10a4",0.989978514194185,0.109356604555779
"Slc12a5",2.25922636330369,0.357088282922011
"Slc16a14",0.861279578436579,0.446812176975163
"Slc17a6",0.948552526173786,0.192046454581857
"Slc17a8",0.428392186448333,0.155500040856911
"Slc1a6",1.24431845421807,0.108191998188176
"Slc22a15",1.32734068689499,1.27377891484973
"Slc24a2",1.47030221908313,0.201310907846943
"Slc24a3",1.18227458745648,0.670924411424517
"Slc25a22",4.85590000213001,3.37849743805978
"Slc25a27",3.14334395776537,1.06155421107223
"Slc27a2",0.162160787940925,0.311787383471791
"Slc27a3",3.02263040720288,0.765012093314715
"Slc27a5",0.346177629565848,0.408395583310287
"Slc2a13",1.04704139106284,0.189803786207134
"Slc2a3",2.06027550184286,2.28905672457219
"Slc32a1",2.2599612400625,0.109536796167011
"Slc35d3",1.36001292019833,0.358640239485918
"Slc38a1",2.68358040594166,2.95067351475022
"Slc38a4",0.290415887366912,0.191819412798267
"Slc45a1",2.04580755952813,0.320627627073882
"Slc5a7",0.846206883907257,0.291868691496285
"Slc6a15",1.26987746988571,0.217515722409773
"Slc6a17",2.39130916215897,0.0621581137073766
"Slc6a7",1.24492604640434,0.115666173682898
"Slc7a14",0.834740573221878,0.286803099797901
"Slc7a4",3.94699740388671,2.03999377265625
"Slc8a3",1.1794927792239,0.125272448587239
"Slco5a1",0.469815288125267,0.178395909481262
"Slit1",0.922048737416279,0.130344149905205
"Smarca1",1.17372715815784,0.197170288090426
"Smc1b",0.375513082046179,0.291173467054084
"Smim10l2a",3.46650206936715,1.43488666693194
"Sms",1.81597979398886,1.80048508146496
"Smt3h2-ps4",0.329687682905999,0.0801708110999263
"Snap25",2.41980714900235,0.460885650372676
"Snap91",2.4251051240281,0.203930746261499
"Snca",1.4268458428106,0.765694975754116
"Sncb",3.65932273502712,0.102573540957397
"Sncg",0.564181217097123,0.494564472838632
"Snhg11",4.10927081269134,0.441626469687815
"Snhg14",0.750228694565278,0.219623186782249
"Snx16",1.43441987643637,1.05272591681955
"Socs2",1.49721344423315,0.474484816087792
"Sox11",4.22669212892468,0.380018885342005
"Sox1ot",1.16374521887112,0.176511656156116
"Sp8",1.20321839855843,0.0661316122379692
"Sp9",0.966427543083682,0.0439944691082068
"Spata32",0.192416358409217,0.587071942200847
"Spdef",0.533494041739405,0.0665765866799074
"Sphkap",0.623214689850043,0.30877055548492
"Spink4",0.464329957218414,0.230260050241309
"Spint2",0.66198366584001,1.11875596560554
"Spock1",0.4447166029478,0.136696449783323
"Spock3",0.404917029237058,0.145903807289263
"Sprn",4.21120157023848,0.166453634577362
"Spryd3",3.88006186419281,3.12763383112603
"Sptbn4",1.58700604597582,0.173381204639792
"Spx",0.671629891485349,0.205795107681314
"Srgap3",2.37646343129641,0.504078804447172
"Srrm3",1.36662028384615,0.0838285437570242
"Srrm4",0.299743080966338,0.0627640754016738
"Srsf12",1.81382155532163,0.262693793651316
"Ss18l1",2.71591809587869,1.60639338152804
"Ssc5d",0.653923533509877,0.0855828180031646
"Sst",4.72639124714778,0.381270506289243
"Sstr4",1.42861798115067,1.00225721133114
"St7",1.16919241298355,0.765040699986632
"St8sia2",0.712044689093581,0.107961152399155
"Stap1",0.210475302513791,2.03591508403516
"Stbd1",1.74151707810759,3.86922537325193
"Stk26",0.419425938696358,1.28339235262756
"Stk32b",0.37905168357061,0.191928902732634
"Stk32c",0.857054592710545,0.0985905197490507
"Stmn1",5.01153686650726,5.88015368813868
"Stmn2",2.53583799181788,0.35007108110725
"Stmn3",5.70245359161379,0.765294313525862
"Stum",1.32211654762411,0.130975308159246
"Stx1b",4.3019079778747,0.269038046117802
"Stx3",1.22162088599789,2.55548161140385
"Stxbp1",3.88966977961115,1.28601141580788
"Sult4a1",3.05321169213245,0.335513050815376
"Susd2",0.817258882040847,0.490610576475823
"Sv2b",0.65797478363594,0.159999235761987
"Sv2c",0.761254083634968,0.181304186621368
"Svop",1.4784067991382,0.0936200288506699
"Syn1",2.72980374274897,0.378174339195
"Syn2",2.04178265584194,0.181732076130715
"Syndig1l",1.07047751602339,0.403702223675545
"Syngr3",4.24354774307969,0.635275516525016
"Synpr",0.401672429821825,0.156699094441891
"Syp",3.54339021514188,0.476650179254319
"Syt1",0.87990627940627,0.213352665725566
"Syt13",1.80557146449245,0.3390683355976
"Syt14",1.03617505466296,0.144400837804471
"Syt17",0.558890378676609,0.890052981766863
"Syt3",1.97476946480675,0.794485094681225
"Syt4",2.96970941097393,0.155093293988882
"Syt5",3.2598953692439,0.350750695558898
"Syt6",1.04249802692811,0.144811758201372
"Syt7",2.17134708715011,0.112951304716115
"Sytl1",0.532788662954514,0.708396926962663
"Tac2",0.731243952175976,0.0835579363081241
"Tacr1",0.283009150090164,0.129960203243591
"Tas1r1",0.792171164084309,0.301722956218179
"Tbc1d30",0.811329699353609,0.397455106894224
"Tbc1d4",1.15303087593151,0.81589583396333
"Tbc1d9",2.05186244935759,2.99996903440579
"Tbr1",1.9823410257315,0.298510287757571
"Tceal5",3.90749310346954,0.26366872999148
"Tceal6",3.98875113655202,0.16908540344797
"Tceal7",0.235632249432181,0.150870888098981
"Tcp11",0.658909852510266,1.32207632731748
"Tdrd6",0.766277939430163,0.143695337651134
"Tekt2",1.54775699605062,0.135747812397032
"Tenm4",0.481632724250103,0.138362149484449
"Tert",0.984830736587479,0.282060544064889
"Tex15",0.42169500968349,0.472434051665105
"Tex29",0.326382917659992,0.35346956255174
"Tfr2",0.587238887592023,0.430049225297896
"Th",0.302810178543803,0.0455806096648831
"Thbs2",1.68272329576341,0.34640590729248
"Thpo",1.32174029384583,0.10479724149427
"Thsd7a",0.753958190685074,0.141443185768663
"Thsd7b",0.486286972704497,0.167722906376665
"Thy1",5.07577816582922,0.684005391379057
"Tiam2",0.85689487634811,1.25058060376394
"Tktl1",0.60664503890141,0.799527658607246
"Tm4sf5",0.255334843814445,0.402780321914576
"Tmem130",2.14460308711566,0.191996625450336
"Tmem131l",1.37207396124278,2.27078648152127
"Tmem145",3.112483063407,0.0891904784279993
"Tmem150b",0.252838677763203,1.20569105409627
"Tmem158",5.43298859157751,3.03054792883344
"Tmem169",1.57173161099936,0.250004377480222
"Tmem178",1.60503462502627,0.257318322555749
"Tmem200a",0.469888117791074,0.133865012110504
"Tmem210",1.16037549937947,0
"Tmem229b-ps",0.775916528824813,0
"Tmem240",2.80312037590976,0.508894514506111
"Tmem30c",0.426366901160781,0.28828785776552
"Tmem59l",3.50416263136507,0.314968949502434
"Tmem63c",0.799642611586531,0.180863937925646
"Tmem72",0.128544386880233,0.669299963144967
"Tmem74b",1.16612215489367,0.150840982863279
"Tmem74bos",0.422091392719259,0.190482573000379
"Tmem91",1.11333681893602,1.43043176334281
"Tmtc4",0.630084773469021,0.455883018506576
"Tmx4",3.88731663191763,3.33455601660969
"Tnfaip8l3",0.432991790805738,0.137968837216608
"Tnrc6c",2.31398781071628,1.86211692276272
"Traf3ip1",1.90714029779547,0.945896926265513
"Trank1",1.00403472926069,0.145958865098499
"Trbj2-7",0.523761765855559,0
"Trim46",3.44728454268971,0.420067209365821
"Trim66",0.957983219514426,0.122657565389991
"Trim67",1.35830517922083,0.132068428163548
"Trim72",0.80452288629794,0.139160482875285
"Tro",4.24091418245087,0.0656908879216414
"Trp53i11",3.71252555095395,2.25073046770453
"Trp73",0.883309237077816,0.0534474098048227
"Trpc3",0.950353778747295,0.255346558378432
"Trpc4",0.316698398959829,0.182704776978807
"Trpc7",0.188786725742327,0.101453534379881
"Trpv1",0.258827395795377,0.149908239196182
"Trpv6",1.00487919629574,0.160515429074567
"Tspan1",0.292096233406447,0.167376318783081
"Tspan11",0.343473801553477,0.0581666082599187
"Tspyl3",4.55810918109225,4.58081958343746
"Ttc39a",0.350034803851831,0.792833778190354
"Ttc39aos1",0.976120781123506,0.0696254665282182
"Ttc39b",1.83947888982148,1.7575562663202
"Ttc9",2.27478289619983,0.6908606032612
"Ttc9b",4.78520438047054,0.278074783892267
"Ttll1",2.56184432219299,1.24475619490767
"Tubg2",2.96316636708424,0.517556907493304
"Tuft1",0.934658816276327,0.737845989215142
"Twsg1",3.70152491541797,1.76379489209047
"Ubap1l",1.32867479347689,0.474612470774182
"Ube2o",3.73037836190522,1.86238871678995
"Ube2ql1",2.4562186229251,0.39846761832161
"Ube3a",2.46621028025995,2.03376172050022
"Ubqln2",7.42594560241935,4.67057879778576
"Uchl1",5.59569042184786,0.419132773005634
"Ufsp1",4.80384206063375,4.14233429934321
"Unc119",4.92447901747362,5.56116812982813
"Unc13a",3.09278712665345,0.681063138085513
"Unc5a",1.09188734198413,0.0787004001069083
"Upk3a",0.333621973558136,0.100169079746983
"Usp29",0.37327782161555,0.244910891975254
"Uts2r",0.275458183368262,0.0484726478797386
"Vash2",1.33185216860754,0.223308041359522
"Vax1",0.799568916439109,0.0746801209532905
"Vgf",3.40258417771686,0.0539251838894116
"Vip",1.22185206358246,0.111837564781058
"Vmn1r-ps110",0.149584051603266,0.0664440664660412
"Vmn1r85",0.135931217766491,0.126938599540086
"Vmn2r-ps89",0.418391096954896,0.11268004331934
"Vmn2r1",0.880228799658635,0.125629066857639
"Vmn2r2",0.411255335989404,0.206019550013205
"Vmn2r3",0.23193175772094,0.156119221877788
"Vsnl1",1.0968226184484,0.185413708039525
"Vstm2a",0.914593737070488,0.195385414830171
"Vstm2l",1.18466032479096,0.0681558080341785
"Vwa5b2",2.39496463887346,0.268568316917985
"Vwc2",0.480478577028884,0.153944620283087
"Vwce",0.338288193557643,0.172669405207519
"Wdr6",6.90324368918303,1.92076168464341
"Wnt5a",1.69613550111858,0.126516532738196
"Wscd2",0.50613723361403,0.106020221434807
"Xkr4",0.519960416932744,0.250883664783717
"Xkr7",0.423706902352625,0.0731523114329224
"Ybx2",1.47177718180616,0.0168246105830311
"Ydjc",3.60786799328589,3.5458645206703
"Ypel1",2.52724803258478,1.28375364223191
"Ypel4",3.64103571496329,0.124394723140725
"Ywhag",5.89006224573676,5.49263714790753
"Zbtb16",0.563839753494058,1.06699188234852
"Zbtb8b",0.430909896668437,0.160735195008634
"Zc2hc1a",1.60549706649183,1.1211428264689
"Zcchc12",4.70010155118271,0.38012895882001
"Zdbf2",1.8423684902363,0.253446326379249
"Zdhhc22",2.50353919712331,0.28415488165635
"Zfp558",1.11647117520346,0.770180000129571
"Zfp57",3.78025739813179,0.98662907481957
"Zfp575",2.20576418147857,0.626881689032649
"Zfp618",0.555594148767341,0.193130097392714
"Zfp667",2.15151423433173,1.11694157916246
"Zfp704",1.02149586030414,0.543235621360332
"Zfp711",1.96613510819916,0.150534179789617
"Zfp804a",0.317972216342787,0.186090778886277
"Zfp853",2.24313347088421,0.0677454182994974
"Zfp92",0.398598766548221,0.0876832005274272
"Zfr2",2.88250374711451,0.52603338003275
"Zic1",2.4972268578159,0.325803401954892
"Zic2",3.79839551218547,0.11405902908288
"Zic4",0.860447755805762,0.148022302058052
"Zim1",1.097509099789,0.169408650304287
"Zkscan16",1.197930215521,0.177804728802745
"Znrf2",1.99903516793424,2.79343778981819
"Zwint",5.84235275980347,4.1595982406325
"mt-Co2",2.82538452295139,3.81100820173748
"n-R5s43",0.106464236058732,0.140530387178167
"n-R5s54",1.53123461712162,0
