"","logFC","logCPM","LR","PValue","adj.P.Val","Contrast","FC"
"Cd5l",12.1353590294056,9.2428757460192,59.5245076943033,1.20780595218629e-14,3.98353544473286e-11,"macrophagesBYo",4498.90762511379
"Alox15",13.1578035316772,9.2928056792706,54.3424321623205,1.68425388704404e-13,3.72607487430752e-10,"macrophagesBYo",9138.8918960621
"Saa3",14.4440165048582,12.0593333741995,52.1729430302569,5.08215844106365e-13,9.36938259930426e-10,"macrophagesBYo",22288.5710322087
"Serpinb2",10.253666994233,5.84393705939455,51.1686488893325,8.47615922634334e-13,1.44244669664918e-09,"macrophagesBYo",1220.84725432612
"Arg1",10.3676847778634,5.55606196193718,50.0460874602303,1.50176935791974e-12,2.37311739323274e-09,"macrophagesBYo",1321.24727231635
"Gm26863",9.97355587155228,4.7716299045963,45.6043117234804,1.44722657330598e-11,2.00106209257801e-08,"macrophagesBYo",1005.40138872487
"Gbp2b",9.023760429664,4.39492674690095,44.9709424422067,1.99979994923835e-11,2.60244554570588e-08,"macrophagesBYo",520.502192254312
"Vsig4",9.13173467343228,4.12081861460939,44.8236588096223,2.15601832850311e-11,2.64986630452635e-08,"macrophagesBYo",560.952449965753
"Timd4",7.86000791804703,4.47192075303229,42.9182035259271,5.70770781247494e-11,6.01293428263729e-08,"macrophagesBYo",232.326178850183
"F7",8.59673506617525,4.2355761696621,42.118296872089,8.59155566044425e-11,8.26395590765253e-08,"macrophagesBYo",387.146305951356
"Fabp4",13.3141797147366,8.94904765894476,40.9547065482819,1.55798363687275e-10,1.43613633327233e-07,"macrophagesBYo",10185.1507602719
"Gata6",8.34710741524806,3.86462497179849,40.8334395613738,1.6577208505041e-10,1.46695033502809e-07,"macrophagesBYo",325.633973763363
"Cfb",8.43285825976372,4.89942103738306,39.9826755143193,2.56225315367288e-10,2.18018178918096e-07,"macrophagesBYo",345.575770794302
"Cxcl13",8.90213797774051,8.41418651246273,39.5334120703859,3.22494170291428e-10,2.54804947477045e-07,"macrophagesBYo",478.421355099686
"Hgsnat",5.0075792499297,6.08005642629448,38.2147064056573,6.33729935460113e-10,4.67333578739469e-07,"macrophagesBYo",32.1685555115529
"Calml4",5.83060172043037,4.16227771845144,37.7973003297178,7.84903184992933e-10,5.60142360051569e-07,"macrophagesBYo",56.9096625741692
"Gm48832",8.02973211033797,3.1092080949905,35.3433995150581,2.76403700682045e-09,1.85299365763299e-06,"macrophagesBYo",261.330573994601
"Gm29459",8.14809940270431,3.18654708056027,33.7559838861575,6.24765714317825e-09,3.83935886051479e-06,"macrophagesBYo",283.675825844264
"C1ra",5.35184344925877,3.47701811224305,33.0782843790608,8.85218853856037e-09,5.29289100104246e-06,"macrophagesBYo",40.8380889105927
"Marco",8.63291406246812,3.57686018979949,31.5065225442748,1.98771447284984e-08,1.04700493530612e-05,"macrophagesBYo",396.977674034162
"Gm43175",7.27617690794553,6.14552828238454,30.4122915613463,3.49307781864774e-08,1.75630364958963e-05,"macrophagesBYo",155.005640874821
"Hal",6.77185992361321,2.59589964241837,29.0809049209398,6.94178268224273e-08,3.11769599446337e-05,"macrophagesBYo",109.278056732227
"Fam46a",5.05434815802404,7.1217677237601,28.0861008316941,1.16036230154162e-07,4.56757471419031e-05,"macrophagesBYo",33.2284745432854
"Tmem238",4.08294101346951,4.24223568568617,28.0588164594101,1.17683749359873e-07,4.56757471419031e-05,"macrophagesBYo",16.9468004480081
"Flnb",6.20105996491093,3.77440830029268,27.6309962632234,1.46807292149298e-07,5.50477580376089e-05,"macrophagesBYo",73.5707281418575
"Wnt2",6.51873114959723,2.51687050808564,27.1176158821684,1.91445442867171e-07,7.01997049254774e-05,"macrophagesBYo",91.6924568765339
"Pelp1",4.36337928967531,4.8017658234049,27.096356181535,1.93562446343358e-07,7.01997049254774e-05,"macrophagesBYo",20.5829703599915
"Man2a1",5.0766875314591,3.25988109386474,26.9161069638053,2.12480708744077e-07,7.58179148313744e-05,"macrophagesBYo",33.7470042027136
"Serpinb6a",4.98527554051679,2.94240522358298,25.995140033733,3.42277908420097e-07,0.000113018121910117,"macrophagesBYo",31.6750620519074
"Cyp26a1",7.23714231540903,2.56073393733728,25.4371575171548,4.57029921281968e-07,0.000148689308066485,"macrophagesBYo",150.867925911561
"Ramp3",7.2225284731909,3.43000461652581,24.8307649880118,6.25904933579708e-07,0.000197812783508341,"macrophagesBYo",149.347416721974
"Nucb2",4.34876101514998,3.51982157470708,24.5598137567253,7.20385127529595e-07,0.00021831616679914,"macrophagesBYo",20.3754640958961
"Tpsb2",6.19885244089955,4.0861055966646,24.3733514445982,7.93589072783276e-07,0.000231007513910321,"macrophagesBYo",73.4582407807936
"Marveld1",4.78902436819186,5.69601083444174,24.0552524777571,9.3610561745575e-07,0.000265505956089405,"macrophagesBYo",27.6464889626184
"Cdkn2a",5.97442094819934,2.33259211767909,23.8799242828805,1.02535502758127e-06,0.000283549115939755,"macrophagesBYo",62.8752771097707
"Ehd1",6.26239073531053,6.02355999339421,23.396665274899,1.3180683129115e-06,0.000344147519580824,"macrophagesBYo",76.7657426768988
"4930455G09Rik",8.20449221931371,4.49806530261256,23.0623654581047,1.56830601112352e-06,0.000403437603303321,"macrophagesBYo",294.983861995461
"Fam43a",6.05614874597877,6.92374870035145,22.8753145853552,1.72857628757381e-06,0.0004296774517977,"macrophagesBYo",66.5399439558106
"Adamtsl5",5.47943633028253,2.38968007994692,22.5219724736308,2.07753608290229e-06,0.000508355056700705,"macrophagesBYo",44.6143628149472
"Msr1",7.22794047525134,4.7489349720566,22.2277402203744,2.42149835664848e-06,0.000576030195098219,"macrophagesBYo",149.908717922897
"Gm26641",4.64951651767378,2.47716694446677,21.6865965199733,3.21026530659707e-06,0.000747586309240495,"macrophagesBYo",25.0982786772995
"Wfdc18",5.64811373472638,3.97207274389838,21.31220651941,3.90238688751607e-06,0.000854777278341762,"macrophagesBYo",50.1477732038618
"Ptgis",8.56622312215344,5.0364177160841,20.9776062658543,4.64683256735516e-06,0.000998076474636876,"macrophagesBYo",379.044421435506
"Nt5e",6.95327433479783,3.07657893521558,20.9161507990511,4.79831870207337e-06,0.00102070389082663,"macrophagesBYo",123.920781282911
"Bst1",5.96780073496645,4.09606440621477,20.5829122596877,5.71035426454082e-06,0.00114845606722215,"macrophagesBYo",62.5874171297925
"Klf10",5.0885606503203,7.0862217177618,20.4531426296113,6.11091320423295e-06,0.0012077111806091,"macrophagesBYo",34.025881916982
"Spaca9",4.82132974560601,2.51124555876375,20.4521247424734,6.11416409294489e-06,0.0012077111806091,"macrophagesBYo",28.2725429446387
"Naip1",6.19916120716912,1.99409985619348,20.4248600743341,6.20188989208357e-06,0.00121419831931473,"macrophagesBYo",73.4739640304413
"Cks1b",3.925352521913,5.48221536053301,20.3817564841222,6.343163294768e-06,0.001230963171668,"macrophagesBYo",15.1931859301278
"F5",9.21059958097099,5.29400413706975,20.2373678932542,6.84036378969643e-06,0.00130456351827116,"macrophagesBYo",592.470528483861
"Insl6",5.33703576146153,2.14875225841505,20.0386749410738,7.58916403849893e-06,0.00142283962731959,"macrophagesBYo",40.4210743224686
"Cfp",9.61410233579702,10.4734379605504,19.6468278591906,9.31578368042715e-06,0.00163565938382611,"macrophagesBYo",783.669932839821
"Agtrap",3.61745209103811,4.77884276463452,19.4496160183538,1.03288602569848e-05,0.00179313481595663,"macrophagesBYo",12.2733067073097
"Kctd9",4.9600532004411,2.99816509029049,19.3648578655547,1.07975849631149e-05,0.00182347306976328,"macrophagesBYo",31.1261060940938
"Asf1b",4.06149328607381,3.03079407928379,19.3412371876598,1.09319758043039e-05,0.00183218258120164,"macrophagesBYo",16.6967254624756
"Lyz1",9.64771961889477,8.03409837966479,19.2070030465984,1.17282348822189e-05,0.00190928538154639,"macrophagesBYo",802.145211076679
"Glb1",3.13053732316447,4.29098207540771,19.2055389643482,1.17372332816665e-05,0.00190928538154639,"macrophagesBYo",8.75761072264491
"Gm35657",4.48740520518132,2.13817993154785,19.1174511558082,1.22915837822356e-05,0.00198486648185693,"macrophagesBYo",22.4307383509895
"Gm13647",6.06470186758194,1.94376726884473,19.0615582259418,1.26568857960162e-05,0.00201672588804434,"macrophagesBYo",66.935602498917
"F10",9.42314882670468,5.37208351006607,19.0594016065325,1.26711973257769e-05,0.00201672588804434,"macrophagesBYo",686.515663375784
"Mpp1",4.10414206628365,5.82108432698635,19.0270445304741,1.28878834158439e-05,0.00203656174863368,"macrophagesBYo",17.1976801867862
"Prdx4",2.85645381744281,5.81906974691309,18.9773864069314,1.32276901745422e-05,0.00207543396972623,"macrophagesBYo",7.24232950847837
"Acly",3.80666412476332,6.02968228389703,18.9234991542035,1.360662515335e-05,0.00209640086734362,"macrophagesBYo",13.993298065896
"Tspan32",3.29474500774285,3.59856218738508,18.9180416363245,1.36456052478181e-05,0.00209640086734362,"macrophagesBYo",9.81334518380746
"Gmnn",3.67647522954845,3.43392720382247,18.8709008021759,1.39870094521447e-05,0.00213403179386067,"macrophagesBYo",12.7858416772542
"Cd36",5.33222324626467,3.22851426167386,18.6404918630774,1.57832432981713e-05,0.00237532443187377,"macrophagesBYo",40.2864630986241
"S100a10",5.98761662437116,7.55555522420571,18.5482488289424,1.65657348469036e-05,0.00247624156768951,"macrophagesBYo",63.4530067951935
"Akr1c13",4.44004776043889,2.90034508794409,18.1891842923581,2.00011466991962e-05,0.0029044259639548,"macrophagesBYo",21.7063878175315
"Gm37932",3.46803278469767,3.63859911228938,18.1810591897841,2.00866596973776e-05,0.0029044259639548,"macrophagesBYo",11.0657764948047
"Ms4a8a",10.6554407950502,5.70938289189237,17.9132568833024,2.31205000563627e-05,0.00327881296632636,"macrophagesBYo",1612.89945933885
"Birc5",5.93742174047818,4.34902998380474,17.8753533190128,2.3585594341571e-05,0.00332346562814379,"macrophagesBYo",61.2832855402332
"Platr26",5.78462405892787,1.77383184241196,17.8070350174484,2.44477640466876e-05,0.00341070808833942,"macrophagesBYo",55.1245878472444
"Fabp5",7.37225939277981,8.9490868487898,17.748012358378,2.52180831472457e-05,0.00348687283416573,"macrophagesBYo",165.680430002217
"Apoc1",6.70738022092296,4.49776370427065,17.5193922288596,2.84392149745103e-05,0.00388370835111785,"macrophagesBYo",104.501527557829
"Baiap2",4.93926039286521,3.56574937462483,17.3694761975478,3.07728517833749e-05,0.00412598666668851,"macrophagesBYo",30.6807191128633
"Ecm1",11.3818385183724,9.46019305724076,17.3494574552152,3.10987037740431e-05,0.00414455797345274,"macrophagesBYo",2668.54665332474
"Mst1r",6.65678633968936,2.45565466461033,17.199482684336,3.36527981644489e-05,0.00443155270114347,"macrophagesBYo",100.900278039018
"Gm1673",5.69608898007377,7.3256575799343,17.0430417529982,3.65420306763132e-05,0.00472891716695555,"macrophagesBYo",51.8434197234951
"Anp32b",2.79929226328332,4.93165357102804,17.020432199324,3.69797346600059e-05,0.00472891716695555,"macrophagesBYo",6.96098884620077
"Grk6",4.01747991689439,5.72082428970722,17.0075496459503,3.72314841377603e-05,0.00473374783666478,"macrophagesBYo",16.1950376490179
"Uap1",3.19734547959649,4.33892669169493,16.972390452179,3.79273633380294e-05,0.00479466890929843,"macrophagesBYo",9.17269379139087
"Rfc5",3.05208617759735,4.14848241629941,16.7332383001986,4.30206501922982e-05,0.00525826433261996,"macrophagesBYo",8.29410423138107
"Ptger4",3.97296108251514,3.04280038746385,16.645816973917,4.50495455284253e-05,0.00541936261558898,"macrophagesBYo",15.7029214210803
"Rpn2",2.87370837629775,6.30233363228199,16.5299437036763,4.78878184803944e-05,0.00569581832388045,"macrophagesBYo",7.32946744268498
"Hist1h2ag",7.29137966646652,2.67361016911247,16.516219030101,4.82356957101154e-05,0.00570651495291381,"macrophagesBYo",156.647687989193
"Slpi",10.8591414275222,9.48203803741785,16.3638576652862,5.22725538846959e-05,0.00605458486696926,"macrophagesBYo",1857.49347497945
"Txn1",3.256856287563,6.17413333959588,16.3493046039479,5.26754868322002e-05,0.00606947809994148,"macrophagesBYo",9.55897738469067
"Kif22",5.41755512609361,2.65754953988414,16.3148623805489,5.36415814534473e-05,0.0061487704999721,"macrophagesBYo",42.7411886710153
"Gypc",5.96739892997728,2.78006017385529,16.2475460036353,5.55815389643598e-05,0.00633830096138418,"macrophagesBYo",62.5699883356962
"Fam20c",5.08953987524436,3.84890559871009,16.1619424486074,5.81507684527843e-05,0.00649732045697447,"macrophagesBYo",34.0489847216863
"Clec4d",6.5284978196199,5.74765816701365,16.0411935199802,6.19792196706617e-05,0.00689028279785954,"macrophagesBYo",92.3152968036873
"Cyp2e1",3.15764938453383,3.20752754556062,15.9759652001071,6.41517852754455e-05,0.0070608455007397,"macrophagesBYo",8.92374559391683
"Aldh2",4.34678866367985,6.33590436546447,15.9341214679029,6.55856456191667e-05,0.00718292692095458,"macrophagesBYo",20.3476272231529
"Ldha",2.81930165342535,7.77765678906286,15.8884976413712,6.71858024608829e-05,0.00732192861005967,"macrophagesBYo",7.05820656927372
"Ccnb2",5.58139639662791,3.44752744241334,15.7873058195744,7.08764512755605e-05,0.00768627319396679,"macrophagesBYo",47.8814984385948
"Rpl31-ps11",4.99262666481164,4.34995640421081,15.7744567299579,7.13594464810049e-05,0.00770090260731352,"macrophagesBYo",31.8368714065106
"Gm38832",6.45355017891483,2.3661247392606,15.7608081427198,7.18761216640385e-05,0.00771900698822099,"macrophagesBYo",87.6419803699657
"Aldh1a2",5.11284704986038,1.76817158610321,15.664320614023,7.56376617929118e-05,0.00804486534540667,"macrophagesBYo",34.6035236766864
"Irf2",2.69008497566423,3.84737380844455,15.6339206776789,7.68633476232538e-05,0.00813611406444614,"macrophagesBYo",6.45351417871146
"Mucl1",5.64054958879101,1.75188134552482,15.5337930342865,8.10434488609814e-05,0.00845718971297874,"macrophagesBYo",49.8855331694179
"Hdgf",2.58757861738332,6.60112731403158,15.4970463328736,8.26342762454928e-05,0.00858271405342271,"macrophagesBYo",6.01088999405281
"Fignl1",4.57766436377532,2.46138865429099,15.3360086689969,8.99848602730855e-05,0.00921636603621051,"macrophagesBYo",23.8788981729956
"Gm33973",8.64393499133642,4.17770510773847,15.2580024130193,9.3778579791764e-05,0.00955769198573864,"macrophagesBYo",400.021849028828
"Fkbp11",4.49263855884647,3.36893111430011,15.1843924773291,9.75060065231789e-05,0.00984988759046706,"macrophagesBYo",22.5122532606883
"Pygl",5.718738863051,5.10309518036701,15.1690734333919,9.83002764307955e-05,0.00988498643399313,"macrophagesBYo",52.6637687590354
"Mfsd5",2.98618102853787,8.41448535992806,15.1035337420237,0.000101772600371247,0.0101419605315905,"macrophagesBYo",7.92373717903726
"Gnai3",2.95506510972982,5.54802649464837,14.9821553027358,0.000108532664859999,0.0106241953305211,"macrophagesBYo",7.75466850062452
"Crip1",6.90505115248942,9.90605761460314,14.9510669135277,0.000110335654601639,0.0107531087522117,"macrophagesBYo",119.847096919379
"Gm26554",3.3521330211176,2.42723355882392,14.8621505060182,0.000115660593659086,0.0111250404935651,"macrophagesBYo",10.2115716469382
"Lbp",4.6091310896605,3.05999536247685,14.805621186195,0.000119179725826722,0.0113647115278645,"macrophagesBYo",24.4054439380714
"Rpia",3.1997677741029,3.33200209627533,14.7853731377847,0.000120466283319498,0.01143809264325,"macrophagesBYo",9.18810774131694
"Gm47015",6.65310780378394,4.84545555734399,14.7729572537632,0.000121262091898584,0.0114627305374916,"macrophagesBYo",100.643333574266
"Selenow",3.34643748238805,8.40053623777391,14.6814955574654,0.000127289849237245,0.0118637447989775,"macrophagesBYo",10.1713373999807
"Cdkn3",4.38934486252725,2.32031856977283,14.6764565526998,0.000127630577324804,0.0118637447989775,"macrophagesBYo",20.9567756885427
"Cenpw",3.470893972968,3.02011986858262,14.6166516879896,0.000131745281780741,0.0121949827147922,"macrophagesBYo",11.0877441910125
"Serpinb10",8.88195114580343,5.45182534525978,14.5973808231743,0.000133099408069938,0.0122689925197135,"macrophagesBYo",471.773687320755
"Plk1",5.85399136070056,2.85745711895468,14.4632662495138,0.000142919656021869,0.013011570165316,"macrophagesBYo",57.8398281484396
"Bcam",6.25846797335277,6.00043612442375,14.4522486518803,0.000143758121137541,0.0130342660406796,"macrophagesBYo",76.5572961942637
"Lmna",4.70396362589217,4.89195043346561,14.4318784948137,0.000145321404561116,0.0131222262575738,"macrophagesBYo",26.0635848789546
"Car6",5.13664884782968,1.74344796559073,14.4192514968631,0.000146299031034792,0.0131568026974907,"macrophagesBYo",35.1791531252274
"Aplp2",3.49686121411877,6.01945006604373,14.4003718286094,0.000147773128796358,0.013220442894492,"macrophagesBYo",11.2891206924329
"Siva1",2.63854913919794,5.62361215263829,14.3949163437355,0.000148201864025404,0.013220442894492,"macrophagesBYo",6.22705119059403
"Gm26774",5.53582908334237,1.71739128413387,14.3687746269336,0.000150273733355264,0.0132863220934925,"macrophagesBYo",46.3928021527455
"Pfkl",2.90858649767408,5.34294622259878,14.3190574712503,0.000154294913994861,0.0135455015170965,"macrophagesBYo",7.50882150688217
"Aifm2",6.06035580931179,2.74886688557762,14.2845929974063,0.000157145868576463,0.0137412571166683,"macrophagesBYo",66.7342652175563
"Aurka",3.69032922898164,2.7310991510014,14.1963111098922,0.000164693064861173,0.0143445065902509,"macrophagesBYo",12.9092137474684
"Pomk",3.55529926984718,4.15779602296965,14.1044310376631,0.000172935918754893,0.0148289198861027,"macrophagesBYo",11.7557874109411
"Rnf141",3.25724311480125,4.30101937739732,14.0585903931402,0.000177202558317838,0.0151361088712955,"macrophagesBYo",9.56154075982328
"Lpl",3.85179260516377,3.81525770214837,13.8738043404058,0.000195504530781527,0.0163382168967731,"macrophagesBYo",14.4379359626157
"G6pd2",3.02436737657678,3.73231629465028,13.8612581368773,0.000196814097099601,0.0163688656771972,"macrophagesBYo",8.13626899122741
"Ahcy",3.41192698743124,2.85476331289559,13.8341339981978,0.000199675586404152,0.0164829216343995,"macrophagesBYo",10.6436936541109
"Incenp",3.96050319726292,3.21692145558747,13.8221955470973,0.000200948294181843,0.0165263164021744,"macrophagesBYo",15.5679081387618
"Adipor2",2.924703733579,3.86079958821924,13.627121486305,0.000222941424619639,0.0180004859009499,"macrophagesBYo",7.59317750114769
"Cenpa",3.71796326487307,4.64478190139831,13.6089015704401,0.000225115565590574,0.0181099333002191,"macrophagesBYo",13.1588660329061
"Serpinb8",5.6059912336665,3.59488181387247,13.5828443097196,0.000228262100480123,0.0182965306120354,"macrophagesBYo",48.7047722382621
"Fzd1",6.3996498196587,5.41076645185872,13.3909150842208,0.000252846002166,0.0201180285711633,"macrophagesBYo",84.4280108852199
"Gm26623",3.0327932151888,4.88855913004084,13.3798172912944,0.000254346505163783,0.0201180285711633,"macrophagesBYo",8.18392665270284
"Cdkn2c",3.7889610858158,4.20695986377073,13.3737479554877,0.000255170916875533,0.0201180285711633,"macrophagesBYo",13.8226381518038
"Itgb1",3.23743608636309,6.25829131012823,13.3595274797321,0.00025711307984492,0.020170612288685,"macrophagesBYo",9.43116560928449
"1700025O08Rik",2.98317889779421,2.45513610685028,13.3351574785818,0.000260476125433934,0.0203622378903708,"macrophagesBYo",7.90726567193952
"Pqlc3",5.26973050924732,5.13107967772293,13.3000145684781,0.00026540405499592,0.0206744151713899,"macrophagesBYo",38.5786434475757
"Rab27a",2.83848070551969,3.23907696831021,13.292652510647,0.000266448249693077,0.0206829285191577,"macrophagesBYo",7.15266416722734
"Pitpna",2.69148572049368,6.18102535283842,13.2753090546582,0.000268924550516376,0.0207440717247536,"macrophagesBYo",6.45978308254639
"Ltbp1",5.73536827218317,2.17705797481791,13.2711086048771,0.000269527772716421,0.0207440717247536,"macrophagesBYo",53.2743164516154
"Rad51",5.03873713408273,1.85982750795721,13.2674871690675,0.00027004893806125,0.0207440717247536,"macrophagesBYo",32.8708562876703
"Ephx1",3.03891233342384,3.21108220495671,13.2175965490549,0.000277333023234659,0.0211574676410324,"macrophagesBYo",8.21871208291342
"Ddx39",5.34432488476686,5.30929467638438,13.2031932253534,0.00027947253747863,0.0211574676410324,"macrophagesBYo",40.6258159703626
"Cyb5r3",2.69823806462649,5.25528438995573,13.2022837083145,0.000279608197121196,0.0211574676410324,"macrophagesBYo",6.49008811052144
"Gm32089",5.79119735769139,1.78822811580091,13.1982385573478,0.000280212359030081,0.0211574676410324,"macrophagesBYo",55.3763230455326
"Ednrb",9.31165852779567,7.11506446598539,13.186746047603,0.000281936008362104,0.0212152051462409,"macrophagesBYo",635.460450410971
"Dok2",5.56941071421484,3.40932347453646,13.1197345426797,0.000292201434347577,0.0218390957164576,"macrophagesBYo",47.4853543459524
"Eno1",3.07754442679826,7.39975844777159,13.1079128204582,0.00029405111287533,0.0219033426604071,"macrophagesBYo",8.44176358613774
"Ptpn7",6.28993954132487,3.46372311586086,13.0938858484323,0.000296261153917702,0.0219939111010783,"macrophagesBYo",78.2456986798531
"Itgb7",9.02231345752262,6.7884121975844,13.0584923030373,0.000301912368415551,0.0223338517640467,"macrophagesBYo",519.980408658946
"Hist2h2be",3.01620565493573,3.86565119000589,13.0463946532794,0.000303868796319579,0.0223338517640467,"macrophagesBYo",8.09036983986896
"Slc25a51",2.75585696590799,5.04415251024564,12.9844186643591,0.000314093844626058,0.0229329971110967,"macrophagesBYo",6.7545373965144
"Plod3",2.77239034157203,7.67518867034932,12.9448652381719,0.000320800190947638,0.0233198969590743,"macrophagesBYo",6.83239006494954
"Dmpk",6.33083732853231,4.86641910099684,12.9355025517753,0.000322408670533543,0.0233198969590743,"macrophagesBYo",80.4955613870928
"Engase",3.67435910340894,4.99112334787865,12.9343817371703,0.000322601767126104,0.0233198969590743,"macrophagesBYo",12.7671013200094
"Alox5",4.29759585996095,4.07284446300292,12.9043137943099,0.000327825699691367,0.0233198969590743,"macrophagesBYo",19.6655122333988
"Pimreg",5.48821034151189,3.49062218752064,12.8652113738102,0.000334747084054886,0.0236600950177196,"macrophagesBYo",44.8865198915409
"Spc24",4.95114168460751,3.53375256071946,12.833132811825,0.000340535111482264,0.023930592368502,"macrophagesBYo",30.9344329745526
"Impdh1",4.32273821379473,4.44252488967582,12.8320208827509,0.000340737539939345,0.023930592368502,"macrophagesBYo",20.0112337864993
"Gm29325",3.79679073788731,2.47991953074349,12.7628764084342,0.000353566769825173,0.0245871571406506,"macrophagesBYo",13.8978589394983
"H2afx",2.70252270348781,6.66860040553354,12.757778963459,0.000354531624457241,0.0245871571406506,"macrophagesBYo",6.50939157845289
"Msrb1",3.53721817181239,6.34864534881456,12.651404281437,0.000375283682178523,0.0257947761420693,"macrophagesBYo",11.6093731594391
"Fgfr1",7.08912592156312,4.50249687223719,12.6411270256494,0.000377352417590193,0.0257947761420693,"macrophagesBYo",136.156865679284
"Tagln2",5.55482337315629,9.0605013677163,12.6409961290169,0.00037737884016416,0.0257947761420693,"macrophagesBYo",47.007640842403
"Mcm6",4.14556012765891,3.91572699902589,12.6261940661395,0.000380378829297657,0.025892679509391,"macrophagesBYo",17.6985606015829
"Fcrla",6.05154054717734,2.38100661768936,12.6107293392741,0.000383538823187214,0.0260276975011372,"macrophagesBYo",66.3277438090091
"Cdca5",4.61809886114991,2.71503370163138,12.5777337228683,0.000390369813145802,0.0264102488569559,"macrophagesBYo",24.5576202973269
"Emilin1",5.93232693378729,4.44703160375692,12.5555367843662,0.000395034109028104,0.0266443280305754,"macrophagesBYo",61.0672483137162
"Ikbke",5.89201234443136,2.72893488114364,12.5086449971105,0.000405073279947905,0.02715586718875,"macrophagesBYo",59.3844106151605
"Orm3",6.30938911528327,2.77949466781633,12.4870346342794,0.000409786152602419,0.0273598705914301,"macrophagesBYo",79.3077041847168
"Nfe2",6.15872119753934,6.21038243071597,12.4777636300515,0.000411824929665191,0.0273598705914301,"macrophagesBYo",71.4430217873705
"Gm44154",4.5137202613687,3.56761763781106,12.4457761623639,0.000418938155102752,0.0277490083992161,"macrophagesBYo",22.8436338639029
"Padi4",7.59659328872381,4.13119687140543,12.3948751787755,0.000430513771698733,0.0283460005097949,"macrophagesBYo",193.554130965446
"Fcor",7.00222608073907,6.09891031358623,12.3373305057059,0.000443989472173351,0.0289470589783987,"macrophagesBYo",128.197656656313
"Nupr1",4.04540679147255,6.27439171572231,12.334710278538,0.000444613104639076,0.0289470589783987,"macrophagesBYo",16.5115859243249
"Capns1",2.36539242795762,7.14711280109216,12.328122978962,0.000446184835313202,0.0289470589783987,"macrophagesBYo",5.15292797707687
"Ncapd2",4.63832307694672,3.53518799285508,12.2950962971039,0.000454149937639571,0.0293109317893461,"macrophagesBYo",24.9043020916467
"Mxd3",5.06964398487009,2.77312148471994,12.2938909920162,0.000454443321599499,0.0293109317893461,"macrophagesBYo",33.5826456341974
"Tln1",3.79021955472313,7.10571877298645,12.2233197411582,0.00047195878659748,0.0301767174447863,"macrophagesBYo",13.8347009572252
"Dmwd",4.15231831160144,6.03880228099433,12.2168805334715,0.000473590501610309,0.0301937829023771,"macrophagesBYo",17.7816625146241
"Aurkb",4.935589830297,4.26729490403178,12.2107679970431,0.000475144704285382,0.030205822680763,"macrophagesBYo",30.6027592135506
"E2f1",3.98644040123258,3.57943872121914,12.199516841405,0.000478018947062937,0.0303014703893219,"macrophagesBYo",15.850323727848
"5031425F14Rik",4.2409525562093,2.39124307636503,12.1261908731741,0.000497185710686819,0.0314263985072129,"macrophagesBYo",18.9083629291936
"Atp1a1",2.35640264144495,6.73190444643514,12.0957889591743,0.000505358270025753,0.0317116874687207,"macrophagesBYo",5.12091865203078
"4930524J08Rik",3.17990091847122,3.42530661475892,12.0934248285052,0.000505999442953415,0.0317116874687207,"macrophagesBYo",9.06244866939785
"Pi16",7.35661953527052,5.46779718127192,12.0601133920001,0.000515121586628976,0.0321836294582196,"macrophagesBYo",163.894034734532
"Gm33280",4.17487103685226,2.04175126909882,12.0553504645444,0.000516439382437642,0.0321836294582196,"macrophagesBYo",18.0618158510263
"Ccnb1",5.43760485905504,3.19473373239482,12.0273655716323,0.000524251207592811,0.032487421472201,"macrophagesBYo",43.3393274093687
"Cdca3",5.05807152403535,4.41020588372252,11.9838128901734,0.000536646672963865,0.0330702906573247,"macrophagesBYo",33.3143426995736
"9130008F23Rik",5.9506489262551,2.25853336501795,11.8932472733993,0.000563378166212818,0.0346211532531283,"macrophagesBYo",61.8477379949618
"Il3ra",3.99989764724711,3.34388730631486,11.8517381967553,0.000576075496457611,0.0351088655871397,"macrophagesBYo",15.9988649119118
"Platr17",4.71067570821165,3.53904683039837,11.8323300698084,0.000582111055806052,0.0353792387021904,"macrophagesBYo",26.185127205669
"D130058E05Rik",5.30754732018781,1.71851748129131,11.6838827209094,0.000630438325773801,0.0377972549623138,"macrophagesBYo",39.6032608939362
"Mzb1",7.42970062958897,4.23335362083369,11.6619636959872,0.000637909708899563,0.0381095745282377,"macrophagesBYo",172.410117689913
"Cd79a",6.14085949824478,4.82393157051485,11.6215280146468,0.000651928211061459,0.0387704511110555,"macrophagesBYo",70.5639539915088
"Idh1",4.17824914757569,6.23085447167045,11.6086583472704,0.00065645490880215,0.0388308875599732,"macrophagesBYo",18.1041576500985
"Gm12972",5.36650579330546,1.65355432451623,11.5736801300311,0.000668918991073737,0.0393532588556204,"macrophagesBYo",41.2552492854103
"Plin2",4.11786572720594,5.35439980463982,11.5602998716884,0.000673749861487094,0.0394228025070241,"macrophagesBYo",17.3620539745071
"Stfa3",3.64732684256135,1.92743325716821,11.5276822090696,0.000685674490122368,0.0398141121915411,"macrophagesBYo",12.5301071143411
"Tmem246",4.88768115194103,4.18674718616714,11.4515123057261,0.000714358385863235,0.0411997730186912,"macrophagesBYo",29.6031984117601
"AB124611",5.78887794402802,5.51864393373535,11.4495189251247,0.000715125111385319,0.0411997730186912,"macrophagesBYo",55.2873663323596
"Tubb6",5.74555893184973,6.18596017562476,11.4128739438392,0.000729369153101506,0.0418026781711519,"macrophagesBYo",53.6519585438026
"4930555A03Rik",6.83659618920525,2.41902296960423,11.3820800043451,0.000741560323994585,0.0422823171333304,"macrophagesBYo",114.293233911587
"Fabp7",8.99049580238022,9.06642265592077,11.330167074567,0.000762580399856383,0.0431472280972449,"macrophagesBYo",508.63812825574
"Dusp23",3.30938362811688,4.15863388503028,11.3163962367412,0.000768256707614562,0.0432781566746609,"macrophagesBYo",9.91342531815814
"Hist1h3c",5.73808543884653,1.94150475547792,11.3029649203502,0.000773834194036103,0.0434505935905094,"macrophagesBYo",53.3747476542588
"Pilrb2",7.04585167253432,6.17251376938409,11.2539549998543,0.000794535404924742,0.0445000171218989,"macrophagesBYo",132.133426840561
"C4a",5.58299999570966,2.28390505972661,11.2275929150116,0.000805901006793548,0.0449091888496062,"macrophagesBYo",47.9347497590237
"Fam234a",3.96198626604806,4.75985140433371,11.2122633023172,0.00081258553956274,0.0451679143008706,"macrophagesBYo",15.5839199425212
"Dusp3",3.33480135425582,5.18481750677944,11.1185641596792,0.000854679256268405,0.0466865905837677,"macrophagesBYo",10.0896299264165
"Gda",7.16342390277519,4.71009663818733,11.0940040911614,0.000866072819885596,0.0470764840155505,"macrophagesBYo",143.3525644161
"Tcf19",4.3966343461804,4.41402818599572,11.0772348511536,0.000873940257599631,0.0471551729569816,"macrophagesBYo",21.0629316360317
"Cybb",6.19010255763687,6.86079093700859,11.0727714022524,0.000876046471333881,0.0471551729569816,"macrophagesBYo",73.0140680213479
"Ddx41",2.49381150865702,6.03907933961004,11.032521373849,0.000895272973709203,0.0477736446893833,"macrophagesBYo",5.63264094239879
"Acaca",4.66132613314594,2.16080186198436,11.0269595267472,0.000897963076819972,0.0477736446893833,"macrophagesBYo",25.3045713924606
"Fn1",11.05605711914,8.94602708269289,11.0050217438487,0.00090865366683355,0.0480912561515756,"macrophagesBYo",2129.14297853696
"Bhlhe40",7.69607495782651,8.50188699724408,10.9786758481252,0.000921662603877658,0.0486266622603032,"macrophagesBYo",207.371663339212
"S100a4",6.70792117682329,8.57354614510076,10.9208103173189,0.000950900077065074,0.049615005671959,"macrophagesBYo",104.540719012769
"Avpi1",2.5207126585001,3.68638532396729,10.9067780800883,0.000958130269926287,0.0497575492055851,"macrophagesBYo",5.73865505695313
"Prtn3",5.90015606696976,5.01257906714113,10.8912117155521,0.000966215989805978,0.0500599445959664,"macrophagesBYo",59.7205715238964
"Tep1",3.12536195914197,4.40870105520492,10.8865816927198,0.000968634274908429,0.0500679814574747,"macrophagesBYo",8.72625092416305
"Rfk",2.3985250590291,6.26305435386366,10.8750356017133,0.000974691554327535,0.0502636392922799,"macrophagesBYo",5.27263839860177
"Ube2c",4.82005821131977,4.40694754303521,10.8483150527413,0.000988856930475833,0.0508714830389635,"macrophagesBYo",28.2476356225008
"Gapdh",2.80069776820977,8.12073911723449,10.8400725548938,0.000993268406060646,0.0508714830389635,"macrophagesBYo",6.96777369756274
"Sh3bgrl",4.5879789878155,4.14707641878501,10.8398700130697,0.000993377058845195,0.0508714830389635,"macrophagesBYo",24.0502333659979
"Add3",3.95893964272415,4.56384546459958,10.8265341876984,0.00100055752385054,0.0511208639726224,"macrophagesBYo",15.5510451931695
"Ldlr",5.39010026827008,5.81022784967776,10.7824886175424,0.00102464828498404,0.0518725263357024,"macrophagesBYo",41.9355033677152
"Mzf1",3.89123908652097,2.54886050019252,10.7133086922799,0.00106367644488232,0.0536029931438074,"macrophagesBYo",14.8381475489054
"Mocs1",3.37200041832844,3.39297860441478,10.6332052931042,0.00111075026586778,0.0554698151959208,"macrophagesBYo",10.3531682379
"Gadd45a",3.00864934762294,5.82042334877009,10.623699620837,0.00111647452460148,0.0556301033958528,"macrophagesBYo",8.04810622819244
"Tgfb2",6.49556227114029,3.13882064135084,10.6032507288851,0.00112889008963833,0.0559964920472393,"macrophagesBYo",90.2316880734625
"Rilpl2",4.16989190938873,5.50145569426287,10.5882871306137,0.00113806367505208,0.0563252409019625,"macrophagesBYo",17.9995871267897
"Thbs1",7.59722908072107,8.08016160488232,10.5788617844719,0.00114388065658783,0.0563609616162417,"macrophagesBYo",193.639448571836
"Fcgr4",2.73515868303029,4.41202019405342,10.5661377648634,0.00115178120589513,0.0565491383437614,"macrophagesBYo",6.65832219090326
"Ung",4.80015587730403,2.39296230082403,10.5644840524366,0.00115281206857282,0.0565491383437614,"macrophagesBYo",27.8606280898816
"Nxpe5",4.87612108082732,2.0127162864611,10.4569467055527,0.00122189075805788,0.0596730446810473,"macrophagesBYo",29.3669408049087
"Prdx6",3.88390916792934,7.2016711259052,10.4448799227539,0.00122989901962856,0.0598260965809341,"macrophagesBYo",14.7629503779377
"Ybx3",2.72786588988496,4.48500796957114,10.4279115790235,0.00124125020705369,0.0598260965809341,"macrophagesBYo",6.6247494382755
"Wfdc17",7.51119481062006,11.5757177281864,10.4039849831081,0.00125743660826819,0.0604686094153199,"macrophagesBYo",182.429446839815
"BC064078",4.99476544563615,2.55666741602898,10.4001549274002,0.00126004741402443,0.0604686094153199,"macrophagesBYo",31.8841042492211
"Smpdl3a",5.71992240452591,8.15941565282675,10.3643808889768,0.00128469975432853,0.0611984845359894,"macrophagesBYo",52.7069901789881
"Cyp2ab1",6.16150991789064,3.14328809450379,10.361656581387,0.00128659699392135,0.0611984845359894,"macrophagesBYo",71.5812542529393
"Coro1c",2.89807613306827,4.0149352881559,10.3543731555271,0.00129168319408089,0.0611984845359894,"macrophagesBYo",7.45431679895357
"Hist1h2ae",2.83262749710002,3.69334303436814,10.3541286631266,0.00129185428189247,0.0611984845359894,"macrophagesBYo",7.12370363183586
"Il18bp",3.91645474136953,4.43766221541831,10.2945843965748,0.00133421200256559,0.0628630739775886,"macrophagesBYo",15.0997707527858
"Colca2",3.28908295868643,2.08027362847835,10.233866904643,0.00137885289990049,0.0642197109568391,"macrophagesBYo",9.77490687958865
"Kifc1",4.86559198968932,2.52437684731678,10.1727207111674,0.0014253379082822,0.0655566539395572,"macrophagesBYo",29.1533949079071
"Tuba1c",4.24929623542951,6.87775363988082,10.1418981047691,0.00144936845441224,0.0665236064667263,"macrophagesBYo",19.0180343433954
"Flna",4.37739341912137,7.21114252679681,10.1269647841164,0.00146115819291056,0.0668879676730934,"macrophagesBYo",20.7838845813105
"Tmem205",3.07601439612768,5.48145793416273,10.1203930279033,0.00146637726897122,0.0668879676730934,"macrophagesBYo",8.43281553389692
"Rasgrp2",5.91055280063937,4.59067691112875,10.0593181911818,0.00151579312400625,0.0689997763012146,"macrophagesBYo",60.1525003005892
"Gm4841",3.88924711184518,2.39414145791033,10.0496960852892,0.00152373077198717,0.0691497166760664,"macrophagesBYo",14.8176741866121
"Atpif1",2.41326665777556,8.04434071084366,10.0477534661764,0.00152533841422594,0.0691497166760664,"macrophagesBYo",5.326790929163
"Slc2a6",5.09630527133149,5.43714466188488,10.0346459236149,0.00153623074160232,0.0695010893588304,"macrophagesBYo",34.2090295139259
"Cdkn2d",2.86135335344123,6.72526059333949,9.99272716887959,0.00157159681237761,0.0704350317179145,"macrophagesBYo",7.26696699255457
"Serpinb1a",5.48788525784703,5.59499389672824,9.9859283765649,0.00157741006239145,0.0704350317179145,"macrophagesBYo",44.8764067143969
"Gm36172",4.33611519012576,1.94367200261574,9.98388573021789,0.00157916086118906,0.0704350317179145,"macrophagesBYo",20.197645104352
"Usp3",3.30474361032179,3.54260490053049,9.97939571075603,0.00158301628115375,0.0704649279435905,"macrophagesBYo",9.88159282595934
"Usp1",2.8704221461036,4.73504781230084,9.9662482130945,0.00159436049289169,0.0708013852027363,"macrophagesBYo",7.31279108007917
"Pirb",4.55260582241233,7.50212763952306,9.96323084588672,0.00159697560078495,0.0708013852027363,"macrophagesBYo",23.4677207076395
"Tmem107",2.82027406526402,3.54261142362535,9.94814722141028,0.00161011365282324,0.0712410886828169,"macrophagesBYo",7.062965577263
"Arhgdib",2.55218972978345,6.65197851374793,9.9143535791205,0.00163994726520357,0.0721283366761405,"macrophagesBYo",5.86523831942789
"Gm13056",5.9724858424846,1.96006138488987,9.88467127630785,0.00166661301851713,0.0727228398592791,"macrophagesBYo",62.7909982136156
"Gm43682",6.14198391071898,3.45576553058187,9.83399798579883,0.00171315580570891,0.0733831547567279,"macrophagesBYo",70.6189717985877
"Racgap1",5.01478413698859,3.82451681395079,9.81777512718278,0.00172833290902449,0.0736722715729264,"macrophagesBYo",32.3296086132241
"Rilp",4.03704063962365,3.53782156379083,9.80082855326591,0.00174433260392844,0.0739666749258179,"macrophagesBYo",16.4161127483101
"Rrm2",5.07210309349956,4.51162901525095,9.79325698049515,0.00175152954884455,0.0740900348166117,"macrophagesBYo",33.6399368801111
"Sfxn3",3.31489119931221,5.85192945909947,9.72318586500129,0.00181957833277543,0.0763633646049693,"macrophagesBYo",9.95134271867208
"Tmc8",4.33283907184197,3.01462045254558,9.72020572898992,0.0018225311445746,0.0763633646049693,"macrophagesBYo",20.1518316794488
"Aida",2.9835785265362,3.52480450302416,9.69007445438643,0.00185266032758299,0.0765957859837685,"macrophagesBYo",7.90945630006416
"Xdh",5.94226413994938,4.42781374732217,9.68961128178486,0.00185312738676781,0.0765957859837685,"macrophagesBYo",61.4893282120766
"Pml",3.39206287919568,3.34989779029991,9.63379775261472,0.00191029205119641,0.0784070334853768,"macrophagesBYo",10.4981475836685
"Rab32",2.92325602219905,6.04314899504341,9.60006148806782,0.00194570853923996,0.0795654528902136,"macrophagesBYo",7.58556174346124
"C4b",6.73491815851812,3.50936356632048,9.57230395461946,0.00197534724829864,0.0803319984818212,"macrophagesBYo",106.515395445836
"AC121567.1",2.7085159843918,3.85297183856103,9.55364034560819,0.00199553268675919,0.0808556220314533,"macrophagesBYo",6.53648930670617
"Rprm",6.23969473801865,6.25063415659681,9.54732846560184,0.00200240645658654,0.0809858099434442,"macrophagesBYo",75.5675391921686
"Unc119",5.88254399492458,6.63683258576558,9.52266894650446,0.00202949209688691,0.0817822471027852,"macrophagesBYo",58.9959492401321
"Cd300lg",5.93502285092206,3.52894784704395,9.50171672472142,0.00205279745952755,0.0823191177908535,"macrophagesBYo",61.1814693748123
"Gpi1",2.51989688346245,5.90038486954989,9.5006619030755,0.00205397789723596,0.0823191177908535,"macrophagesBYo",5.73541103926855
"Pdlim1",6.21775442538863,3.5983855162113,9.49394060951493,0.00206151579621444,0.0824718154785751,"macrophagesBYo",74.4270126630738
"Rpsa-ps3",2.51677720743173,4.4508305520423,9.47048549058044,0.0020880410498684,0.0832319498130427,"macrophagesBYo",5.72302221673984
"Evi5",3.85119543329358,3.16283539018395,9.45958765806516,0.00210048284763419,0.0834232084382305,"macrophagesBYo",14.4319609333868
"Capn2",4.44684672991969,4.292908851596,9.44835790722727,0.00211338225080743,0.0834232084382305,"macrophagesBYo",21.8089246411143
"Spc25",3.71322268412851,3.01123225623778,9.42775922067037,0.00213725279251798,0.0841324617951518,"macrophagesBYo",13.1156980116755
"Gm26698",5.31185295011629,1.68547158810886,9.38023595425079,0.00219337318519674,0.0858831769488629,"macrophagesBYo",39.7216308073954
"Diaph1",4.22837589442197,3.61838433989898,9.37425416461497,0.00220054222313109,0.0860116530076486,"macrophagesBYo",18.7442460796088
"Kbtbd11",4.51243957654263,4.05909925121612,9.34078677737153,0.00224109289487858,0.0869819265147348,"macrophagesBYo",22.8233644977667
"Ptgir",6.72349272623373,5.82023164950905,9.32950935051975,0.00225492723828302,0.0873018953621583,"macrophagesBYo",105.675177560711
"Rap2b",3.72278908674966,5.27522763319239,9.32377990107895,0.00226198887351356,0.087333298165341,"macrophagesBYo",13.2029562031179
"P2ry2",5.52946158161087,2.59498286849624,9.31664483413519,0.00227081432843259,0.0875212985852165,"macrophagesBYo",46.1884933467549
"Zbtb42",4.26919037834425,3.292533628569,9.24161479069225,0.00236576237732757,0.0902833166402238,"macrophagesBYo",19.2821013422313
"Selenbp1",2.74778426542885,4.07941108096112,9.23753128634916,0.00237104402513086,0.0902833166402238,"macrophagesBYo",6.7168474592281
"Elovl5",3.78987160503054,5.05077101710906,9.19667165991619,0.00242455570402329,0.0916896510087301,"macrophagesBYo",13.8313647015642
"Pilrb1",6.49238224399832,5.85116885580243,9.17566059540183,0.00245254827885757,0.0924322411808619,"macrophagesBYo",90.033016003705
"Gm7336",2.95240315817707,2.26550182784097,9.07829558202334,0.00258661012847724,0.0960758042476664,"macrophagesBYo",7.74037336621072
"Pbk",4.38853033661786,3.30472069532512,9.07709426424458,0.00258830987350762,0.0960758042476664,"macrophagesBYo",20.9449471187477
"Prr7",3.54538808718144,3.8435467038866,9.04888402492973,0.00262855215040137,0.0970809002058922,"macrophagesBYo",11.6753030059737
"Cdc25b",4.83406396848243,3.52716664136212,8.93839742643306,0.00279237602150662,0.10160482684834,"macrophagesBYo",28.523200547205
"Efnb2",5.17906729000047,3.13558312812378,8.90790349635654,0.0028393905584113,0.103099420847542,"macrophagesBYo",36.2288546098106
"Cd300ld",5.44137833684073,5.97287031981859,8.90305820701558,0.00284693454022853,0.103099420847542,"macrophagesBYo",43.4528330684093
"Pold1",2.7725083031383,3.57497962886372,8.89831924453163,0.00285433266512271,0.103099420847542,"macrophagesBYo",6.83294873629794
"Cdca8",4.06078975616934,2.63575269160426,8.88852376870203,0.00286968660269115,0.103099420847542,"macrophagesBYo",16.6885852930858
"Rab11fip5",2.74948953525405,3.82431269011071,8.8878576376415,0.00287073377218667,0.103099420847542,"macrophagesBYo",6.72479148689079
"Klf13",3.57356446665608,4.85329661818406,8.8626693914808,0.00291061623857594,0.103603733204031,"macrophagesBYo",11.9055673424007
"Ahnak",6.71356195669462,5.96088390982259,8.85839792091521,0.00291743518395339,0.103603733204031,"macrophagesBYo",104.950261906278
"Gbp2",3.8115390324369,4.1257797826263,8.85832135894303,0.00291755755485746,0.103603733204031,"macrophagesBYo",14.0406617956322
"Mcm2",3.43258939300971,3.79121469970048,8.83530417228422,0.00295458390763418,0.104262778997047,"macrophagesBYo",10.7972304322451
"Slc28a2",5.52184345920414,2.81229928784539,8.83506679244949,0.00295496824260491,0.104262778997047,"macrophagesBYo",45.9452387440668
"Metrnl",5.17415753730919,6.13560924112132,8.81600040622665,0.00298600453074633,0.104689981352934,"macrophagesBYo",36.1057708086633
"Egln3",5.08771543103965,2.81220932106779,8.80256051639593,0.00300808079802519,0.105297106795429,"macrophagesBYo",34.005953305753
"2610507B11Rik",2.90839515946025,5.8905482537556,8.78026658806137,0.00304506693399401,0.106255545395504,"macrophagesBYo",7.50782571138459
"Ly6d",7.58342843530001,5.58368301572032,8.75332003120057,0.0030903892553448,0.107160942783688,"macrophagesBYo",191.79594854724
"Mfsd7a",4.96482734234206,4.18971035325042,8.74058529588361,0.00311204613549432,0.107743030759845,"macrophagesBYo",31.2292786895303
"Lrg1",6.93074371716892,8.6874413497035,8.72385180003952,0.00314073800780081,0.108397109121026,"macrophagesBYo",122.000539485917
"B4galt5",3.58722957949348,3.49026358732292,8.63333038994378,0.00330067603668609,0.111936683065644,"macrophagesBYo",12.0188718550245
"App",3.09506066361577,4.58813894335884,8.63252140692678,0.00330214210574245,0.111936683065644,"macrophagesBYo",8.54488255900818
"Gpx1",3.68946307176372,12.9383575533002,8.60530737250772,0.0033518479546693,0.113051888056199,"macrophagesBYo",12.9014657116716
"Wdhd1",3.68044136970494,2.34174905735054,8.6050837265869,0.00335225957441877,0.113051888056199,"macrophagesBYo",12.8210398356345
"Rras",3.3241527874361,6.83092689525418,8.59979842744796,0.00336200212346379,0.113207873633774,"macrophagesBYo",10.0154322892185
"Capn1",3.34843433045677,2.83420255850523,8.59175564943921,0.00337688286869937,0.11353613936814,"macrophagesBYo",10.185425393225
"Trim59",4.6162186792673,4.30881667786086,8.56046602597807,0.00343541469110502,0.114288239415513,"macrophagesBYo",24.5256366019913
"Gyg",3.02355641783148,4.50363141707613,8.47029314083194,0.00360993251468141,0.118666474030159,"macrophagesBYo",8.13169676758378
"Mcpt4",3.98034896176342,2.79790072959213,8.46469057351532,0.00362106846904095,0.118679848504582,"macrophagesBYo",15.7835405623956
"Atad2",3.36168099787652,3.04888373363194,8.40966931746921,0.00373230542165596,0.121293262812768,"macrophagesBYo",10.2793775195435
"Pilra",3.88021179294356,6.01613079553533,8.40112933566343,0.00374987976008715,0.121640161191214,"macrophagesBYo",14.7251639596152
"Tgfbi",4.37552080411913,6.22294768324314,8.39596149034564,0.00376055546902496,0.121722847692721,"macrophagesBYo",20.7569246454139
"Zfp971",4.87749893269626,4.02600992839853,8.39457111166341,0.00376343298023873,0.121722847692721,"macrophagesBYo",29.3950012207255
"Mcemp1",5.64899580906852,7.20315016067642,8.36819634081444,0.0038184441119352,0.122660547820708,"macrophagesBYo",50.1784432956528
"Clec4e",4.73907761366004,5.05386619310372,8.3288520111388,0.0039020308452637,0.124566563333,"macrophagesBYo",26.7057336650991
"AC155167.2",5.22666919572414,1.61119949853798,8.32457937787902,0.00391121936560744,0.124679979863593,"macrophagesBYo",37.4441697425069
"Iqgap1",5.00168900674434,4.49153946218093,8.30651503086327,0.00395031161669557,0.125564287207121,"macrophagesBYo",32.0374853067191
"Amigo2",4.62617926992324,4.14372555232941,8.26710723540587,0.00403697773390575,0.127230608472555,"macrophagesBYo",24.6955512904083
"Cdc42ep2",5.14255570352869,5.05667704375371,8.26617417108854,0.00403905302441734,0.127230608472555,"macrophagesBYo",35.3234831135826
"Snhg1",2.84686800807158,6.56172998736838,8.25529581660063,0.00406332855908349,0.127440593345369,"macrophagesBYo",7.19436825552074
"H2afz",2.47034954046623,8.76255108475288,8.25368017957733,0.00406694656700405,0.127440593345369,"macrophagesBYo",5.54178038891781
"Prdx5",2.47378142077152,9.66219080808601,8.24744024152027,0.00408095090119391,0.127698552739905,"macrophagesBYo",5.55497885792002
"Htra3",4.4061429505175,4.29086541788838,8.22949227028661,0.00412150585446571,0.128785415280148,"macrophagesBYo",21.2022130057837
"Iglc2",5.92306142961706,4.44213748284115,8.20410993049526,0.00417956068977957,0.130048412292537,"macrophagesBYo",60.6763092962734
"Dnajc10",2.80783607697965,4.25988415577711,8.12230261460746,0.00437239893050647,0.134161694229674,"macrophagesBYo",7.00233496759066
"Rgs18",5.10062891919744,4.29860452513441,8.11363623656398,0.0043933511370217,0.134617877014309,"macrophagesBYo",34.3117051654441
"Fkbp1b",3.68898236957264,4.02957407145095,8.09061564060766,0.00444950452171845,0.135587312030272,"macrophagesBYo",12.8971676933315
"Stom",3.8331471034527,5.67315590321849,8.0854842273325,0.0044621206929128,0.135784726395199,"macrophagesBYo",14.2525395864615
"Nap1l1",2.53280315933512,5.2316518434119,8.07226230666738,0.00449479641533772,0.13640381494721,"macrophagesBYo",5.78694992076151
"S100a1",4.24602618194746,8.24978323842203,8.05380720876141,0.00454081289550467,0.137083435055015,"macrophagesBYo",18.9749763442408
"Myof",4.32804672235109,2.11304544293204,8.03503951518819,0.00458810092702733,0.138233850403804,"macrophagesBYo",20.0850023121477
"Cdc42ep4",2.94140678058306,4.63581177835139,7.97174138795657,0.00475132088943578,0.141942194519823,"macrophagesBYo",7.68159967773014
"Gm28875",6.49273773294175,5.93422055492289,7.96670326869138,0.00476456357436345,0.141942194519823,"macrophagesBYo",90.0552034267954
"Icam2",8.7380012158529,7.65080774511105,7.96396417702498,0.00477177904140438,0.141942194519823,"macrophagesBYo",426.97305427618
"Nat8l",3.76081506958422,5.24327449237607,7.91628256914647,0.00489918355509751,0.145029690630337,"macrophagesBYo",13.555581239191
"Sptbn1",3.97792288334215,4.42201004332899,7.904080099977,0.00493234178887331,0.145210473999988,"macrophagesBYo",15.7570208007285
"A430105I19Rik",5.13146926384494,3.17964926493853,7.87997013768917,0.00499853055880976,0.14627313697427,"macrophagesBYo",35.0530788880891
"B430306N03Rik",3.51644387726476,4.94854866702451,7.87388602872254,0.00501537573768259,0.146572202701125,"macrophagesBYo",11.4434001662783
"Slc25a24",4.37113681304153,2.70708573650252,7.84443432187675,0.00509774072382692,0.148001729702392,"macrophagesBYo",20.6939452565531
"Nbeal2",2.92119244398901,4.13027201771229,7.81667851500122,0.00517662463506871,0.148923884007315,"macrophagesBYo",7.57471938953901
"Hpse",5.44801224929239,3.85696366259286,7.79921576193482,0.00522689151954989,0.149640634106917,"macrophagesBYo",43.6531013539506
"Gm47155",5.25371816619982,2.93270223484241,7.79788205205664,0.00523075102061849,0.149640634106917,"macrophagesBYo",38.1528299432958
"Cdk1",3.66137442793949,3.48421370855464,7.79629095028962,0.0052353591646139,0.149640634106917,"macrophagesBYo",12.6527092436439
"Hirip3",3.05690668858712,4.6462385659221,7.75767219048925,0.00534848494274401,0.152283825467601,"macrophagesBYo",8.32186386874101
"Dut",2.97032987298289,3.57961933230618,7.75527896328679,0.00535557687444683,0.15228975217659,"macrophagesBYo",7.83715414527726
"Chpf",4.02868677416259,5.61502445030378,7.73452013240625,0.00541749589016886,0.152835512269533,"macrophagesBYo",16.3213306129719
"Anxa6",2.93394867865776,4.79660968639392,7.73261380547043,0.0054232185089567,0.152835512269533,"macrophagesBYo",7.64199163579349
"Ptprcap",4.14453046942799,4.3561782690746,7.69739759397842,0.00553005010571062,0.154666622615216,"macrophagesBYo",17.6859335622281
"Ftl1-ps1",2.77823682927372,6.97461788901914,7.68562632378331,0.00556623587046854,0.15509047375614,"macrophagesBYo",6.86013434344689
"Phf19",4.78260005715138,2.26686758760194,7.67204125683,0.00560829765931596,0.155686811889625,"macrophagesBYo",27.5236530351956
"Gm20667",4.51630644906617,2.23620609733527,7.65674619831042,0.00565604198262871,0.156368720002263,"macrophagesBYo",22.8846202862892
"Rab3d",4.00850541282306,4.70386141355489,7.65403878385533,0.0056645364032812,0.156368720002263,"macrophagesBYo",16.0946066495543
"Cd38",4.745091614495,2.87613572335799,7.64862506668948,0.00568156079737461,0.156529476364033,"macrophagesBYo",26.8172912157518
"Fbxo5",3.93672155605184,3.02572857316111,7.63642197768806,0.00572012722748173,0.157023966300304,"macrophagesBYo",15.3133875217119
"Cd209b",4.40431834326,2.57897857106443,7.60890680087899,0.00580806853809979,0.159221685586594,"macrophagesBYo",21.1754150633106
"Cd2",5.18000416978231,2.88321833766936,7.57467012616048,0.00591942121198934,0.161221754020007,"macrophagesBYo",36.2523891086103
"Map4k1",4.04784127946315,3.67367897029868,7.55784152533075,0.00597495121211181,0.1616671151076,"macrophagesBYo",16.5394720618558
"Pqlc1",3.49619288949101,3.46153057112428,7.52554357825979,0.00608301969687033,0.163318743633328,"macrophagesBYo",11.2838922485228
"Insig1",3.29626944451424,7.83978111863023,7.50538910843967,0.00615146491630808,0.164638068644007,"macrophagesBYo",9.82372002417615
"Zyx",2.58319001420134,7.61102642709869,7.46715086454547,0.00628349142083886,0.167038194078803,"macrophagesBYo",5.99263296227322
"Vnn3",4.97388416525596,2.52742094856524,7.45374330297915,0.0063304660124507,0.167924340040104,"macrophagesBYo",31.4259437415704
"Vat1",2.64577572506394,6.51325686439873,7.44713089357802,0.00635376501484879,0.168080607475147,"macrophagesBYo",6.25832128755478
"Rps8",2.35182391191527,11.6905962438584,7.43916697425255,0.00638194233508673,0.168080607475147,"macrophagesBYo",5.10469198431772
"Hacd4",3.32176707719291,3.90471129156195,7.4065210915815,0.00649878719029617,0.169976842753665,"macrophagesBYo",9.99888397267116
"Slc9a3r2",3.70745183059922,5.56445708923572,7.36504487493343,0.00665039404907341,0.171832304003295,"macrophagesBYo",13.0633393411385
"Plscr4",4.16520319199492,2.05218920451822,7.32490318847,0.0068005627355295,0.173847423045719,"macrophagesBYo",17.941183942002
"Tubb5",2.53987703194777,9.66444768162287,7.32382786515686,0.00680463277258644,0.173847423045719,"macrophagesBYo",5.815394373257
"Gprc5b",4.7081368357984,4.85186170439949,7.32159879479121,0.00681307760161996,0.173847423045719,"macrophagesBYo",26.1390868210111
"C3",5.24368333162729,5.20104387240473,7.2795097327768,0.00697455689532683,0.17634071108036,"macrophagesBYo",37.8883742521278
"Rassf3",3.51261657068729,3.84570141146307,7.26880439023889,0.00701624929103019,0.176990288558108,"macrophagesBYo",11.4130823540921
"Csf2ra",3.0760410197373,7.9278753533942,7.21295429788025,0.00723792604348508,0.180557389400884,"macrophagesBYo",8.43297115518486
"Lgals3",4.52647218747679,6.76650165577181,7.19178487626578,0.0073238094733288,0.181235611832722,"macrophagesBYo",23.0464428571295
"Retnla",10.8858923510419,10.3153671640778,7.17971474800957,0.00737324293679176,0.181242503878493,"macrophagesBYo",1892.25702937081
"Gm4540",3.09989161174904,7.11132234633501,7.17453094560495,0.0073945778584789,0.181363909050032,"macrophagesBYo",8.5735435542494
"Top2a",4.54526950637392,3.26681160348833,7.13460575025027,0.00756102650570744,0.18394302008061,"macrophagesBYo",23.3486868122226
"Atp2a3",4.67788506129948,4.77120259161159,7.06577800305382,0.0078570186905654,0.18811777542357,"macrophagesBYo",25.5966847519692
"Fam20a",6.14472589247661,2.93343699177897,7.03593193565176,0.00798902904696269,0.190246805136834,"macrophagesBYo",70.7533176273893
"Gpx7",3.28406015945362,4.01787611018439,6.98917358913742,0.00820042076606573,0.193332809397466,"macrophagesBYo",9.7409343315202
"Cd19",6.41618980528095,4.25701104952938,6.98797430737129,0.00820591728175297,0.193332809397466,"macrophagesBYo",85.4015177997983
"Ccl24",6.85947154866959,8.74845268361842,6.95986423328783,0.00833583580945826,0.194734631058759,"macrophagesBYo",116.119909999494
"Flot2",2.94008684765849,4.7050583700474,6.95669610006768,0.00835060957719267,0.194873982780837,"macrophagesBYo",7.67457493636748
"Acap3",4.12872062388455,6.01778305775162,6.94793733026769,0.00839159340134271,0.195255396662503,"macrophagesBYo",17.4931794591085
"Rassf4",3.35588476236968,5.68278675044413,6.90454036317006,0.00859771265905276,0.198339100267178,"macrophagesBYo",10.2381614881678
"Ggct",3.25129839047581,3.52282553781195,6.89678626769505,0.00863508378294262,0.198615556324319,"macrophagesBYo",9.52222283402391
"Ripk3",3.71542409440961,4.99123943857757,6.89646618793677,0.00863662998616802,0.198615556324319,"macrophagesBYo",13.1357265496102
"Cma1",4.64932655162878,2.85521310695294,6.87341735853823,0.00874871974808821,0.200567799986482,"macrophagesBYo",25.0949740933679
"Tnfrsf13c",5.36744304790092,3.4253102425349,6.85963223538527,0.00881646930667499,0.201454636632535,"macrophagesBYo",41.2820596878926
"Gch1",3.32919798220643,3.31792697666998,6.85775910645627,0.00882571650454249,0.201454636632535,"macrophagesBYo",10.0505181952501
"Mki67",5.18184035245296,3.72046649239575,6.80989954670768,0.00906538645051669,0.205099284826544,"macrophagesBYo",36.2985585245382
"Fxyd5",5.98437315864502,8.71350311550083,6.77513171476775,0.00924366691551296,0.207406261247722,"macrophagesBYo",63.3105120392561
"Rab7b",4.3245386826288,3.30435449027347,6.72483040790387,0.00950797709208828,0.211421449819115,"macrophagesBYo",20.0362231940925
"Foxn2",3.10254381863258,3.91901344261847,6.71374091111725,0.0095672814720441,0.211421449819115,"macrophagesBYo",8.58931939361311
"Itga6",3.67330457471763,4.95366081367957,6.70283428926673,0.00962597754898178,0.212107073024028,"macrophagesBYo",12.75777269891
"Tmem51",5.25831365112491,3.50534950411624,6.6815611972913,0.00974152671663246,0.212956319715474,"macrophagesBYo",38.2745537250333
"Fgr",4.70546153205454,6.04473860199973,6.66446862664361,0.00983539771387908,0.214389066012763,"macrophagesBYo",26.0906599556338
"Hdc",4.30124926010896,4.3004942719771,6.65685206848682,0.00987752529523763,0.214795905650194,"macrophagesBYo",19.7153751839724
"Dapk1",4.25752778404075,2.56922365608637,6.65177764064352,0.00990569482014547,0.214843104356069,"macrophagesBYo",19.1268552140369
"Mcub",4.3790089812678,3.05451672076102,6.58194925568244,0.0103018018707244,0.219987222766445,"macrophagesBYo",20.8071718761013
"Cd24a",5.32760157110131,7.02871796481358,6.55022771570581,0.010487073627695,0.222440584722432,"macrophagesBYo",40.1576118671375
"Gapt",4.56971340703774,4.34007135963054,6.5069756793806,0.0107452106781941,0.226612293454421,"macrophagesBYo",23.7476591627612
"Capn5",5.46973769331872,3.5894693220215,6.48395290682171,0.0108852641070405,0.227224955874093,"macrophagesBYo",44.3154449397222
"Acy3",5.09550988584139,4.13633568662186,6.4422050849508,0.0111440229939127,0.230954729910499,"macrophagesBYo",34.1901746168132
"Cd300lb",5.42392165175572,5.97672085224411,6.44087568412262,0.0111523657286079,0.230954729910499,"macrophagesBYo",42.9302197272946
"Hopx",3.97991369953425,3.24924789825519,6.4268695996095,0.011240652190627,0.23197476531086,"macrophagesBYo",15.7787793740503
"Epb41l1",4.10712436762839,3.14059588523072,6.37739418545236,0.0115583010224573,0.236642863976444,"macrophagesBYo",17.2332675501099
"Tmem106a",2.98451506140388,5.72307020970965,6.37665417438075,0.0115631214554326,0.236642863976444,"macrophagesBYo",7.91459244195635
"Glipr2",3.64595935334208,4.6921732902524,6.35310772432502,0.0117175855378931,0.23891994917494,"macrophagesBYo",12.5182358125836
"Smc4",3.88312862398246,3.83486591107455,6.33380088204306,0.0118458177547905,0.240095711747592,"macrophagesBYo",14.754965312071
"S1pr5",8.1119740282432,6.2113501618138,6.31842772419135,0.0119489531781054,0.241192236459147,"macrophagesBYo",276.660722361755
"Rasgrp4",4.43815204947951,3.78181036766369,6.27047513535474,0.0122766218456798,0.244240741989186,"macrophagesBYo",21.6778842094293
"Acaa2",2.86738613594816,4.00825595081758,6.20618639263776,0.0127304595970595,0.249167622697147,"macrophagesBYo",7.29741820980843
"Ckap2",3.94878488423248,2.84038831061181,6.18777083356341,0.0128636124010204,0.249167622697147,"macrophagesBYo",15.4419697222339
"Tspo",2.4176601660462,6.97361178586688,6.18586461647021,0.0128774767151126,0.249167622697147,"macrophagesBYo",5.34303758638138
"Mgst1",4.67239755985333,5.88262011374363,6.18584676597497,0.0128776066180426,0.249167622697147,"macrophagesBYo",25.4995089487578
"Pf4",6.80423386436477,12.6663380363881,6.18332906131426,0.0128959421411306,0.249167622697147,"macrophagesBYo",111.757966434238
"Tsku",4.62924199892666,2.67590029869608,6.16593630305037,0.0130233424355663,0.250971606883303,"macrophagesBYo",24.7480337072187
"Lgals3bp",2.70428848348046,7.48374668446677,6.11415222348646,0.0134103718323493,0.254384307166046,"macrophagesBYo",6.5173635961465
"Dbi",2.83324211793092,7.75180526485088,6.05330365655057,0.0138803031677981,0.260011809467568,"macrophagesBYo",7.12673913781427
"Gm9889",5.7920441702287,2.68276223296723,6.04440247671642,0.0139504535231946,0.260663752781785,"macrophagesBYo",55.408836590244
"Ninj1",2.96970758410527,7.94903922847963,6.01717732790256,0.0141672881227734,0.262498253886194,"macrophagesBYo",7.83377441355411
"Rhoc",3.0016304597987,7.01407906469011,5.9986511023446,0.0143168205402692,0.263942517343647,"macrophagesBYo",8.00904629976859
"Spib",5.03281128417416,3.07754846564501,5.94276440177448,0.0147778227062159,0.270107040274203,"macrophagesBYo",32.7361166106315
"Pla2g7",4.45471163505407,4.86719633316834,5.94039407279736,0.0147977097505914,0.270107040274203,"macrophagesBYo",21.9281414589673
"Samhd1",2.56373456656753,5.86631545675886,5.90631873630903,0.0150866667785376,0.272829347662052,"macrophagesBYo",5.91236184246656
"Lgals1",3.25930871337597,6.10107520704466,5.8975560618915,0.0151619088103348,0.273148948380323,"macrophagesBYo",9.57524043303338
"Esco2",3.58981956182897,2.18695785349712,5.88616127274858,0.0152603303563103,0.273634608820979,"macrophagesBYo",12.0404679812597
"Atp1a3",5.72357106462111,6.30051488187694,5.87118463068953,0.015390691662197,0.274507655224066,"macrophagesBYo",52.8404579410322
"Lyz2",6.54324480191193,14.0667801031558,5.86725051981814,0.0154251252481655,0.274537446391927,"macrophagesBYo",93.2637672931409
"P4ha2",4.89154469400512,2.26017546830743,5.85616438979089,0.0155225849676593,0.274944873690573,"macrophagesBYo",29.6825821219384
"Anxa2",4.86749187780786,6.32136674884806,5.84773799990667,0.0155970867514052,0.275822821903547,"macrophagesBYo",29.1918123651347
"Cytip",4.13513753127574,4.56526616190896,5.78073141129887,0.0162027976258435,0.282692816937331,"macrophagesBYo",17.5711599891751
"Pdlim7",4.50026654814655,3.87693080783538,5.77002254567991,0.0163018253811217,0.283526165807041,"macrophagesBYo",22.6315979600494
"H2-Q7",2.7113805215905,5.61871701587101,5.75674857584747,0.0164254400266106,0.284251219782241,"macrophagesBYo",6.54948069937268
"Cdkn1a",3.43383409242667,5.8429444502964,5.74889973115749,0.0164989871616724,0.284495006217988,"macrophagesBYo",10.8065498692416
"Fasn",3.11204477107996,7.73973507100872,5.70660114562294,0.0169012318545612,0.287902276792081,"macrophagesBYo",8.64607152523832
"Ier5l",2.78441276529414,4.69848307150385,5.70574053986032,0.0169095201014715,0.287902276792081,"macrophagesBYo",6.88956437804118
"Gstm1",3.04710642992469,6.34366725873568,5.68496025758709,0.0171109270636068,0.289850719317132,"macrophagesBYo",8.26552483999276
"Gsr",3.0294113411636,5.59921139754663,5.67684172284341,0.0171902844880043,0.290527626988632,"macrophagesBYo",8.16476487964802
"Ftl1",3.06733654991171,10.7881607604648,5.63988262357156,0.0175563824253275,0.293797162175129,"macrophagesBYo",8.38224418711655
"Klra2",4.49009768879927,4.14757075009595,5.62858828766344,0.0176698561791958,0.294804093704637,"macrophagesBYo",22.4726396437516
"Adap1",3.82900094757522,4.08253980509228,5.56233073741981,0.018350967075684,0.301842709751194,"macrophagesBYo",14.2116380678086
"Arhgef39",3.22149403248427,3.40228994483138,5.52183819544181,0.0187805143865478,0.305653041088176,"macrophagesBYo",9.32752312937435
"Ifitm3",5.1192101321487,11.8377211827873,5.45551889209448,0.0195066100613506,0.314766399990707,"macrophagesBYo",34.7564814022884
"Cotl1",2.74454815471519,7.26631033825548,5.45065114140298,0.0195610346367982,0.315243498700641,"macrophagesBYo",6.701797777149
"Stxbp2",2.62079118374148,5.68208564978419,5.41019622010459,0.020019465590051,0.318626357732876,"macrophagesBYo",6.15087298082742
"Id2",3.5075476926889,9.34005458922492,5.40079838056863,0.0201275422780872,0.318929152083954,"macrophagesBYo",11.3730530968458
"Esyt1",2.85914282131857,5.5170141558606,5.37945236123985,0.0203752729138227,0.320531358393049,"macrophagesBYo",7.25584089654696
"Srxn1",3.02605780612096,5.86242660291744,5.3785799873954,0.0203854640536554,0.320531358393049,"macrophagesBYo",8.14580797903222
"Plaur",4.15871972349274,6.56883180770835,5.35628414649163,0.0206477233556299,0.323047796178643,"macrophagesBYo",17.8607371979601
"Slc7a4",3.45486139593731,4.13571503129977,5.26532710129792,0.0217543341944213,0.332599264259283,"macrophagesBYo",10.9652089285466
"Apoe",3.32893478590002,12.4149373653493,5.26410342102156,0.0217696335168991,0.332603316501629,"macrophagesBYo",10.0486848084885
"Cd44",4.68643979939841,4.75872736629933,5.26206832689303,0.021795102393576,0.332762629574245,"macrophagesBYo",25.748916120522
"Aspa",5.2439846714306,3.52518061277254,5.22779782450034,0.0222286589254542,0.337322352324154,"macrophagesBYo",37.8962889308256
"Slc7a2",5.33566023985683,3.1192993289367,5.21394497919855,0.0224064381584556,0.338496197116606,"macrophagesBYo",40.3825536634025
"Capg",3.90551313449208,5.89104992075796,5.20560633745728,0.0225141610320245,0.339295390814734,"macrophagesBYo",14.9856850855702
"Ywhag",2.38393683535986,6.26281667939453,5.19474359009966,0.0226552970692441,0.340722730838128,"macrophagesBYo",5.21959125956129
"Fas",3.35445126941016,2.72998510304641,5.16946200710307,0.0229873339481512,0.344311976259274,"macrophagesBYo",10.2279936820481
"Slfn1",4.44576304633499,6.31145356187246,5.16108542101536,0.0230984574687334,0.344818293626169,"macrophagesBYo",21.7925489700057
"Gbp3",3.22537849940495,4.69847115875135,5.14592691432154,0.0233009677143552,0.346429642973575,"macrophagesBYo",9.35267139418585
"Tppp3",4.33776807671749,7.73924132904672,5.14151951645824,0.0233601931623662,0.346611370443345,"macrophagesBYo",20.2207986796358
"Fpr1",3.57541497356879,4.16256732598371,5.10995988295531,0.0237888702662807,0.350620371019939,"macrophagesBYo",11.9208480979252
"Svip",3.11763637694084,4.75361039378758,5.05827259167333,0.0245086548368106,0.355078566440577,"macrophagesBYo",8.67964704379007
"Vim",4.84073403504953,9.06664057956638,4.95252241163262,0.0260526306767033,0.368989979808391,"macrophagesBYo",28.6553782551286
"Ifi207",3.35298071784239,5.1117680640141,4.94305816754119,0.0261956490931132,0.370541141232061,"macrophagesBYo",10.2175735109676
"Sell",4.19686055491909,5.53142346110025,4.91171866035173,0.0266750864012458,0.373975244901622,"macrophagesBYo",18.3392222907634
"Itpripl2",2.78056945058561,5.35866527682288,4.90814057355755,0.0267304017586419,0.374513412353664,"macrophagesBYo",6.87123512260413
"Dhrs3",2.69457697722981,5.09765381981867,4.86453765776004,0.027414143259007,0.380361645423329,"macrophagesBYo",6.47363927271388
"Stx11",3.74680911785047,4.52904760972503,4.81078651074231,0.0282821342401259,0.387275876942681,"macrophagesBYo",13.4246178727402
"Stmn1",3.37639371868326,6.65393630280065,4.78751765967154,0.0286667117688401,0.389759824223284,"macrophagesBYo",10.3847437972922
"Clec4a1",3.23149808069561,4.46489244228129,4.7850120377073,0.0287084470253931,0.389759824223284,"macrophagesBYo",9.39242753857951
"Cd163",3.51492825331307,2.67682232709094,4.78449272281823,0.0287171049805159,0.389759824223284,"macrophagesBYo",11.4313846094473
"Steap3",4.06009782386031,2.01351285934321,4.76177816384758,0.0290984718158162,0.392049629708466,"macrophagesBYo",16.6805831842901
"Emp3",3.48965895441001,7.80471214568466,4.72503227100897,0.0297266254826339,0.39616996117609,"macrophagesBYo",11.2329032922127
"E2f8",3.9404999974805,2.62761885597968,4.68046298032025,0.0305075252745886,0.402455564489996,"macrophagesBYo",15.353546094018
"Tspan17",3.39255617143549,4.78331808050185,4.57869290626608,0.0323718992527386,0.414926724894749,"macrophagesBYo",10.5017377673477
"S100a6",3.91895323667628,7.41499666446861,4.57305695997551,0.0324785592207295,0.415571524372585,"macrophagesBYo",15.1259435697578
"Zbp1",3.13884389753942,4.56518619572154,4.56249571680613,0.0326794192222902,0.417176452080049,"macrophagesBYo",8.80817967073585
"Gm36161",4.47801896320532,4.89874560087887,4.45975368655454,0.034702501170746,0.431790457480547,"macrophagesBYo",22.2852766129693
"Myo1c",2.70875832541237,5.02450336565155,4.44858964729664,0.034930083091972,0.433160441840637,"macrophagesBYo",6.53758738529911
"Ackr3",3.27670286681116,3.69144437475882,4.42653514873383,0.0353842694791779,0.435431001632577,"macrophagesBYo",9.69138506897607
"Cxcl1",4.26275134672286,5.76355327190398,4.41516752997525,0.0356207807698535,0.436527340446096,"macrophagesBYo",19.1962332983347
"Kctd12b",3.49640558697937,3.8712849669258,4.3310815408149,0.0374224600550707,0.450924337580789,"macrophagesBYo",11.2855559628919
"Plekhg3",4.35767385704613,3.34998005164491,4.28514417641581,0.0384468216905355,0.457289804440708,"macrophagesBYo",20.5017315372955
"Scd1",3.92647166626971,6.85136440455774,4.2600727822628,0.0390182496687086,0.460619390299275,"macrophagesBYo",15.2049763394271
"Adssl1",3.6399080966749,4.992957849953,4.2203548026411,0.0399418079452661,0.466050958424642,"macrophagesBYo",12.4658391437738
"Klf2",2.91560985075464,10.2488277777386,4.03703374123386,0.0445119944938794,0.492661388721431,"macrophagesBYo",7.54546520466279
"Ifitm6",4.04464542802229,8.77548425359074,3.99463217499581,0.0456454142938743,0.499413204957162,"macrophagesBYo",16.5028744495631
"Ccna2",2.94624688153261,3.54478538821541,3.97583455789469,0.0461575750034739,0.50302661665116,"macrophagesBYo",7.70741397236867
"Cd93",5.44236364773938,7.09358757097327,3.88995221620959,0.0485758056214762,0.518149733733808,"macrophagesBYo",43.4825199894455
"Adora2b",4.17769760477582,3.37036046585554,3.86060795898784,0.0494324132612953,0.523228341226414,"macrophagesBYo",18.0972377473582
"Plekho2",2.7926984393507,5.64306997804085,3.85333073348686,0.0496473066057746,0.523764392236227,"macrophagesBYo",6.92924630777278
"Cxcl14",3.36646977538945,5.74408698712817,3.85255153253397,0.049670374493134,0.523764392236227,"macrophagesBYo",10.3135548328478
"Srgn",3.29606019285576,6.69663022941682,3.83613680116376,0.0501589661947001,0.525161764848723,"macrophagesBYo",9.82229527356714
"Ccr2",3.08746921087726,7.47085704660096,3.83235609699511,0.0502722184407962,0.525268965487642,"macrophagesBYo",8.50003752833883
"H2-D1",3.11107920121516,11.5077192198049,3.82395313183013,0.0505249009804212,0.525681050651058,"macrophagesBYo",8.6402868009633
"Pim1",2.48631336466173,5.60555768048572,3.78017425287464,0.0518632592857389,0.530208357291313,"macrophagesBYo",5.60344226291967
"Cgnl1",4.36208685094855,1.98648144592636,3.77500210024989,0.0520238355881161,0.530816405037231,"macrophagesBYo",20.5645393575951
"P2ry1",4.17385677661826,4.21575761854115,3.75864030559013,0.0525352827576046,0.533871410402612,"macrophagesBYo",18.0491222858521
"Mapk12",3.05972182656275,2.6950361131536,3.72192876175806,0.0537023035431328,0.539780127798604,"macrophagesBYo",8.33811821634409
"Mfge8",2.83854817428242,7.23070739063196,3.72014356019171,0.053759748600733,0.540112133648508,"macrophagesBYo",7.15299867498694
"Cdkn2b",3.95701144762724,3.5532552656846,3.7076358355487,0.0541640583545803,0.54146925575164,"macrophagesBYo",15.5302747468541
"Ccm2l",4.01630531572785,2.56708102116799,3.69232094656639,0.0546635015411918,0.545968688305095,"macrophagesBYo",16.1818574773233
"Myo1g",3.76153510426832,6.20638480661486,3.67319221285758,0.0552941862046004,0.550215318017072,"macrophagesBYo",13.5623483829497
"H2-K1",2.84887065492939,10.7028560683324,3.57558475931375,0.058634801339345,0.565958861269778,"macrophagesBYo",7.20436190152973
"Cebpb",3.08156695592929,10.2405753571069,3.56488075252392,0.0590139791501305,0.567884410934466,"macrophagesBYo",8.46533379527799
"Ucp2",3.05212417123754,8.7861836170397,3.4962837183165,0.0615067050019361,0.577062270889666,"macrophagesBYo",8.29432266102313
"Rpl36-ps8",5.40033938190384,1.60154076078809,3.46042689268825,0.0628540855692024,0.583940978795884,"macrophagesBYo",42.2341872144217
"Fgd6",3.69916236339725,2.21564639037918,3.44889073949975,0.0632942348235725,0.586127399331057,"macrophagesBYo",12.9884949610921
"Ccr1",4.26895032080615,6.97088389406075,3.44173411510673,0.0635689384051834,0.586728829539525,"macrophagesBYo",19.2788931599324
"Spn",3.16341816001032,4.51612293242254,3.36480920838949,0.0666032985093862,0.599944940115289,"macrophagesBYo",8.95949961191881
"Gimap4",4.79640887852348,3.62382805831286,3.30805323549184,0.0689411178707096,0.612156401076239,"macrophagesBYo",27.7883617501679
"Irf4",3.48956783806395,3.67037611672794,3.28031651848141,0.070115405633563,0.615540920171156,"macrophagesBYo",11.2321938777109
"Tcn2",2.36434740349413,7.77583394839819,3.26744530181833,0.0706675916930009,0.615988625305067,"macrophagesBYo",5.14919677553512
"Cd40",4.29209238024798,3.63687894313568,3.21974455886767,0.0727549826057341,0.62701927549149,"macrophagesBYo",19.5906366876042
"Plk2",2.95655018497466,7.55496616137166,3.20203607031154,0.0735466551219587,0.630844242361411,"macrophagesBYo",7.76265507797624
"Adora2a",3.80681337165878,2.84263308839562,3.13388688031247,0.0766807149302157,0.645708289136169,"macrophagesBYo",13.9947457483677
"Itgb2",3.4577420545852,7.69617890654945,3.12912004816008,0.0769052407755633,0.64665369510821,"macrophagesBYo",10.9871252582332
"Epha2",3.39683920268273,4.39088297968505,3.05206281003559,0.0806346667196172,0.663646105594528,"macrophagesBYo",10.5329613471274
"Cxcl12",2.72971353657621,6.03450502193806,2.99438430290872,0.0835536676816346,0.676044256086986,"macrophagesBYo",6.6332391310624
"Pdlim2",2.79640490767466,5.4654702493509,2.98910405588963,0.0838265361398664,0.677069901066909,"macrophagesBYo",6.94707131651699
"Scarf1",3.69158124481543,3.29936832851427,2.85816041021241,0.0909114130791206,0.704459962013795,"macrophagesBYo",12.9204216290811
"Clec10a",3.06262345387413,3.45618040204951,2.55720384433443,0.109792616927674,0.772029022982715,"macrophagesBYo",8.35490517230963
"Sox7",3.7922146096625,5.22492432293875,2.51800409484107,0.112552962168372,0.783144242564007,"macrophagesBYo",13.8538457388601
"Thbd",2.70975891214373,5.62694452016049,2.51790200800452,0.112560249850813,0.783144242564007,"macrophagesBYo",6.54212312705091
"Hp",3.10578851218992,8.33052943634727,2.48991005561197,0.114578272467848,0.791387799502403,"macrophagesBYo",8.60865894369374
"AI467606",2.43588873778636,8.34806064604549,2.47972213700605,0.115322624747255,0.793309212463783,"macrophagesBYo",5.41097560777422
"Rac2",2.98667561986999,7.4673315776423,2.44671929756709,0.117770783011716,0.798725638432921,"macrophagesBYo",7.92645409665273
"Stard4",2.54317973323973,4.81254518756815,2.41502840959479,0.120175789767172,0.804207753039985,"macrophagesBYo",5.82872256187631
"Gm9115",3.00119418888471,4.13178533226541,2.40533642857549,0.120922125436561,0.805307618795819,"macrophagesBYo",8.00662473069568
"Slfn5",3.26140184202649,5.02696164880867,2.36153683422815,0.124359621466556,0.814475831742063,"macrophagesBYo",9.58914271704616
"Trib2",3.11757971967608,4.73304404743959,2.34227994557609,0.125905159085929,0.818753625649032,"macrophagesBYo",8.67930618491798
"Gm44221",4.75731655331267,1.45775900876897,2.28269949966681,0.130823992385264,0.83143326157403,"macrophagesBYo",27.0454979202462
"Arhgap29",2.86047752653352,3.35220076732273,2.27401717273735,0.131558500835569,0.833787132205912,"macrophagesBYo",7.26255672320623
"Tpbg",2.91318527993419,4.05338323501235,2.25276115277951,0.133376228153531,0.838025891178185,"macrophagesBYo",7.53279506293937
"Gal",2.72673920551477,2.69602622175582,2.23821792487063,0.134636069560781,0.840735541346697,"macrophagesBYo",6.61957780625391
"S100a11",2.52327936394957,6.63793708415489,2.22041555655373,0.136196396350795,0.843485010044379,"macrophagesBYo",5.74887381224674
"Ptges",2.91004119387769,2.37570922755613,2.19574333291177,0.13839243305586,0.852095286928978,"macrophagesBYo",7.51639660947866
"Net1",2.54581676865267,2.36056207373312,2.14762082771787,0.142791009934729,0.863395757586232,"macrophagesBYo",5.83938635671217
"Angptl4",2.86010025967774,5.33135087346202,2.09087704076634,0.148180980336096,0.877464622049101,"macrophagesBYo",7.26065780233477
"Anxa1",2.95530723913135,6.60287904425144,2.08539621466395,0.14871363273232,0.878577242385399,"macrophagesBYo",7.75597008603346
"Slc43a3",2.92817877599918,2.04659564623227,2.04489857815444,0.152717161759783,0.888726265221565,"macrophagesBYo",7.61148935336193
"Spag5",2.90420879283996,2.67455469732968,2.01791631609217,0.15545233166958,0.893033480531323,"macrophagesBYo",7.48607131970267
"Tnfaip8l1",2.47008326694876,2.42884742714846,2.00843447185736,0.15642666532698,0.896003509202657,"macrophagesBYo",5.54075765497356
"Ifi27l2a",2.33798021464598,9.36067726836394,2.00688772451748,0.156586262870705,0.896003509202657,"macrophagesBYo",5.05594305531186
"Mill2",2.75223362376157,1.72719743194761,1.88532669462245,0.169729967169175,0.926687083831112,"macrophagesBYo",6.73759459730324
"Gm11736",3.85896497374789,1.48822560379583,1.86415613298139,0.172145888313225,0.931600657327174,"macrophagesBYo",14.5098929824241
"Gm11205",3.22712406363982,1.33463349483382,1.8560146726694,0.173085469695649,0.933957925428243,"macrophagesBYo",9.36399434789535
"Prss35",2.74012702224799,2.00162003936933,1.85462763586585,0.173246130766869,0.934114931082895,"macrophagesBYo",6.68129158460419
"Six5",2.52691682297829,3.51279703464868,1.83610682725639,0.175407937201696,0.939277377417314,"macrophagesBYo",5.76338670394792
"Sh3pxd2b",2.58734647927987,3.00845352121995,1.82096787284524,0.177198111385039,0.942571247456411,"macrophagesBYo",6.00992288436629
"Rpl31-ps17",3.38391745162491,1.31736686876554,1.81674384148813,0.177701355574865,0.943612588596792,"macrophagesBYo",10.4390422614922
"Rai14",2.70682663028667,1.71949783486825,1.80053625924161,0.179647677270173,0.947400611262943,"macrophagesBYo",6.52883974663855
"Gm7891",2.51491838137407,1.08970990401701,1.66499309861519,0.196930511957261,0.983529135851522,"macrophagesBYo",5.71565319405153
"Micall2",2.50366095126254,1.98164319133657,1.65194315990706,0.198694662871233,0.98784524926355,"macrophagesBYo",5.67122718715705
"Gm24859",4.14343814602395,1.6225357229748,1.62756625128449,0.202040000909292,0.992171129881522,"macrophagesBYo",17.6725478868503
"Gm22656",3.51507921587264,1.39070265730561,1.60991195194676,0.204504179384851,0.996471810791513,"macrophagesBYo",11.4325808438024
"Hhipl1",2.58593689726662,2.07581467163633,1.59973957790577,0.205940120240788,0.998120538160149,"macrophagesBYo",6.00405377011392
"Arhgef5",2.80925588435603,2.30890229174786,1.59611285883931,0.206454946338695,0.999431680054912,"macrophagesBYo",7.00922960594687
"Tyms-ps",2.4180830233199,2.33687202728605,1.59358450426696,0.206814754832233,1,"macrophagesBYo",5.34460387266129
"She",2.56347320068211,2.62484819260951,1.57156689739481,0.209979608079799,1,"macrophagesBYo",5.91129082629453
"Gm13033",2.49795411467572,2.50983334119279,1.5560182064721,0.212249185084499,1,"macrophagesBYo",5.64883795179133
"Gm38910",2.47955215569259,1.79831105106632,1.5492720784081,0.213242933984853,1,"macrophagesBYo",5.57724309759428
"Kcnn3",2.70328080600737,1.99716161505655,1.52161664643437,0.217375010292068,1,"macrophagesBYo",6.51281301042639
"Gm14997",3.5900635882215,1.18829704801512,1.4928269631952,0.221778358083391,1,"macrophagesBYo",12.042504752988
"Gm48242",2.99434037490139,1.19673790604554,1.4389803239957,0.230304417461617,1,"macrophagesBYo",7.96867785238776
"Sorcs2",2.54746808870066,1.68620279286753,1.41029320583223,0.235007725508763,1,"macrophagesBYo",5.84607399071941
"Cldn10",2.45166148303441,2.0717722580267,1.37416620966656,0.241097359019254,1,"macrophagesBYo",5.47045746548523
"Ccl9",2.42143166658996,9.04750811490227,1.32130061805486,0.250358763766836,1,"macrophagesBYo",5.35702365504595
"Gm25414",4.42479545909017,1.52980181449398,1.28598632583847,0.256788939308042,1,"macrophagesBYo",21.4781147269071
"Gm26063",4.14343606939495,1.33665266376931,1.27044646222733,0.259682940605213,1,"macrophagesBYo",17.6725224488347
"Gm27460",4.23569573654079,1.41983330311304,1.23094884497433,0.267222589657207,1,"macrophagesBYo",18.8395909568567
"Gm24221",2.74407380604421,1.18962805924179,0.967573300506245,0.325286137299764,1,"macrophagesBYo",6.69959463218725
"Ighv11-1",2.51918060026034,1.14202494048207,0.778479662953432,0.377606516536303,1,"macrophagesBYo",5.73256417364354
"Gm12851",2.63335709671436,1.149125149347,0.712459097833113,0.398628657809979,1,"macrophagesBYo",6.20468124702795
